FoodName,FoodID,Energy (kcal),Protein,Protein from Amino Acids,Carbohydrates,Dietary fibre,Fat,Alcohol,Salt,Vitamin A,beta-Carotene,Vitamin D,Vitamin D3,Vitamin E,Vitamin K,Thiamin (Vitamin B1),Riboflavin (Vitamin B2),Niacin equivalent,Niacin,Vitamin B6,Pantothenic acid,Biotin,Folate,"Folate, free",Vitamin B12,Vitamin C,Ascorbic acid,Sodium,Potassium,Calcium,Magnesium,Iron,Copper,Zinc,Sum sugars,Starch/Glycogen,Sum saturated fatty acids,Sum monounsaturated fatty acids,Sum polyunsaturated fatty acids,Sum trans fatty acids,Sum n-3 fatty acids,Sum n-6 fatty acids,Cholesterol,Isoleucine,Leucine,Lysine,Methionine,Cystine,Phenylalanine,Tyrosine,Threonine,Tryptophan,Valine,Arginine,Histidine,Glycine,Proline
"Strawberry, raw",1,38,0.7,0.5,6.9,1.5,0.6,0.0,0.0,6.67,40.00,0.00,0.00,0.41,20.00,0.01,0.01,0.57,0.43,0.05,0.13,0.7,117.0,15.0,0.0,66.9,64.8,1,179,19,12,0.25,0.04,0.10,6.1,0,0.050,0.083,0.348,0.000,0.166,0.182,0.0,24.3,39.1,34.8,10.1,3.7,22.2,10.6,22.2,8.2,28.5,40.1,11.6,25.3,23.2
"Apple, raw, all varieties",2,55,0.3,0.2,12.1,2.2,0.2,0.0,0.0,4.17,25.00,0.00,0.00,0.25,3.00,0.01,0.01,0.17,0.12,0.05,0.07,1.0,9.0,3.0,0.0,8.3,7.8,1,118,4,4,0.12,0.03,0.02,10.9,0,0.045,0.007,0.131,0.000,0.028,0.103,0.0,8.6,13.8,12.9,2.6,0.9,6.9,4.3,7.8,2.6,10.3,6.0,4.3,7.8,8.2
"Banana, raw",3,93,1.1,0.7,21.0,1.6,0.2,0.0,0.0,8.83,53.00,0.00,0.00,0.27,0.50,0.04,0.01,0.77,0.60,0.31,0.26,1.6,38.0,12.0,0.0,11.2,8.1,0,348,7,28,0.25,0.11,0.17,15.4,4.325,0.082,0.043,0.025,0.000,0.000,0.025,0.0,34.7,89.4,51.1,10.2,3.1,34.7,20.1,32.9,10.2,52.9,49.3,84.0,36.5,38.3
"Potato, raw",4,77,2.0,1.5,15.9,1.4,0.3,0.0,0.0,1.67,10.00,0.00,0.00,0.10,16.00,0.06,0.06,2.11,1.60,0.20,0.38,0.5,36.0,10.0,0.0,26.4,23.4,7,414,7,20,1.04,0.05,0.30,1.2,16.65,0.056,0.014,0.162,0.000,0.093,0.070,0.0,74.6,110.3,116.7,27.6,16.5,81.1,38.9,68.1,30.8,120.0,84.3,35.7,58.4,71.3
"Milk, whole, konventional (not organic), 3.5 % fat",6,63,3.4,3.1,4.4,0.0,3.5,0.0,0.1,33.07,16.00,0.04,0.01,0.06,1.26,0.04,0.17,0.86,0.09,0.05,0.36,1.6,11.0,4.0,0.4,1.2,1.2,44,144,116,11,0.02,0.01,0.41,4.6,0,2.240,0.782,0.073,0.131,0.014,0.048,14.0,198.4,327.2,305.7,85.8,26.3,171.6,144.8,144.8,46.1,236.0,118.0,96.5,69.7,332.5
"Parsley, raw",8,48,3.7,2.7,3.7,4.1,1.2,0.0,0.2,948.33,5690.00,0.00,0.00,2.70,790.00,0.12,0.30,2.64,1.70,0.20,0.30,0.4,116.0,41.0,0.0,308.0,308.0,64,641,185,29,3.60,0.09,0.46,0.8,0.43,0.162,0.027,0.731,0.000,0.457,0.274,0.0,148.5,255.4,225.7,52.3,17.8,178.2,101.0,154.4,56.4,213.8,154.4,77.2,178.2,267.3
"Pear, raw",9,49,0.3,0.2,11.1,3.2,0.1,0.0,0.0,10.83,65.00,0.00,0.00,0.58,,0.01,0.01,0.28,0.23,0.01,0.05,0.4,16.0,4.0,0.0,6.1,5.3,1,122,10,6,0.10,0.07,0.11,8.3,0,0.012,0.008,0.033,0.000,0.008,0.025,0.0,12.3,20.1,20.1,3.1,1.5,12.3,4.6,10.8,3.1,15.2,9.3,6.4,12.3,27.5
"Rhubarb, raw",10,26,0.9,0.4,3.0,3.8,0.3,0.0,0.0,19.67,118.00,0.00,0.00,0.35,,0.03,0.03,0.43,0.25,0.04,0.09,,7.0,9.0,0.0,13.0,13.0,3,280,115,12,0.30,0.06,0.23,1.6,0.22,0.064,0.016,0.160,0.000,0.039,0.121,0.0,27.4,38.9,40.3,10.8,1.2,25.9,17.3,21.6,10.8,41.8,33.1,18.7,27.4,24.5
"Currant, black, raw",11,75,1.5,,11.4,5.8,1.3,0.0,0.0,21.67,130.00,0.00,0.00,2.10,,0.03,0.03,0.52,0.30,0.08,0.40,2.4,8.2,15.0,0.0,181.0,181.0,3,337,59,22,0.80,0.10,0.29,9.8,0,0.244,0.083,0.733,0.000,0.244,0.489,0.0,,,,,,,,,13.4,,,,,
"Yogurt plain, whole milk",12,62,3.8,3.4,2.8,0.0,3.6,0.0,0.1,31.24,16.00,0.10,0.10,0.02,1.01,0.04,0.17,0.96,0.10,0.04,0.28,1.8,21.0,,0.2,0.2,0.2,46,146,132,12,0.05,0.01,0.49,3.6,0,2.311,0.963,0.102,,0.027,0.074,15.0,201.9,362.2,338.5,95.0,24.9,166.3,172.2,160.3,51.7,255.3,130.6,100.9,77.2,356.3
"Celery, raw",13,23,0.7,0.5,3.9,1.6,0.2,0.0,0.2,2.83,17.00,0.00,0.00,0.20,,0.04,0.08,0.59,0.45,0.09,0.40,0.1,28.0,6.0,0.0,9.0,9.0,62,318,57,8,0.40,0.11,0.10,1.8,0.1,0.036,0.027,0.069,0.000,0.000,0.069,0.0,28.7,51.4,15.5,13.1,3.6,33.5,9.6,25.1,8.4,35.8,29.9,10.8,22.7,19.1
"Cauliflower, all varieties, raw",14,28,2.4,1.6,2.5,2.2,0.4,0.0,0.0,6.67,40.00,0.00,0.00,0.20,16.00,0.06,0.07,1.06,0.60,0.15,0.60,1.5,165.2,32.0,0.0,76.8,68.1,17,286,24,13,0.40,0.04,0.26,1.9,0.01,0.076,0.026,0.217,0.000,0.187,0.030,0.0,85.5,128.3,116.7,29.9,14.4,81.7,50.6,81.7,27.6,140.0,93.3,42.8,85.5,105.0
"Broccoli, raw",17,35,3.6,,3.1,3.2,0.2,0.0,0.0,88.83,533.00,0.00,0.00,1.45,260.00,0.09,0.11,1.23,0.57,0.22,0.69,7.4,239.0,,0.0,116.7,111.5,12,389,44,21,0.70,0.05,0.42,2.1,0,0.039,0.011,0.017,0.000,,,0.0,136.5,187.7,182.0,51.2,39.8,130.8,,153.6,39.8,170.6,221.8,79.6,,
"Beans, wax, raw",20,35,2.1,1.5,5.3,1.8,0.2,0.0,0.0,9.17,55.00,0.00,0.00,0.45,,0.08,0.13,1.05,0.60,0.10,0.05,0.7,100.0,8.0,0.0,21.0,21.0,6,209,45,27,1.10,0.07,0.40,2.5,1,0.030,0.000,0.050,0.000,0.030,0.020,0.0,80.6,117.6,110.9,28.2,7.4,57.1,47.0,90.7,26.9,104.2,77.3,32.9,63.8,60.5
"Lemon, raw",21,44,0.5,0.3,3.9,1.2,1.1,0.0,0.0,3.33,20.00,0.00,0.00,0.80,,0.05,0.03,0.24,0.20,0.06,0.23,0.5,32.0,7.0,0.0,49.0,49.0,3,175,35,9,0.08,0.05,0.13,3.1,0,0.243,0.070,0.567,0.000,0.166,0.401,0.0,13.6,12.4,24.8,6.9,6.2,17.6,10.0,6.9,2.5,18.0,30.0,6.9,48.0,26.4
"Dill, raw",22,48,3.5,,4.9,2.1,1.1,0.0,0.1,997.06,5982.35,0.00,0.00,1.70,,0.19,0.43,3.51,2.40,0.30,0.30,0.4,116.0,41.0,0.0,70.0,70.0,27,647,202,28,5.50,0.22,1.80,4.9,0,0.056,0.751,0.089,0.000,0.012,0.077,0.0,,,,,,,,,66.5,,,,,
"Kale, raw",23,60,4.7,3.1,4.7,6.2,1.2,0.0,0.1,841.67,5050.00,0.00,0.00,5.40,,0.15,0.29,3.98,2.80,0.35,1.00,36.0,60.0,44.0,0.0,169.0,169.0,35,264,219,20,2.00,0.09,0.62,1.9,0.08,0.148,0.033,0.739,0.000,0.543,0.197,0.0,178.8,298.0,253.3,54.4,22.3,201.1,111.7,178.8,70.8,253.3,216.0,89.4,201.1,268.2
"Carrot, raw",24,36,0.7,0.4,6.0,2.9,0.4,0.0,0.2,1631.67,9790.00,0.00,0.00,0.55,13.20,0.04,0.03,1.10,1.00,0.12,0.28,3.4,63.0,15.0,0.0,7.0,5.0,66,286,25,10,0.24,0.04,0.19,6.2,0,0.079,0.006,0.235,0.000,0.029,0.206,0.0,19.8,26.4,24.2,5.9,0.9,17.6,9.3,17.6,5.9,29.7,22.0,8.5,18.7,16.5
"Garfish, raw",25,107,19.5,16.2,0.0,0.0,3.2,0.0,0.2,3.10,0.00,5.16,5.16,0.76,0.00,0.00,0.10,10.81,7.10,0.41,0.48,4.2,1.0,1.0,7.7,0.4,0.4,62,301,79,23,0.61,0.06,2.72,0.0,0,0.640,0.876,1.044,,0.929,0.115,85.0,967.3,1450.9,1773.3,580.4,164.4,773.8,709.3,870.5,222.5,1096.2,1257.4,677.1,1096.2,709.3
"Cabbage, white, raw",26,32,1.2,0.8,5.1,2.3,0.2,0.0,0.0,5.83,35.00,0.00,0.00,0.02,76.00,0.05,0.04,0.55,0.40,0.16,0.21,1.2,77.0,,0.0,45.8,45.8,6,240,51,11,0.31,0.02,0.15,4.4,0.03,0.041,0.004,0.115,0.000,0.084,0.031,0.0,27.4,35.3,35.3,9.0,5.1,21.6,12.2,23.5,9.0,45.1,66.6,21.6,27.4,56.8
"Rose hip, raw",27,79,0.6,,15.0,6.1,0.5,0.0,0.1,1900.00,11400.00,0.00,0.00,,,0.06,0.07,0.54,0.50,0.05,,,,,0.0,840.0,840.0,24,410,184,28,0.20,0.18,0.92,14.0,0.1,0.040,0.100,0.280,0.000,0.110,0.170,0.0,,,,,,,,,2.5,,,,,
"Elderberry, raw",28,67,0.7,0.6,11.6,6.8,0.5,0.0,0.0,54.22,325.33,0.00,0.00,1.00,,0.07,0.06,1.97,1.70,0.18,0.14,1.8,12.0,17.0,0.0,29.0,29.0,8,321,47,32,0.90,0.06,0.21,6.5,0,0.033,0.029,0.288,0.000,0.131,0.157,0.0,27.6,60.4,26.5,13.8,14.8,40.3,50.9,27.6,15.9,32.9,47.7,14.8,36.0,25.4
"Salmon, Atlantic, wild, raw",30,159,18.4,15.6,4.5,0.0,7.5,0.0,0.1,15.00,0.00,30.00,30.00,1.30,0.00,0.23,0.10,9.24,6.00,0.98,2.00,5.0,26.0,4.0,6.2,1.0,1.0,57,330,20,24,0.80,0.17,1.04,0.0,0,1.409,2.110,1.926,,1.675,0.251,70.0,912.6,1442.6,1648.6,559.4,117.8,736.0,618.2,824.3,194.3,1059.8,2060.8,412.2,883.2,647.7
"Sweetcorn, on-the-cob, raw",31,91,3.7,3.2,13.5,2.8,1.8,0.0,0.0,7.83,47.00,0.00,0.00,0.80,0.30,0.15,0.08,2.19,1.80,0.16,0.54,0.5,33.0,27.0,0.0,6.8,6.8,3,306,4,39,0.60,0.24,1.40,1.7,22,0.284,0.516,0.892,0.000,0.030,0.862,0.0,136.2,467.7,100.6,71.0,59.2,189.4,142.1,136.2,23.7,177.6,153.9,100.6,136.2,331.5
"Milk, buttermilk",32,36,3.4,3.0,3.8,0.0,0.5,0.0,0.1,4.33,2.00,0.08,0.08,0.01,0.00,0.04,0.16,0.89,0.09,0.04,0.34,1.5,2.9,2.0,0.2,0.3,0.3,44,156,121,12,0.02,0.01,0.41,3.7,0,0.325,0.135,0.014,,0.004,0.010,2.0,191.8,309.1,282.4,85.3,21.8,170.5,149.2,143.9,48.0,229.1,111.9,95.9,63.9,330.4
"Milk, partly skimmed, konventional (not organic), 1.5 % fat",33,48,3.5,3.2,4.6,0.0,1.6,0.0,0.1,14.70,7.00,0.02,0.00,0.03,0.00,0.05,0.17,0.88,0.09,0.05,0.38,2.1,11.5,,0.4,1.3,1.3,43,153,121,12,0.03,0.01,0.41,4.7,0,0.990,0.375,0.050,0.076,0.011,0.027,7.0,203.5,335.5,313.5,88.0,27.0,176.0,148.5,148.5,47.3,242.0,121.0,99.0,71.5,341.0
"Mackerel, raw",34,187,17.8,14.9,0.0,0.0,12.9,0.0,0.3,31.87,1.00,8.07,8.07,0.51,0.00,0.14,0.30,11.81,8.55,0.51,0.43,5.4,8.0,3.0,11.4,0.2,0.2,105,315,15,24,0.78,0.08,0.94,0.0,0,2.985,5.074,3.553,,3.269,0.284,65.5,917.3,1390.8,1627.5,532.7,145.0,739.8,651.0,799.0,195.3,1094.9,1065.3,858.2,858.2,621.4
"Almond, raw",35,606,21.2,20.5,7.8,10.6,52.1,0.0,0.0,0.00,0.00,0.00,0.00,23.35,,0.14,0.94,5.83,1.88,0.13,0.31,82.5,76.1,,0.0,0.8,0.8,1,730,257,264,3.40,1.00,3.30,6.6,0,4.318,33.476,12.111,0.000,0.000,12.111,0.0,853.0,1580.0,666.0,187.0,284.0,1210.0,691.0,663.0,237.0,1010.0,2570.0,574.0,1500.0,986.0
"Watermelon, raw",36,33,0.8,0.4,7.0,0.5,0.1,0.0,0.0,3.33,20.00,0.00,0.00,0.05,0.00,0.02,0.02,0.21,0.18,0.05,0.30,0.0,3.0,2.0,0.0,11.3,9.6,7,146,4,8,0.30,0.03,0.10,6.5,0,0.025,0.013,0.032,0.000,0.019,0.013,0.0,24.3,23.0,80.6,7.7,2.6,2.9,2.9,34.6,1.9,20.5,75.5,7.7,12.8,30.7
"Pepper, sweet, green, raw",37,22,0.9,0.6,3.0,1.8,0.3,0.0,0.0,27.83,167.00,0.00,0.00,0.55,,0.03,0.03,0.69,0.60,0.19,0.23,,35.0,8.0,0.0,104.1,99.1,6,187,9,11,0.35,0.08,0.11,2.5,0.1,0.055,0.008,0.150,0.000,0.055,0.095,0.0,27.4,36.0,41.8,7.2,7.2,27.4,13.4,28.8,5.2,41.8,34.6,14.4,30.2,23.0
"Pepper, sweet, red, raw",38,31,0.9,0.6,5.9,1.7,0.1,0.0,0.0,211.67,1270.00,0.00,0.00,2.26,,0.05,0.08,1.07,0.98,0.43,0.17,1.6,88.0,23.0,0.0,161.5,159.6,0,239,7,12,0.32,0.05,0.13,5.2,0,0.021,0.003,0.056,0.000,0.021,0.036,0.0,28.0,36.9,42.8,7.4,7.4,28.0,13.7,29.5,5.3,42.8,35.4,14.8,31.0,23.6
"Radish, raw",39,12,0.8,0.4,1.2,1.3,0.1,0.0,0.1,2.50,15.00,0.00,0.00,0.01,,0.02,0.04,0.39,0.25,0.06,0.18,,24.0,18.0,0.0,33.0,33.0,25,249,35,9,0.60,0.04,0.32,1.3,0,0.025,0.013,0.043,0.000,0.035,0.007,0.0,23.0,34.6,34.6,6.7,0.9,20.5,9.5,24.3,8.6,38.4,23.0,12.3,23.0,21.8
"Currant, red, raw",40,63,1.3,,8.6,4.2,1.7,0.0,0.0,3.50,21.00,0.00,0.00,0.80,,0.03,0.02,0.56,0.30,0.05,0.06,2.6,26.0,15.0,0.0,49.0,49.0,3,262,31,11,0.65,0.09,0.18,7.1,0,0.380,0.274,0.706,0.000,0.309,0.397,0.0,,,,,,,,,15.4,,,,,
"Brussels sprouts, raw",41,53,4.5,3.6,5.5,4.1,0.5,0.0,0.0,36.67,220.00,0.00,0.00,0.90,250.00,0.12,0.16,1.66,0.80,0.28,0.72,0.4,130.0,45.0,0.0,119.0,119.0,8,483,23,24,0.90,0.05,0.43,3.7,0.49,0.079,0.015,0.319,0.000,0.245,0.074,0.0,152.5,203.3,225.1,48.6,21.1,130.7,72.6,145.2,51.5,239.6,297.7,94.4,145.2,755.0
"Beet, red, raw",43,52,1.7,0.9,9.6,2.3,0.3,0.0,0.1,1.17,7.00,0.00,0.00,0.08,0.20,0.03,0.05,0.35,0.20,0.05,0.15,0.0,91.0,69.0,0.0,8.0,8.0,43,330,28,15,0.60,0.12,0.73,9.7,0,0.048,0.026,0.127,0.000,0.021,0.106,0.0,32.4,35.1,37.8,7.8,1.1,15.7,13.8,29.7,8.9,43.2,32.4,17.6,29.7,18.6
"Cabbage, red, raw",44,32,1.5,0.9,4.9,2.0,0.2,0.0,0.0,4.17,25.00,0.00,0.00,0.07,149.00,0.07,0.05,0.79,0.60,0.15,0.32,0.1,46.0,23.0,0.0,60.0,60.0,10,292,44,14,0.45,0.03,0.19,3.8,0.07,0.039,0.012,0.110,0.000,0.035,0.075,0.0,41.1,45.9,45.9,11.4,1.0,26.6,17.4,18.6,11.4,67.7,62.9,24.2,31.4,55.6
"Plaice, raw",45,85,17.3,14.7,0.0,0.0,1.8,0.0,0.2,4.00,0.00,1.05,1.05,1.03,4.94,0.17,0.15,5.61,2.90,0.17,0.86,44.5,14.0,5.0,1.7,0.2,0.2,80,322,29,21,0.12,0.03,0.50,0.0,0,0.419,0.384,0.666,,0.658,0.008,71.5,811.8,1287.6,1623.5,531.8,148.4,643.8,587.8,755.8,162.4,951.7,1119.7,391.9,1315.6,755.8
"Celeriac, celery root, raw",46,34,1.8,1.2,4.1,3.9,0.3,0.0,0.1,5.00,30.00,0.00,0.00,0.80,0.00,0.05,0.14,1.25,1.00,0.20,0.43,0.1,12.0,6.0,0.0,11.0,11.0,20,442,42,14,0.80,0.08,0.37,1.7,0.37,0.067,0.012,0.177,0.000,0.018,0.159,0.0,53.5,76.0,73.2,17.7,3.9,45.1,26.8,47.9,14.9,87.3,45.1,26.8,45.1,45.1
"Herring, pickled, canned",47,272,11.9,9.4,19.9,0.0,16.0,0.0,3.0,12.66,0.00,9.04,9.04,1.60,0.54,0.03,0.17,4.73,2.50,,,,1.8,,7.4,0.0,0.0,1180,44,30,6,0.92,0.12,0.64,20.9,0,3.100,8.125,2.597,0.068,2.427,0.169,58.0,591.6,973.3,1049.6,343.5,59.2,515.3,343.5,534.3,133.6,725.2,687.0,305.3,553.4,458.0
"Herring, raw",48,190,16.2,14.0,0.0,0.0,13.9,0.0,0.2,13.80,0.00,11.02,11.02,0.60,4.95,0.00,0.23,7.21,4.35,0.34,0.62,6.4,10.0,3.0,12.5,0.0,0.0,90,317,34,27,0.73,0.10,1.18,0.0,0,2.892,6.576,2.869,,2.595,0.274,58.0,816.8,1388.5,1660.7,517.3,147.0,653.4,571.7,762.3,171.5,1007.3,980.1,490.1,844.0,626.2
"Cabbage, pointed, raw",49,27,2.1,1.3,3.0,1.9,0.3,0.0,0.0,3.33,20.00,0.00,0.00,0.15,170.00,0.05,,0.54,0.30,0.15,0.15,0.0,73.0,33.0,0.0,66.0,66.0,6,249,34,9,0.40,0.07,0.20,0.8,0.03,0.062,0.024,0.134,0.000,0.067,0.067,0.0,49.2,72.2,72.2,19.4,10.8,45.9,23.0,49.2,14.4,72.2,78.7,32.8,45.9,108.2
"Spinach, raw",50,24,2.6,1.7,1.3,1.9,0.6,0.0,0.1,697.62,4185.71,0.00,0.00,2.90,560.00,0.10,0.24,1.40,0.70,0.22,0.30,1.6,220.0,176.0,0.0,54.0,54.0,41,449,129,26,4.50,0.07,1.10,0.1,0.09,0.066,0.032,0.355,0.000,0.292,0.063,0.0,84.0,151.2,121.8,26.5,3.8,121.8,63.0,92.4,42.0,121.8,142.8,46.2,105.0,84.0
"Gooseberry, raw",51,44,0.9,,7.3,3.2,0.6,0.0,0.0,13.67,82.00,0.00,0.00,1.00,,0.01,0.03,0.40,0.25,0.02,0.29,0.5,11.7,15.0,0.0,33.0,33.0,2,176,26,8,0.40,0.06,0.16,3.0,0,0.078,0.066,0.295,0.000,0.122,0.174,0.0,,,,,,,,,9.1,,,,,
"Tomato, ripe, raw, origin unknown",52,21,0.8,0.6,3.3,1.4,0.2,0.0,0.0,165.33,992.00,0.00,0.00,0.57,7.90,0.04,0.02,0.86,0.73,0.09,0.04,2.3,29.0,,0.0,17.8,17.2,2,254,7,9,0.24,0.04,0.09,3.2,0,0.028,0.018,0.074,0.000,0.007,0.068,0.0,36.3,31.3,36.3,8.8,6.5,21.3,28.8,21.3,7.6,22.5,28.8,12.5,22.5,25.0
"Grape, raw",54,67,0.6,0.4,15.7,0.9,0.0,0.0,0.0,5.50,33.00,0.00,0.00,0.18,,0.05,0.00,0.23,0.16,0.09,0.05,0.9,5.0,,0.0,3.1,2.6,2,191,11,7,0.22,0.14,0.06,15.3,0,0.000,0.000,0.000,0.000,0.000,0.000,0.0,4.7,12.9,13.9,20.9,10.0,12.9,10.9,16.9,4.2,16.9,45.8,22.9,18.9,20.9
"Peas, green, raw",55,70,5.9,4.2,7.0,5.9,0.7,0.0,0.0,36.33,218.00,0.00,0.00,0.02,70.00,0.31,0.13,2.98,2.20,0.16,0.75,3.0,25.0,,0.0,43.0,43.0,2,300,30,28,1.80,0.11,0.75,4.7,1.8,0.128,0.048,0.384,0.000,0.064,0.320,0.0,228.2,351.8,370.8,50.4,19.0,209.2,133.1,218.7,46.6,285.2,703.5,104.6,199.7,190.1
"Squash, raw",56,15,1.3,0.7,1.6,1.2,0.1,0.0,0.0,35.52,213.13,0.00,0.00,0.49,5.05,0.02,0.04,0.52,0.29,0.06,0.12,3.6,16.9,,0.0,8.4,,0,248,20,19,0.33,0.06,0.28,2.2,0,0.021,0.008,0.043,0.000,0.027,0.016,0.0,20.4,57.9,60.9,0.0,13.9,35.5,32.0,31.1,14.1,47.2,68.0,20.2,38.4,15.5
"Artichoke, raw",57,46,3.3,,5.1,5.4,0.2,0.0,0.1,1.33,8.00,0.00,0.00,0.35,,0.09,0.06,1.05,1.05,0.10,0.30,,74.0,,0.0,11.7,11.7,27,404,60,36,1.10,,0.40,2.6,0,0.050,0.010,0.090,0.000,0.020,0.060,0.0,,,,,,,,,,,,,,
"Beans, mung, dried, raw",58,324,23.9,20.0,47.2,15.0,1.2,0.0,0.0,11.33,68.00,0.00,0.00,1.90,170.00,0.62,0.23,6.58,2.25,0.50,0.20,,625.0,,0.0,12.2,12.2,15,1246,88,189,6.74,0.94,2.68,1.5,45.7,0.341,0.171,0.408,0.000,0.028,0.380,0.0,992.7,1832.6,1679.9,286.4,210.0,1450.8,725.4,763.6,259.6,1221.8,1679.9,687.2,954.5,1107.2
"Oats, rolled, average values",59,366,12.9,11.6,58.3,9.9,6.9,0.0,0.0,0.00,0.00,0.00,0.00,0.75,0.00,0.42,0.11,2.98,0.80,0.14,1.50,19.0,50.4,,0.0,0.0,0.0,2,386,115,155,3.86,0.39,2.99,1.0,57.9,1.187,2.383,2.809,0.000,0.090,2.719,0.0,552.4,994.3,574.5,221.0,375.6,729.2,419.8,464.0,179.0,817.6,883.9,309.4,751.3,729.2
"Rye flour, dark, wholemeal",60,333,8.7,7.4,61.8,14.8,2.3,0.0,0.0,0.00,0.00,0.00,0.00,0.80,0.00,0.33,0.11,1.82,1.70,0.28,0.49,6.0,74.2,36.0,0.0,0.0,0.0,5,438,33,93,2.80,0.32,2.80,2.3,52.52,0.296,0.231,1.152,0.000,0.138,1.014,0.0,344.4,599.0,374.4,146.8,136.3,419.3,224.6,329.5,109.3,509.2,494.2,224.6,419.3,778.7
"Wheat, flour, wholemeal",61,331,10.6,9.4,60.0,13.8,2.4,0.0,0.0,0.50,3.00,0.00,0.00,0.87,1.91,0.28,0.07,2.48,0.64,0.19,0.43,6.7,41.0,,0.0,0.0,0.0,1,375,28,97,3.09,0.32,2.20,1.2,45.636103,0.483,0.219,1.188,0.000,0.000,1.188,0.0,372.0,760.0,325.0,180.0,244.0,522.0,296.0,336.0,149.0,484.0,521.0,261.0,473.0,1130.0
"Ginger root, raw",62,49,1.8,0.9,7.6,2.0,0.8,0.0,0.0,0.00,0.00,0.00,0.00,,,0.03,0.03,0.96,0.75,0.16,0.20,,11.0,,0.0,5.0,5.0,13,415,16,43,0.60,0.23,0.34,1.7,6.4,0.224,0.164,0.172,0.000,0.038,0.134,0.0,55.3,78.6,61.1,14.0,8.4,49.5,21.5,37.8,12.8,78.6,46.6,32.0,46.6,43.7
"Okra, raw",63,29,2.0,1.2,3.0,4.0,0.1,0.0,0.0,66.67,400.00,0.00,0.00,,,0.20,0.06,0.31,0.02,0.22,0.25,,88.0,,0.0,21.1,21.1,8,303,81,57,0.80,0.09,0.60,2.5,0.5,0.026,0.016,0.028,0.000,0.001,0.027,0.0,70.4,105.6,80.0,21.1,18.9,64.0,86.4,64.0,17.0,89.6,83.2,31.0,44.8,44.8
"Asparagus, green, raw",64,26,1.8,1.3,3.1,1.8,0.3,0.0,0.0,48.17,289.00,0.00,0.00,1.98,,0.11,0.12,0.24,,0.15,,,150.0,,0.0,10.0,10.0,4,267,23,12,0.70,,0.90,1.9,0.1,0.069,0.007,0.164,0.000,0.013,0.151,0.0,51.8,83.5,74.9,20.7,6.3,49.0,40.3,46.1,14.4,83.5,69.1,31.7,60.5,115.2
"Fennel, bulb, raw",65,23,1.4,,2.9,2.0,0.2,0.0,0.1,0.92,5.50,0.00,0.00,0.20,,0.03,0.11,0.60,0.20,0.06,,,29.5,,0.0,9.5,9.5,27,395,30,11,0.32,,0.22,2.1,0.1,0.070,0.070,0.180,0.000,0.130,0.040,0.0,,,,,,,,,24.0,,,,,
"Saithe, raw",66,79,18.1,,0.0,0.0,0.7,0.0,0.2,3.15,0.00,0.79,0.79,0.76,0.00,0.07,0.12,6.18,1.85,0.24,0.29,3.8,10.0,,2.6,0.3,0.3,67,391,8,27,0.27,0.06,0.38,0.0,0,0.379,0.220,0.029,,0.029,0.000,61.0,,,,,,,,,260.0,,,,,
"Buckwheat, whole, raw",67,341,13.1,10.3,62.4,5.8,3.1,0.0,0.0,0.00,0.00,0.00,0.00,0.13,1.27,0.41,0.14,3.67,2.92,0.29,1.23,21.1,59.8,,0.0,0.0,,0,415,15,195,2.10,0.38,1.55,0.9,47.127533,0.339,0.655,0.758,0.000,0.000,0.758,,438.0,802.0,722.0,194.0,286.0,576.0,328.0,480.0,220.0,611.0,1240.0,303.0,721.0,460.0
"Aubergine, raw",69,17,0.9,0.4,2.3,2.2,0.0,0.0,0.0,5.23,31.38,0.00,0.00,0.00,0.60,0.02,0.03,0.41,0.36,0.05,0.33,1.9,6.1,8.0,0.0,1.3,,1,218,10,14,0.17,0.05,0.14,2.2,0.2,0.034,0.016,0.076,0.000,,,0.0,0.0,40.9,41.7,0.0,5.8,0.0,0.0,26.3,2.8,34.6,32.6,0.0,26.4,15.7
"Orange, raw",70,49,0.9,0.5,9.3,2.0,0.1,0.0,0.0,8.00,48.00,0.00,0.00,0.31,0.00,0.10,0.03,0.49,0.39,0.08,0.16,0.8,46.2,13.0,0.0,54.4,52.8,1,158,30,10,0.12,0.04,0.06,8.2,0,0.023,0.025,0.046,0.000,0.013,0.033,0.0,17.0,28.3,35.4,4.8,3.0,19.8,11.8,17.0,5.8,28.3,75.1,11.8,19.8,121.9
"Lamb, leg, unspecified , raw",71,180,17.9,16.9,0.0,0.0,12.0,0.0,0.2,45.00,0.00,0.40,0.40,0.70,0.00,0.18,0.30,7.41,4.30,0.20,0.55,1.0,1.4,0.7,1.2,1.0,1.0,66,218,13,17,1.50,0.12,3.42,0.0,0,4.833,3.605,0.319,0.455,0.117,0.203,70.1,997.0,1640.2,1833.1,514.6,170.4,804.0,804.0,868.3,186.5,1093.4,1350.7,578.9,1061.3,932.6
"Cod, fillet, raw",72,75,17.5,14.5,0.0,0.0,0.6,0.0,0.2,2.30,0.00,1.00,1.00,0.45,6.83,0.05,0.04,4.85,2.00,0.22,0.14,1.1,16.0,6.0,1.1,0.0,0.0,76,338,15,25,0.20,0.02,0.38,0.0,0,0.102,0.041,0.240,,0.239,0.001,43.0,868.8,1348.1,1647.7,569.2,128.8,689.0,659.1,748.9,170.8,958.7,1078.5,359.5,868.8,569.2
"Cheese, semihard, Feta, 40 % fidm",73,258,17.4,15.9,0.0,0.0,20.4,0.0,2.6,205.00,84.00,0.21,0.21,0.17,26.42,0.05,0.45,5.96,1.80,0.25,1.36,1.5,62.0,,1.1,0.0,0.0,1057,34,220,8,0.07,0.03,1.54,0.2,0,13.051,4.754,0.441,0.679,0.084,0.297,63.0,991.7,1671.7,1445.0,510.0,65.2,935.0,991.7,623.3,249.3,1218.3,566.7,510.0,368.3,1898.3
"Pork, collar with rind, raw",74,275,16.1,12.9,0.0,0.0,23.4,0.0,0.1,9.73,0.00,0.46,0.18,0.51,0.00,0.62,0.17,6.68,3.71,0.20,0.86,4.2,5.1,,0.9,0.0,0.0,59,276,8,17,0.75,0.07,2.07,0.0,0,8.399,9.790,2.826,0.125,0.229,2.597,68.4,786.5,1179.7,1441.9,393.2,107.5,603.0,550.5,681.6,178.3,865.1,970.0,603.0,838.9,655.4
"Rice groats, brown, raw",76,362,6.9,5.2,76.2,2.4,2.8,0.0,0.0,0.00,0.00,0.00,,0.00,,0.41,0.04,1.52,,0.51,,,20.0,,0.0,0.0,,3,268,12,143,1.80,,2.02,0.2,76.1,0.536,0.971,0.959,0.000,0.041,0.918,,282.9,500.5,239.4,152.3,76.2,348.2,185.0,217.6,91.4,424.3,489.6,141.4,293.8,293.8
"Sugar, sucrose, white",77,400,0.0,,99.9,0.0,0.0,0.0,0.0,0.00,0.00,0.00,0.00,0.00,0.00,0.00,0.00,0.00,0.00,0.00,0.00,0.0,0.0,0.0,0.0,0.0,0.0,0,2,0,0,0.06,0.01,0.01,99.9,0,0.000,0.000,0.000,0.000,0.000,0.000,0.0,,,,,,,,,0.0,,,,,
"Lard, pork, refined, Raffinol",78,891,0.0,0.0,0.0,0.0,99.0,0.0,0.0,9.00,0.00,0.00,0.00,0.40,0.00,0.00,0.00,0.00,0.00,0.02,0.00,0.0,0.0,0.0,0.0,0.0,0.0,2,1,1,1,0.10,0.02,0.11,0.0,0,41.568,41.537,8.965,,0.758,8.207,95.0,0.0,0.0,0.0,0.0,0.0,0.0,0.0,0.0,0.0,0.0,0.0,0.0,0.0,0.0
"Lard, pork",79,891,0.0,0.0,0.0,0.0,99.0,0.0,0.0,9.00,0.00,0.00,0.00,0.40,0.00,0.00,0.00,0.00,0.00,0.02,0.00,0.0,0.0,0.0,0.0,0.0,0.0,2,1,1,1,0.06,0.02,0.11,0.0,0,41.568,41.537,8.965,,0.758,8.207,95.0,0.0,0.0,0.0,0.0,0.0,0.0,0.0,0.0,0.0,0.0,0.0,0.0,0.0,0.0
"Water, bottled, carbonated",81,0,0.0,0.0,0.0,0.0,0.0,0.0,0.2,0.00,0.00,0.00,0.00,0.00,0.00,0.00,0.00,0.00,0.00,0.00,0.00,0.0,0.0,0.0,0.0,0.0,0.0,75,0,1,0,0.07,0.00,0.01,0.0,0,0.000,0.000,0.000,0.000,0.000,0.000,0.0,0.0,0.0,0.0,0.0,0.0,0.0,0.0,0.0,0.0,0.0,0.0,0.0,0.0,0.0
"Fish oil, hydrogenated",85,899,0.0,,0.0,0.0,99.9,0.0,0.0,0.00,0.00,0.00,0.00,0.00,0.00,0.00,0.00,0.00,0.00,0.00,,,0.0,0.0,0.0,0.0,0.0,0,,,,,,,0.0,0,47.602,47.041,0.862,,,0.862,655.0,,,,,,,,,0.0,,,,,
"Goose, flesh and skin, raw",87,366,15.8,13.2,0.0,0.0,33.6,0.0,0.2,30.00,0.00,1.00,1.00,0.00,0.00,0.13,0.35,11.47,8.00,0.58,1.29,,11.0,,0.3,4.2,4.2,69,315,12,24,2.50,0.14,1.35,0.0,0,9.646,18.031,3.623,,0.214,3.409,80.0,736.0,1319.8,1243.6,380.7,246.2,659.9,507.6,710.6,208.1,786.8,989.8,431.5,1015.2,761.4
"Nut, coco, raw",88,385,4.0,3.9,3.1,14.0,36.5,0.0,0.1,0.00,0.00,0.00,0.00,0.15,0.20,0.03,0.01,2.24,0.60,0.06,0.20,0.5,24.0,10.0,0.0,2.0,2.0,21,331,11,43,1.80,0.32,0.50,3.7,0,31.888,2.033,0.779,0.000,0.000,0.779,0.0,181.1,317.0,166.0,83.0,75.5,211.3,128.3,158.5,98.1,256.6,618.8,98.1,211.3,173.6
"Snacks, expanded, potatobasis",89,490,4.6,,60.0,3.0,25.1,0.0,2.9,0.00,0.00,,,,,0.25,0.08,2.80,2.80,0.33,0.53,1.4,69.0,,,,,1157,630,31,36,1.37,0.18,0.69,1.5,58.5,10.311,9.985,2.664,0.000,0.117,2.547,,,,,,,,,,,,,,,
Mackerel mayonnaise salad,90,398,8.9,,2.5,0.3,39.1,0.0,0.8,41.00,0.00,,,,,,,,,,,,,,,,,302,,,,,,,2.5,0,4.060,19.980,11.870,,,,,,,,,,,,,,,,,,
Soya sauce,92,56,6.9,6.4,7.0,0.0,0.0,0.0,14.1,0.00,0.00,0.00,0.00,0.00,,0.03,0.17,3.85,2.20,0.15,0.30,,14.0,,0.0,0.0,0.0,5637,217,19,43,1.93,0.10,0.52,5.5,1.5,0.000,0.000,0.032,0.000,0.032,0.000,0.0,330.5,550.9,396.6,100.3,121.2,363.6,253.4,275.4,99.2,341.5,473.8,176.3,308.5,506.8
"Cheese, firm, 40 % fidm., all varieties",94,312,25.7,22.7,1.4,0.0,22.6,0.0,1.8,208.50,99.00,0.23,0.23,0.58,0.00,0.05,0.33,6.01,0.10,0.09,0.34,1.5,60.0,1.0,1.6,0.5,0.5,723,65,960,27,0.11,0.09,3.20,0.0,0,14.628,6.089,0.640,,0.170,0.470,75.0,1409.8,2376.5,2054.3,725.0,92.6,1329.2,1409.8,886.2,354.5,1732.0,805.6,725.0,523.6,2698.8
"Ymer, low fat",95,58,6.3,5.9,3.4,0.0,1.8,0.0,0.1,12.33,8.00,0.05,0.05,0.04,0.00,0.04,0.23,1.60,0.10,0.04,0.33,1.9,14.0,,0.5,0.4,0.4,38,156,194,15,0.02,0.01,0.70,3.3,0,1.127,0.407,0.068,0.081,0.014,0.041,7.0,354.9,631.0,542.3,187.3,13.8,315.5,325.4,256.3,89.7,443.7,226.8,187.3,138.0,660.6
"Cheese, semihard, Mozzarella, 45 % fidm.",97,326,24.1,21.2,1.0,0.0,25.1,0.0,1.4,231.33,110.00,0.25,0.25,0.64,0.00,0.05,0.33,5.64,0.10,0.09,0.34,1.5,60.0,1.0,1.4,0.5,0.5,558,65,720,27,0.11,0.09,3.20,0.0,0,16.250,6.760,0.710,,0.190,0.520,83.0,1322.0,2228.4,1926.3,679.9,86.9,1246.4,1322.0,830.9,332.4,1624.1,755.4,679.9,491.0,2530.6
"Cheese, processed, 45 % fidm.",98,307,22.4,19.8,0.0,0.0,24.2,0.0,1.3,224.00,108.00,0.25,0.25,0.59,21.11,0.09,0.43,5.26,0.10,0.03,0.40,1.5,7.0,3.0,1.0,0.0,0.0,535,106,630,26,0.26,0.25,2.75,0.4,0,14.938,6.087,0.654,0.919,0.136,0.430,81.0,1230.8,2074.7,1793.4,633.0,80.9,1160.4,1230.8,773.6,309.5,1512.1,703.3,633.0,457.1,2356.1
"Duck, flesh and skin, raw",101,400,11.5,9.9,0.0,0.0,39.3,0.0,0.2,51.00,0.00,1.00,1.00,0.00,0.00,0.20,0.21,6.32,3.93,0.19,0.95,6.0,48.0,7.0,0.3,2.8,2.8,86,297,11,22,1.20,0.14,1.35,0.0,0,13.140,18.726,5.113,,0.392,4.722,76.0,533.0,900.6,919.0,294.1,180.1,459.5,386.0,477.9,143.4,569.8,772.0,275.7,919.0,680.1
"Rye-flour, wheat-flour, bolted",102,350,9.6,8.7,71.4,4.4,2.0,0.0,0.0,0.00,0.00,0.00,0.00,0.59,0.00,0.34,0.05,1.88,0.80,0.17,0.42,2.5,26.0,15.0,0.0,0.0,0.0,2,215,20,42,1.56,0.15,1.19,3.2,62.25,0.300,0.300,1.140,0.000,0.120,1.020,0.0,404.2,724.1,286.3,161.7,218.9,522.0,235.8,320.0,112.8,522.0,437.8,235.8,387.3,993.6
Pudding powder,103,348,0.3,,85.9,1.6,0.0,0.0,0.0,0.00,0.00,0.00,0.00,0.00,,0.00,0.00,0.06,0.00,0.00,,,,,0.0,0.0,0.0,1,6,10,4,0.20,,0.02,0.6,85.91,0.090,0.030,0.170,0.000,0.010,0.160,0.0,,,,,,,,,3.9,,,,,
"Cheese, semihard, Havarti, 30 % fidm.",108,291,30.1,26.5,0.1,0.0,18.5,0.0,1.7,170.50,81.00,0.20,0.20,0.47,0.00,0.06,0.33,7.02,0.10,0.09,0.34,1.5,60.0,1.0,1.4,0.5,0.5,689,72,788,32,0.21,0.09,5.00,0.0,0,11.982,4.981,0.520,,0.140,0.380,61.0,1651.3,2783.6,2406.2,849.2,108.5,1556.9,1651.3,1038.0,415.2,2028.7,943.6,849.2,613.3,3161.1
"Cheese, firm, Danbo, 45 % fidm.",109,325,23.7,20.9,0.3,0.0,25.1,0.0,1.9,234.67,112.00,0.25,0.25,0.65,27.63,0.05,0.33,5.55,0.10,0.09,0.34,1.5,60.0,1.0,1.4,0.5,0.5,756,84,659,29,0.16,0.09,3.64,0.0,0,15.853,7.224,0.615,,0.133,0.482,84.0,1299.4,2190.4,1893.4,668.3,85.4,1225.2,1299.4,816.8,326.7,1596.4,742.5,668.3,482.6,2487.4
"Lamb, flank, spiced, cooked",110,362,19.0,16.0,0.1,0.0,31.7,0.0,1.5,45.00,0.00,0.54,0.23,0.70,0.00,0.18,0.30,7.24,4.30,0.20,0.55,1.0,2.0,1.0,1.2,1.0,1.0,588,213,20,17,2.06,0.13,3.20,0.0,0,15.373,12.000,1.474,,0.737,0.737,82.0,942.4,1550.4,1732.8,486.4,161.1,760.0,760.0,820.8,176.3,1033.6,1276.8,547.2,1003.2,881.6
"Onions, chopped and deepfried",114,574,6.0,3.5,22.1,15.0,48.0,0.0,1.5,0.00,0.00,0.00,0.00,6.10,,0.39,0.08,1.23,,0.48,,,82.0,,0.0,38.4,38.4,606,1050,24,60,1.38,,1.01,7.8,12.5,13.390,19.430,5.780,0.000,1.100,4.680,0.0,115.2,201.6,192.0,45.1,36.5,134.4,69.1,105.6,73.9,144.0,816.0,69.1,124.8,81.6
"Tea, ready-to-drink",115,0,0.0,,0.0,0.0,0.0,0.0,0.0,0.00,0.00,0.00,0.00,0.00,0.00,0.00,0.02,0.10,0.10,,0.00,,4.9,,0.0,0.0,0.0,0,14,0,1,0.01,0.03,0.03,0.0,0,0.000,0.000,0.000,0.000,0.000,0.000,0.0,,,,,,,,,,,,,,
"Chestnut, raw",116,189,2.0,1.8,35.8,6.8,2.7,0.0,0.0,10.00,60.00,0.00,0.00,0.50,,0.24,0.11,2.49,1.80,0.33,0.47,1.3,62.0,,0.0,0.0,0.0,4,599,31,38,0.90,0.23,0.50,7.0,26.9,0.418,0.901,0.963,0.000,0.097,0.866,0.0,80.0,118.4,118.4,48.0,64.0,83.2,54.4,70.4,41.6,112.0,144.0,54.4,102.4,105.6
"Coffee, instant, prepared with water",117,3,0.1,0.0,0.7,0.0,0.0,0.0,0.0,0.00,0.00,0.00,0.00,0.00,0.00,0.00,0.00,0.24,0.24,0.00,0.00,,0.0,,0.0,0.0,0.0,4,30,4,4,0.04,0.00,0.01,0.0,0,0.000,0.000,0.000,0.000,0.000,0.000,0.0,1.8,4.2,0.8,0.0,1.8,2.6,1.8,0.8,0.0,2.6,0.8,1.8,3.4,3.4
"Cheese, semihard, Esrom, 45 % fidm.",118,331,24.2,21.3,0.4,0.0,25.7,0.0,1.9,236.83,113.00,0.26,0.26,0.66,0.00,0.05,0.33,5.66,0.10,0.09,0.34,1.5,60.0,1.0,1.4,0.5,0.5,755,65,810,27,0.11,0.09,3.20,0.0,0,16.641,6.925,0.720,,0.190,0.530,85.0,1327.6,2237.9,1934.4,682.7,87.2,1251.7,1327.6,834.5,333.8,1631.0,758.6,682.7,493.1,2541.3
"Cheese, firm, Elbo, 40 % fidm.",131,321,26.6,23.4,1.0,0.0,23.4,0.0,1.8,216.17,103.00,0.24,0.24,0.60,0.00,0.05,0.33,6.21,0.10,0.09,0.34,1.5,60.0,1.0,1.6,0.5,0.5,723,65,960,27,0.11,0.09,3.20,0.0,0,15.142,6.302,0.669,,0.180,0.489,77.0,1459.2,2459.7,2126.2,750.4,95.9,1375.8,1459.2,917.2,366.9,1792.7,833.8,750.4,542.0,2793.2
"Potato crisps, coarse",132,498,6.1,4.6,57.2,3.6,26.4,0.0,1.1,0.00,0.00,,,,,0.21,0.07,7.75,6.20,0.53,1.00,1.3,101.0,,,,,446,1380,21,74,2.50,0.33,1.27,0.5,56.7,5.970,13.280,4.537,0.000,0.139,4.398,,224.5,331.8,351.4,83.0,49.8,244.0,117.1,205.0,92.7,361.1,253.8,107.4,175.7,214.7
"Cheese, Roquefort, Danish, 50 % fidm.",136,343,19.4,17.7,0.0,0.0,29.5,0.0,3.7,272.67,130.00,0.29,0.29,0.75,0.00,0.04,0.50,5.62,1.00,0.23,1.73,1.5,70.0,2.0,1.2,0.0,0.0,1470,91,620,30,0.14,0.07,2.08,0.1,0,19.102,7.945,0.831,,0.220,0.610,97.0,1102.5,1858.5,1606.5,567.0,72.5,1039.5,1102.5,693.0,277.2,1354.5,630.0,567.0,409.5,2110.5
"Coffee, instant, decaffeinated, prepared with water",137,4,0.1,0.0,0.8,0.0,0.0,0.0,0.0,0.00,0.00,,,,,0.00,0.01,0.28,0.28,0.00,0.00,,0.0,,0.0,0.0,0.0,4,36,4,4,0.04,0.01,0.01,0.0,0,0.000,0.000,0.000,0.000,0.000,0.000,0.0,2.1,4.9,1.0,0.0,2.1,3.0,2.1,1.0,0.0,3.0,1.0,2.1,4.0,3.0
"Cheese, Danish Blue, 50 % fidm.",138,350,20.5,18.1,0.0,0.0,29.5,0.0,3.7,277.17,130.00,0.29,0.29,0.78,47.99,0.04,0.50,5.72,1.00,0.23,1.73,1.5,36.0,2.0,1.2,0.0,0.0,1470,85,619,23,0.08,0.05,4.04,0.0,0,18.713,6.708,0.698,1.127,0.129,0.483,97.6,1126.3,1898.6,1641.2,579.2,74.0,1061.9,1126.3,708.0,283.2,1383.7,643.6,579.2,418.3,2156.1
"Cheese, Brie, 60 % fidm.",139,342,18.1,15.9,0.2,0.0,29.8,0.0,1.7,294.67,148.00,0.33,0.33,0.59,12.87,0.05,0.34,4.53,0.38,0.24,0.69,6.0,90.0,2.0,1.7,0.0,0.0,680,89,505,20,0.12,0.04,2.50,0.0,0,19.582,6.292,0.658,1.003,0.115,0.460,98.7,990.5,1669.7,1443.3,509.4,65.1,933.9,990.5,622.6,249.0,1216.9,566.0,509.4,367.9,1896.1
"Bacon, stewing, raw",141,379,15.0,12.2,1.1,0.0,35.0,0.0,2.9,0.00,0.00,0.57,0.25,0.30,0.00,0.48,0.18,5.68,3.00,0.15,0.40,1.0,2.0,1.0,0.7,0.8,0.8,1140,185,5,15,0.40,0.06,1.98,0.0,0,13.912,15.436,2.502,,0.192,2.310,75.0,744.0,1224.0,1320.0,456.0,98.4,552.0,504.0,672.0,160.8,744.0,936.0,480.0,720.0,552.0
"Coffee, beverage",142,1,0.1,0.1,0.1,0.0,0.0,0.0,0.0,0.00,0.00,0.00,0.00,0.00,0.00,0.00,0.01,0.70,0.70,0.00,0.00,,0.3,,0.0,0.0,0.0,0,66,2,6,0.00,,0.02,0.0,0,0.000,0.000,0.000,0.000,0.000,0.000,0.0,2.1,4.9,1.0,0.0,2.1,3.0,2.1,1.0,0.0,3.0,1.0,2.1,4.0,4.0
"Rye kernels, whole/cracked",143,332,9.0,7.6,61.4,14.8,2.3,0.0,0.0,0.00,0.00,0.00,0.00,1.15,0.00,0.37,0.17,1.89,1.70,0.28,1.34,6.0,56.0,36.0,0.0,0.0,0.0,4,428,29,98,4.00,0.32,2.90,5.6,52.52,0.296,0.231,1.152,0.000,0.138,1.014,0.0,356.8,620.6,387.9,152.0,141.2,434.4,232.7,341.3,113.3,527.5,512.0,232.7,434.4,806.7
"Sausage, liver sausage",144,393,13.4,11.5,4.1,0.2,35.8,0.0,2.3,3950.00,0.00,0.90,,,,,,2.39,,,,,,,11.0,0.0,0.0,901,171,26,12,7.11,0.36,2.90,0.0,5,13.195,16.335,3.227,,0.174,3.053,158.0,621.8,1072.0,1093.4,278.7,141.5,578.9,343.0,643.2,143.6,814.7,771.8,428.8,1050.6,814.7
"Sour cream, 50 % fat",146,466,1.9,1.5,2.0,0.0,50.0,0.0,0.1,461.67,220.00,0.47,0.47,1.27,0.00,0.02,0.12,0.39,0.04,0.02,0.30,1.4,10.0,,0.2,0.1,0.1,22,91,50,7,0.06,0.01,0.23,2.4,0,32.369,13.461,1.419,,0.380,1.039,165.0,101.3,175.8,155.0,41.7,15.2,89.4,80.5,62.6,20.9,122.2,68.5,47.7,44.7,146.0
"Cheese, firm, 45 % fidm., all varieties",148,335,24.7,21.8,1.4,0.0,25.7,0.0,1.5,239.20,114.00,0.26,0.26,0.67,0.00,0.05,0.33,5.78,0.10,0.09,0.34,1.5,60.0,1.0,1.4,0.5,0.5,590,65,686,27,0.11,0.04,3.20,0.1,0,16.355,5.681,0.688,1.168,0.184,0.400,85.0,1356.0,2285.8,1975.9,697.4,89.1,1278.5,1356.0,852.3,340.9,1665.9,774.8,697.4,503.7,2595.7
"Linseeds, raw",149,464,25.5,23.4,5.5,30.4,31.0,0.0,0.0,9.17,55.00,0.00,0.00,8.20,,0.75,0.22,6.67,,0.37,,,170.5,,0.0,0.0,0.0,1,505,201,335,8.95,,5.50,1.6,0,2.855,6.139,20.145,0.000,16.272,3.873,0.0,1240.0,1680.0,1160.0,520.0,480.0,1320.0,680.0,1040.0,400.0,1480.0,2640.0,640.0,1720.0,1120.0
"Peanut, dried",150,596,25.8,26.4,8.5,7.7,49.2,0.0,0.0,0.00,0.00,0.00,0.00,8.20,,0.91,0.10,24.13,20.00,0.35,2.80,34.0,106.0,28.0,0.0,0.0,0.0,2,703,56,170,1.90,0.86,3.10,3.1,5,6.834,24.420,15.550,0.000,0.003,15.555,0.0,1192.3,2003.0,1049.2,314.8,333.8,1669.2,1049.2,810.7,248.0,1573.8,3815.2,763.0,1812.2,1478.4
"Double Cream, 50 % fat",152,468,1.9,1.7,2.7,0.0,50.0,0.0,0.1,461.67,220.00,0.47,0.47,1.27,,0.02,0.08,0.47,0.04,0.02,0.19,0.8,2.0,2.0,0.1,1.0,1.0,27,79,50,4,0.20,0.13,0.17,2.4,0,32.369,13.461,1.419,,0.380,1.039,165.0,110.3,181.8,169.9,47.7,14.6,95.4,80.5,80.5,25.6,131.1,65.6,53.6,38.7,184.8
"Pepper, white",153,307,10.4,,48.5,26.0,2.1,0.0,0.0,0.00,0.00,0.00,0.00,,0.00,0.02,0.13,0.21,0.21,,,,,,0.0,,,5,73,265,90,14.31,,1.13,0.7,41.7,0.626,0.789,0.616,0.000,,,0.0,,,,,,,,,,,,,,
"Soya flour, full fat",154,449,40.6,34.6,16.6,10.4,22.2,0.0,0.0,11.00,66.00,0.00,0.00,21.00,200.00,0.75,0.31,10.66,2.00,0.57,1.80,,800.0,,0.0,0.0,0.0,2,1936,150,240,4.00,1.60,5.00,3.1,12.3,3.097,5.403,12.590,0.000,1.564,11.026,0.0,1817.7,3180.9,2596.7,519.3,649.2,2012.4,1298.3,1558.0,519.3,1947.5,2921.3,1038.7,1687.8,2207.2
"Rice, brown, raw",156,358,9.0,7.2,71.8,4.2,2.9,0.0,0.0,0.00,0.00,0.00,0.00,0.68,0.00,0.48,0.09,2.12,5.09,0.50,1.10,3.0,53.0,12.0,0.0,0.0,0.0,2,251,12,119,1.30,0.18,1.60,0.0,68.87,0.662,0.707,1.008,0.000,0.026,0.982,0.0,393.4,696.0,332.9,211.8,105.9,484.2,257.2,302.6,127.1,590.1,680.9,196.7,408.5,408.5
"Milk, dry, skimmed, powder",158,356,32.2,29.0,53.7,0.0,1.4,0.0,1.0,80.17,7.00,0.02,0.02,0.20,0.00,0.44,1.63,8.13,0.90,0.44,3.44,16.0,21.0,14.0,3.2,6.0,6.0,386,1610,1132,113,0.18,0.04,3.75,49.5,0,0.874,0.349,0.053,0.350,0.025,0.028,43.0,1866.7,3077.5,2875.7,807.2,247.2,1614.4,1362.2,1362.2,433.9,2219.8,1109.9,908.1,655.9,3127.9
"Cheese, semihard, Havarti, 45 % fidm.",161,343,24.5,21.6,0.0,0.0,26.8,0.0,1.9,247.67,118.00,0.27,0.27,0.68,,0.05,0.33,5.73,0.10,0.09,0.34,1.5,60.0,1.0,1.4,0.5,0.5,755,67,607,27,0.16,0.09,4.00,0.0,0,17.354,7.212,0.760,,0.200,0.560,88.0,1344.0,2265.6,1958.4,691.2,88.3,1267.2,1344.0,844.8,337.9,1651.2,768.0,691.2,499.2,2572.8
"Rose hip, dried, powder",162,278,4.5,,40.0,43.0,1.5,0.0,0.1,1900.00,11400.00,0.00,,7.10,,0.06,0.30,0.75,0.50,0.05,,,210.0,,0.0,41.0,41.0,24,1600,663,240,4.20,0.26,0.58,28.0,1.5,0.040,0.100,0.280,0.000,,,0.0,,,,,,,,,15.0,,,,,
"Oyster, raw",163,61,7.8,6.9,4.1,0.0,1.5,0.0,0.4,57.00,0.00,1.00,1.00,0.85,0.00,0.08,0.19,3.26,1.80,0.17,0.37,41.0,,,17.2,10.7,10.7,160,248,55,32,3.00,7.93,84.40,0.0,4.2,0.354,0.173,0.439,0.030,0.400,0.038,30.0,361.9,673.9,611.5,224.6,99.8,312.0,287.0,361.9,87.4,374.4,649.0,149.8,511.7,337.0
"Wine, white, dry",164,68,0.1,,0.2,0.0,0.0,9.5,0.0,0.00,0.00,0.00,0.00,0.00,,0.00,0.01,0.06,0.06,0.02,0.03,,0.2,0.2,0.0,0.0,0.0,4,61,9,8,0.50,0.04,0.06,0.2,0,0.000,0.000,0.000,0.000,0.000,0.000,0.0,,,,,,,,,0.0,,,,,
"Fish balls, canned",165,68,8.3,7.0,3.6,0.0,2.3,0.0,1.1,0.00,0.00,0.00,,0.40,0.00,0.00,0.00,2.28,0.44,0.00,,,1.6,,0.5,0.0,0.0,432,62,17,7,0.11,0.01,0.18,0.3,5.1,0.300,0.870,0.440,,0.180,0.250,40.0,438.9,651.7,771.4,266.0,51.9,359.1,345.8,372.4,110.4,518.7,465.5,186.2,319.2,345.8
"Rye bread crumbs with brown sugar, average values",166,348,6.1,5.1,71.6,9.8,2.0,0.0,0.8,0.00,0.00,0.00,0.00,0.10,0.00,0.59,0.38,0.75,,,,,,,,,,326,418,20,66,5.70,,2.32,40.4,31.2,0.260,0.260,0.940,0.000,0.136,0.804,0.0,250.0,430.0,220.0,99.0,94.0,290.0,130.0,220.0,45.0,360.0,280.0,150.0,300.0,580.0
"Wine, white, average values",167,83,0.1,,2.6,0.0,0.0,10.3,0.0,0.00,0.00,0.00,,0.00,,0.01,0.02,0.11,0.11,0.05,,,1.0,,0.0,0.0,0.0,5,71,9,10,0.27,0.00,0.12,2.6,0,0.000,0.000,0.000,0.000,0.000,0.000,0.0,,,,,,,,,,,,,,
"Wine, white, Rhine wine",168,67,0.1,,2.8,0.0,0.0,7.9,0.0,0.00,0.00,0.00,0.00,0.00,0.00,0.01,0.01,0.10,0.10,0.01,0.03,,0.2,0.2,0.0,0.0,0.0,3,90,44,3,0.40,0.04,0.06,2.9,0,0.000,0.000,0.000,0.000,,,0.0,,,,,,,,,,,,,,
"Tomato, sun-dried",169,282,14.1,10.6,43.5,12.3,3.0,0.0,5.2,87.33,524.00,0.00,0.00,0.01,,0.53,0.49,10.78,9.05,0.33,2.09,,68.0,0.0,0.0,39.2,39.2,2095,3427,110,194,9.09,1.42,1.99,37.6,0,0.499,0.571,1.306,0.000,0.013,1.293,0.0,338.7,519.3,519.3,121.9,182.9,361.3,248.4,361.3,103.9,361.3,338.7,214.5,338.7,271.0
Ymer,170,72,6.1,5.7,3.1,0.0,3.5,0.0,0.1,32.27,15.00,0.10,0.10,0.04,9.98,0.04,0.19,1.57,0.12,0.05,0.34,1.6,29.5,,0.3,0.5,0.5,47,151,196,15,0.02,0.01,0.76,3.4,0,2.332,0.747,0.090,0.156,0.020,0.059,14.0,343.4,610.5,524.6,181.2,13.4,305.2,314.8,248.0,86.8,429.2,219.4,181.2,133.5,639.1
"Wine, red, rosé, non-alcoholic",171,15,0.2,,3.6,0.0,0.0,0.0,0.0,0.00,0.00,0.00,0.00,0.00,0.00,0.00,0.00,0.00,0.00,0.00,,,0.0,,0.0,0.0,0.0,3,110,7,12,1.10,,0.00,3.5,0,0.000,0.000,0.000,0.000,0.000,0.000,0.0,,,,,,,,,0.0,,,,,
"Wine, white, medium",173,79,0.1,,2.3,0.0,0.0,9.9,0.1,0.00,0.00,0.00,0.00,0.00,0.00,0.00,0.01,0.08,0.08,0.01,0.03,,0.2,0.2,0.0,0.0,0.0,21,88,14,9,1.21,0.04,0.06,2.4,0,0.000,0.000,0.000,0.000,0.000,0.000,0.0,,,,,,,,,,,,,,
"Biscuit, sweet, 'Finnish'",174,537,5.6,,57.4,2.0,31.2,0.0,0.5,279.00,,,,,,0.05,0.05,0.57,,0.04,,,14.0,,0.1,0.0,,211,94,10,14,0.40,,0.60,27.1,30.3,,,,,,,,240.0,410.0,86.0,91.0,91.0,260.0,100.0,160.0,34.0,260.0,180.0,120.0,200.0,600.0
"Wine, white, non-alcoholic",175,19,0.2,,4.5,0.0,0.0,0.0,0.0,0.00,0.00,0.00,0.00,0.00,0.00,,,,,,,,,,0.0,0.0,0.0,3,70,44,3,0.60,,0.06,5.5,0,0.000,0.000,0.000,0.000,,,0.0,,,,,,,,,,,,,,
"Barley groats, raw",176,349,9.2,8.4,67.9,9.5,2.4,0.0,0.0,0.00,0.00,0.00,0.00,0.25,,0.16,0.08,1.93,5.50,0.30,0.50,,34.0,9.0,0.0,0.0,0.0,4,329,26,67,2.40,0.12,1.31,0.0,62.2,0.427,0.206,1.096,0.000,0.105,0.991,0.0,411.8,744.5,348.5,158.4,190.1,538.6,269.3,332.6,115.6,570.2,443.5,237.6,364.3,1203.8
Rice starch,179,343,0.8,0.6,85.0,0.0,0.0,0.0,0.0,0.00,0.00,0.00,0.00,0.00,0.00,,,0.19,,,,,,,,,,11,,,,,,,0.0,85,0.000,0.000,0.000,0.000,,,,34.8,61.6,29.5,18.8,9.4,42.9,22.8,26.8,11.3,52.3,60.3,17.4,36.2,36.2
Liquorice allsorts,180,395,2.3,,82.1,0.6,6.2,0.0,0.1,0.00,0.00,0.00,0.00,0.00,0.00,0.00,0.00,0.41,0.00,0.00,0.00,0.0,0.0,0.0,0.0,0.0,0.0,47,401,97,48,4.20,0.24,0.38,59.9,6.27,3.600,0.600,0.200,0.000,0.000,0.120,0.0,,,,,,,,,24.7,,,,,
"Danish pastry, square",181,397,4.7,4.1,33.0,1.5,27.0,0.0,0.8,244.00,,0.10,,1.10,,0.10,0.10,1.86,1.10,0.00,,,16.0,,0.2,0.2,,325,139,63,17,0.40,,0.71,17.0,16,9.156,12.456,3.873,,0.674,3.199,,222.8,363.0,132.0,82.5,80.9,239.3,107.3,148.5,45.4,247.5,239.3,107.3,198.0,420.8
"Salad dressing, French",182,469,0.8,0.6,15.6,0.0,44.8,0.0,2.1,38.67,232.00,0.00,0.00,5.00,0.00,0.02,0.05,0.38,0.19,0.00,0.00,,0.0,,0.1,0.0,0.0,836,67,24,5,0.80,0.01,0.29,5.0,0,10.285,8.774,23.780,0.000,0.000,23.780,0.0,43.1,65.2,51.7,19.7,13.5,33.2,33.2,40.6,11.6,48.0,54.1,18.5,23.4,32.0
"Cheese, Danish Blue, 60 % fidm.",183,407,16.3,14.3,1.3,0.0,37.4,0.0,1.8,356.50,159.00,0.34,0.34,0.87,0.00,0.04,0.50,4.74,1.00,0.23,1.73,1.5,36.0,2.0,1.2,0.0,0.0,715,68,702,23,0.08,0.06,4.04,0.1,0,24.288,8.161,0.856,1.268,0.152,0.596,119.0,892.5,1504.5,1300.5,459.0,58.7,841.5,892.5,561.0,224.4,1096.5,510.0,459.0,331.5,1708.5
"Cheese, firm, Fynbo, 45 % fidm.",184,357,25.9,22.8,1.0,0.0,27.7,0.0,1.8,255.33,122.00,0.27,0.27,0.71,0.00,0.05,0.33,6.05,0.10,0.09,0.34,1.5,60.0,1.0,1.4,0.5,0.5,735,65,910,27,0.11,0.09,3.20,0.0,0,17.928,7.458,0.791,,0.210,0.581,91.0,1421.0,2395.4,2070.6,730.8,93.4,1339.8,1421.0,893.2,357.3,1745.8,812.0,730.8,527.8,2720.2
"Eggs, chicken, egg white, pasteurized",187,43,9.0,8.0,1.9,0.0,0.0,0.0,1.1,0.00,0.00,0.00,,0.00,,0.01,0.32,2.41,0.10,0.00,0.14,12.1,16.0,,0.1,0.5,,438,151,9,11,0.03,0.02,0.00,1.0,0,0.000,0.000,0.000,0.000,0.000,0.000,0.0,547.2,777.6,561.6,345.6,216.0,561.6,360.0,403.2,138.2,676.8,518.4,201.6,331.2,331.2
"Lumpsucker, smoked",188,373,15.6,,0.0,0.0,34.5,0.0,3.7,11.00,0.00,6.00,6.00,,0.00,0.07,0.08,2.00,2.00,,,,,,,0.0,0.0,1466,,20,,0.50,,,0.0,0,7.322,18.804,5.717,,5.182,0.535,,,,,,,,,,,,,,,
"Wheat, kernels, whole/cracked",189,340,10.7,,64.3,11.0,2.0,0.0,0.0,0.00,0.00,0.00,0.00,1.40,30.00,0.35,0.13,1.62,5.60,0.36,1.10,1.9,21.0,,0.0,0.0,0.0,5,384,26,116,3.50,0.32,2.80,0.5,61.38,0.000,0.000,0.000,0.000,0.000,,0.0,360.0,640.0,210.0,140.0,150.0,450.0,190.0,240.0,97.0,420.0,330.0,190.0,310.0,1000.0
Bread-crumbs,192,351,10.7,9.4,70.3,6.9,1.5,0.0,1.1,0.00,0.00,0.00,0.00,0.40,0.00,0.20,0.05,1.86,0.80,0.11,0.60,6.2,39.0,13.0,0.0,0.0,0.0,424,138,50,20,0.70,0.12,0.64,4.0,65.85,0.304,0.335,0.366,0.000,0.047,0.319,0.0,465.3,800.2,260.5,173.1,204.7,558.3,260.5,316.4,111.7,539.7,428.0,241.9,446.6,1228.3
"Apple juice, canned or bottled",194,48,0.1,0.0,11.7,0.0,0.1,0.0,0.0,0.00,0.00,0.00,0.00,0.01,0.00,0.02,0.02,0.11,0.10,0.03,0.06,,0.1,,0.0,0.9,0.9,10,80,9,5,0.30,0.01,0.04,10.2,0,0.028,0.006,0.054,0.000,0.010,0.044,0.0,2.0,3.2,3.0,0.6,0.2,1.6,1.0,1.8,0.6,2.4,1.4,1.0,1.8,1.9
Pearl-sago (potato starch),199,354,0.2,0.2,87.2,0.8,0.3,0.0,0.0,0.00,0.00,0.00,0.00,0.00,,0.01,0.01,0.05,0.15,0.01,,,,,0.0,0.0,0.0,4,33,30,6,1.30,0.13,0.16,0.0,87.2,0.058,0.015,0.167,0.000,0.096,0.072,0.0,7.4,10.9,11.5,2.7,1.6,8.0,3.8,6.7,3.0,11.8,8.3,3.5,5.8,7.0
"Cheese, firm, Maribo, 45 % fidm.",203,361,26.4,23.4,0.0,0.0,28.0,0.0,1.7,258.50,123.00,0.27,0.27,0.71,0.00,0.05,0.33,6.21,0.10,0.09,0.34,1.5,60.0,1.0,1.4,0.5,0.5,684,65,870,27,0.11,0.09,3.20,0.0,0,18.120,7.550,0.790,,0.210,0.580,92.0,1459.2,2459.7,2126.2,750.4,95.9,1375.8,1459.2,917.2,366.9,1792.7,833.8,750.4,542.0,2793.2
"Mustard, brown, ready made",204,146,5.0,,14.4,3.2,6.8,0.0,3.3,0.00,0.00,0.00,0.00,0.30,0.00,0.05,0.03,0.46,,0.07,,,8.0,,0.0,0.0,0.0,1307,130,124,48,1.80,0.09,0.70,10.8,0,0.390,4.430,1.700,0.000,0.740,0.910,0.0,,,,,,,,,,,,,,
"Garlic, raw",205,101,6.6,3.9,16.4,2.0,0.5,0.0,0.0,0.00,0.00,0.00,0.00,0.01,,0.20,0.11,1.82,0.70,1.24,0.60,,103.0,,0.0,8.2,8.2,17,401,21,25,1.70,0.30,1.16,1.6,14.7,0.089,0.011,0.250,0.000,0.020,0.230,0.0,220.6,315.2,283.7,77.7,66.2,189.1,83.0,157.6,67.2,294.2,651.4,115.6,210.1,103.0
"Wine, rosé",206,72,0.2,,1.4,0.0,0.0,9.3,0.0,0.00,0.00,0.00,0.00,0.00,0.00,0.01,0.07,0.10,0.10,0.02,0.04,,0.2,0.2,0.0,0.0,0.0,4,75,12,7,0.95,0.04,0.03,1.4,0,0.000,0.000,0.000,0.000,0.000,0.000,0.0,,,,,,,,,,,,,,
"Minced meat in gravy, average values",208,127,8.1,,4.9,0.0,8.3,0.0,1.4,,,,,,,0.06,0.26,3.37,2.20,0.10,0.34,,,,3.1,,,555,190,23,14,1.10,,,3.3,0.9,2.200,3.100,0.700,0.120,,,,,,,,,,,,70.0,,,,,
"Cheese, firm, Samsoe, 45 % fidm.",209,362,26.8,23.8,0.0,0.0,27.9,0.0,1.4,257.50,123.00,0.27,0.27,0.71,0.00,0.05,0.33,6.31,0.10,0.09,0.34,1.5,60.0,1.0,1.4,0.5,0.5,556,65,970,27,0.11,0.09,3.20,0.0,0,18.050,7.526,0.790,,0.210,0.580,92.0,1481.2,2496.9,2158.3,761.8,97.3,1396.6,1481.2,931.0,372.4,1819.8,846.4,761.8,550.2,2835.4
"Baby food, infant formula, low iron content, powder",211,519,9.5,,58.0,0.0,27.7,0.0,0.3,540.00,,7.80,7.80,6.20,42.00,0.36,0.78,5.20,5.20,0.39,2.30,11.0,47.0,,1.6,52.0,52.0,120,460,320,36,3.10,0.31,3.90,58.0,0,11.200,9.990,5.210,,,,,,,,,,,,,,,,,,
"Sherry, medium",212,118,0.1,,3.4,0.0,0.0,14.8,0.0,0.00,0.00,0.00,0.00,0.00,0.00,0.00,0.01,0.08,0.08,0.01,,,0.1,0.1,0.0,0.0,0.0,6,89,9,8,0.53,0.06,0.21,3.4,0,0.000,0.000,0.000,0.000,,,0.0,,,,,,,,,,,,,,
"Wine, red",213,77,0.2,,2.5,0.0,0.0,9.5,0.0,0.00,0.00,0.00,0.00,0.00,,0.00,0.02,0.09,0.09,0.02,0.20,,0.2,0.2,0.0,0.0,0.0,10,100,8,11,0.75,0.04,0.12,0.3,0,0.000,0.000,0.000,0.000,0.000,0.000,0.0,,,,,,,,,,,,,,
"Cheese, hard, Cheshire, 50 % fidm.",214,381,24.0,21.2,1.0,0.0,31.2,0.0,1.5,287.83,137.00,0.30,0.30,0.80,0.00,0.04,0.50,5.62,0.10,0.08,0.30,1.7,20.0,,1.5,0.0,0.0,613,120,890,25,0.40,0.03,4.00,0.0,0,20.193,8.401,0.890,,0.240,0.650,103.0,1316.7,2219.6,1918.6,677.2,86.5,1241.5,1316.7,827.6,331.1,1617.7,752.4,677.2,489.1,2520.5
"Eggs, chicken, egg white, raw",215,44,10.2,9.9,0.9,0.0,0.0,0.0,0.4,0.00,0.00,0.00,0.00,0.00,0.00,0.01,0.35,2.71,0.10,0.00,0.18,11.7,7.0,2.0,0.0,0.0,0.0,177,147,7,11,0.01,0.02,0.00,1.0,0,0.000,0.000,0.000,0.000,0.000,0.000,0.0,634.7,944.0,797.5,439.4,260.4,667.3,439.4,488.3,156.2,862.6,634.7,260.4,406.9,406.9
"Bacon, frying, raw",216,430,13.0,10.6,0.0,0.0,42.0,0.0,2.9,11.00,0.00,0.63,0.29,0.30,0.00,0.48,0.16,5.32,3.00,0.15,0.40,1.0,2.0,1.0,0.7,0.8,0.8,1140,185,5,15,0.51,0.06,1.98,0.0,0,17.089,18.898,3.072,,0.232,2.840,76.0,644.8,1060.8,1144.0,395.2,85.3,478.4,436.8,582.4,139.4,644.8,811.2,416.0,624.0,478.4
"Vermouth, dry",217,118,0.1,,5.2,0.0,0.0,13.8,0.0,0.00,0.00,0.00,0.00,0.00,0.00,0.00,0.00,0.04,0.04,0.01,,,0.0,0.0,0.0,0.0,0.0,17,40,7,5,0.34,0.02,0.02,5.2,0,0.000,0.000,0.000,0.000,,,0.0,,,,,,,,,,,,,,
"Vermouth, sweet",220,145,0.0,,14.5,0.0,0.0,12.4,0.1,0.00,0.00,0.00,0.00,0.00,0.00,0.00,0.00,0.04,0.04,0.00,,,0.0,0.0,0.0,0.0,0.0,27,29,6,6,0.34,0.02,0.02,14.5,0,0.000,0.000,0.000,0.000,,,0.0,,,,,,,,,,,,,,
"Prune, dried plum",221,230,2.7,1.6,54.6,7.6,0.7,0.0,0.0,85.67,514.00,0.00,0.00,2.30,,0.08,0.09,1.96,1.80,0.15,0.46,0.0,4.0,0.7,0.0,4.0,4.0,3,416,42,24,1.10,0.38,0.53,35.7,0,0.177,0.050,0.334,0.000,0.117,0.217,0.0,46.9,72.5,59.7,12.4,3.0,51.2,21.8,42.7,9.4,68.3,35.0,27.3,51.2,115.2
"Tamarind, Indian date, raw",222,256,2.8,,57.4,5.1,0.6,0.0,0.1,3.00,18.00,0.00,0.00,,,0.43,0.15,2.24,1.94,0.07,0.14,,,,0.0,3.5,3.5,28,628,74,92,2.80,,1.00,38.8,0,0.208,0.160,0.052,0.000,0.000,0.052,0.0,,,138.9,13.9,,,,,17.9,,,,,
"Pastry, croissant",223,420,7.7,6.7,41.8,2.3,24.1,0.0,1.3,258.00,18.00,1.50,1.50,1.10,,0.14,0.11,1.24,0.55,0.06,,,57.8,,0.0,0.0,0.0,506,120,39,16,0.91,0.10,0.58,6.2,35.5166666666667,7.996,10.221,4.115,0.000,0.822,3.293,,365.4,595.5,216.5,135.3,132.6,392.5,175.9,243.6,74.4,406.0,392.5,175.9,324.8,690.2
"Eggs, chicken, egg white, dried",225,357,82.3,73.0,6.8,0.0,0.0,0.0,4.0,0.00,0.00,,,0.10,,0.02,2.53,21.96,0.89,0.02,0.67,94.3,18.0,,0.1,0.0,0.0,1585,604,37,41,0.15,0.13,0.07,5.4,0,0.000,0.000,0.000,,0.000,0.000,10.7,5004.6,7111.8,5136.3,3160.8,2107.2,5136.3,3292.5,3687.6,1264.3,6189.9,4741.2,1843.8,3029.1,3029.1
Vinegar,226,20,0.4,,0.4,0.0,0.0,0.2,0.1,0.00,0.00,0.00,0.00,0.00,,0.00,0.00,0.00,0.00,0.00,0.00,0.0,0.0,0.0,0.0,0.0,0.0,20,89,12,22,0.50,0.01,0.01,0.6,0,0.000,0.000,0.000,0.000,,,0.0,,,,,,,,,,,,,,
Madeira,228,166,0.0,,10.0,0.0,0.0,18.0,0.0,0.00,0.00,0.00,0.00,0.00,0.00,,,,,,,,,,,,,4,100,8,10,0.83,0.13,0.14,10.0,0,0.000,0.000,0.000,0.000,,,,,,,,,,,,,,,,,
Campari,229,180,0.0,,10.0,0.0,0.0,20.0,0.0,0.00,0.00,0.00,0.00,0.00,0.00,0.00,0.00,0.00,0.00,0.00,,,,,0.0,0.0,0.0,0,,,,,0.08,0.07,20.0,0,0.000,0.000,0.000,0.000,,,0.0,,,,,,,,,,,,,,
Pastry with poppy seeds,230,434,7.6,6.6,41.3,3.0,25.9,0.0,1.0,258.00,18.00,1.50,1.50,1.10,,0.12,0.10,1.22,0.55,0.05,,,60.6,,0.0,0.0,0.0,415,130,82,34,1.98,0.15,0.71,12.0,29.2833333333333,8.323,9.984,5.709,0.000,0.892,4.818,,360.3,587.1,213.5,133.4,130.8,386.9,173.5,240.2,73.4,400.3,386.9,173.5,320.2,680.5
"Cheese, Blue and white mould, 70 % fidm.",231,449,12.6,11.3,0.0,0.0,44.1,0.0,1.5,372.33,194.00,0.41,0.41,0.69,0.00,0.04,0.50,3.94,1.00,0.23,1.73,1.5,36.0,2.0,1.2,0.0,0.0,620,82,581,17,0.07,0.05,1.79,0.1,0,28.232,9.793,1.068,1.892,0.178,0.757,145.0,700.7,1181.2,1021.0,360.4,46.0,660.7,700.7,440.4,176.2,860.9,400.4,360.4,260.3,1341.3
"Wine, white, sweet",232,96,0.2,,5.9,0.0,0.0,10.2,0.0,0.00,0.00,0.00,0.00,0.00,,0.00,0.01,0.08,0.08,0.01,0.03,,0.1,0.1,0.0,0.0,0.0,13,110,14,11,0.58,0.04,0.06,5.9,0,0.000,0.000,0.000,0.000,0.000,0.000,0.0,,,,,,,,,,,,,,
"BITTER, all types, average values",235,211,0.0,,0.2,0.0,0.0,30.0,0.0,0.00,0.00,,,,,,,,,,,,,,,,,0,,,,,0.02,0.04,0.1,0,0.000,0.000,0.000,0.000,,,0.0,,,,,,,,,,,,,,
"Pepper, black",236,304,11.0,,44.5,26.5,3.3,0.0,0.1,19.00,114.00,0.00,0.00,0.72,0.00,0.11,0.24,1.14,1.14,0.34,,,10.0,,0.0,21.0,21.0,44,1259,437,194,28.86,1.13,1.42,0.6,38.7,1.392,0.739,0.998,0.000,0.152,0.846,0.0,,,,,,,,,,,,,,
"BITTER, Gammel Dansk Bitter Dram",240,214,0.0,,0.0,0.0,0.0,30.5,0.0,0.00,0.00,,,,,,,,,,,,,,,,,0,,,,,0.02,0.04,0.0,0,0.000,0.000,0.000,0.000,,,0.0,,,,,,,,,,,,,,
"Brandy, cognac",245,224,0.0,,0.0,0.0,0.0,32.0,0.0,0.00,0.00,0.00,0.00,0.00,0.00,0.00,0.00,0.00,0.00,0.00,0.00,0.0,0.0,,0.0,0.0,0.0,0,,,,,0.16,0.02,0.0,0,0.000,0.000,0.000,0.000,,,0.0,,,,,,,,,,,,,,
"Wine, white, sparkling, champagne",246,76,0.3,,1.4,0.0,0.0,9.9,0.0,0.00,0.00,0.00,0.00,0.00,0.00,0.01,0.01,0.07,0.07,0.02,0.03,,0.1,0.1,0.0,0.0,0.0,4,57,3,6,0.50,0.01,0.04,1.4,0,0.000,0.000,0.000,0.000,0.000,0.000,0.0,,,,,,,,,,,,,,
"Cheese, firm, Svenbo, 45 % fidm.",248,377,27.6,24.3,1.0,0.0,29.2,0.0,1.4,269.33,128.00,0.28,0.28,0.74,0.00,0.05,0.33,6.44,0.10,0.09,0.34,1.5,60.0,1.0,1.4,0.5,0.5,550,65,1140,27,0.11,0.09,3.20,0.0,0,18.906,7.857,0.831,,0.220,0.611,96.0,1514.1,2552.3,2206.3,778.7,99.5,1427.6,1514.1,951.7,380.7,1860.2,865.2,778.7,562.4,2898.4
"Aquavit, spiced, average values",249,268,0.0,,10.9,0.0,0.0,32.0,0.0,0.00,0.00,0.00,0.00,0.00,0.00,0.00,0.00,0.00,0.00,0.00,0.00,0.0,0.0,,0.0,0.0,0.0,0,,,,,0.00,0.01,0.0,0,0.000,0.000,0.000,0.000,,,0.0,,,,,,,,,,,,,,
"Sherry, dry",250,117,0.2,,1.3,0.0,0.0,15.9,0.0,0.00,0.00,0.00,0.00,0.00,0.00,0.00,0.01,0.10,0.10,0.01,,,0.1,0.1,0.0,0.0,0.0,10,58,7,13,0.39,0.06,0.21,1.3,0,0.000,0.000,0.000,0.000,,,0.0,,,,,,,,,,,,,,
"Olives, black, without stones, in brine",251,171,1.0,,0.0,6.2,17.2,0.0,1.8,6.67,40.00,0.00,,6.10,,0.02,0.00,,0.00,0.03,,,0.0,,0.0,0.0,,706,19,103,16,8.50,,0.14,0.0,0,2.080,10.200,1.510,0.000,0.140,1.360,,,,,,,,,,,,,,,
"Spirits, 70 % proof",257,234,0.0,0.0,0.0,0.0,0.0,33.4,0.0,0.00,0.00,0.00,0.00,0.00,0.00,0.00,0.00,0.00,0.00,0.00,0.00,0.0,0.0,0.0,0.0,0.0,0.0,1,1,0,0,0.04,0.04,0.03,0.0,0,0.000,0.000,0.000,0.000,0.000,0.000,0.0,0.0,0.0,0.0,0.0,0.0,0.0,0.0,0.0,0.0,0.0,0.0,0.0,0.0,0.0
Vodka,258,234,0.0,0.0,0.0,0.0,0.0,33.4,0.0,0.00,0.00,0.00,0.00,0.00,0.00,0.01,0.01,0.00,0.00,0.00,0.00,0.0,0.0,,0.0,0.0,0.0,1,1,0,0,0.00,0.00,0.00,0.0,0,0.000,0.000,0.000,0.000,0.000,0.000,0.0,0.0,0.0,0.0,0.0,0.0,0.0,0.0,0.0,0.0,0.0,0.0,0.0,0.0,0.0
"Plain cake, lemon cake",259,429,4.6,4.2,54.1,1.3,21.3,0.0,0.5,240.00,,0.70,,2.90,,0.00,0.10,0.93,,0.00,,,3.5,,0.3,2.0,,217,170,25,8,0.40,,0.50,40.0,14.1,,,,,,,,242.1,379.3,217.9,104.9,88.8,258.2,121.1,169.5,55.7,274.4,226.0,113.0,169.5,387.4
"BITTER, Krabask Bitter",260,228,0.0,,1.0,0.0,0.0,32.0,0.0,0.00,0.00,0.00,,0.00,,0.00,0.00,0.00,0.00,0.00,,,0.0,,0.0,0.0,,0,0,0,0,0.00,0.02,0.03,1.0,0,0.000,0.000,0.000,0.000,0.000,0.000,0.0,,,,,,,,,,,,,,
"Cheese, hard, Emmentaler, 45 % fidm.",261,377,28.1,24.8,0.0,0.0,29.1,0.0,1.5,268.33,128.00,0.28,0.28,0.74,16.05,0.04,0.50,6.56,0.10,0.08,0.30,1.7,20.0,,1.5,0.0,0.0,613,120,990,25,0.40,0.03,4.00,0.0,0,18.819,7.821,0.819,,0.220,0.599,96.0,1541.4,2598.4,2246.0,792.7,101.3,1453.3,1541.4,968.9,387.6,1893.7,880.8,792.7,572.5,2950.7
"Breakfast cereal, Rice Krispies",263,372,6.0,,83.0,1.4,1.5,0.0,2.5,1.00,6.00,0.00,,0.23,,1.23,1.31,,16.80,0.46,,,292.0,,0.1,0.0,,994,173,7,53,7.58,0.16,1.07,8.4,72,0.220,0.360,0.410,0.000,0.010,0.390,,,,,,,,,,,,,,,
"Aquavit, 40 % vol., average values",264,224,0.0,,0.0,0.0,0.0,32.0,0.0,0.00,0.00,0.00,0.00,0.00,0.00,,,,,,,,0.0,,0.0,0.0,0.0,0,,,,,0.00,0.01,0.0,0,0.000,0.000,0.000,0.000,,,0.0,,,,,,,,,,,,,,
"Ice cream, dairy, popsickle, strawberry",266,157,4.0,,24.0,0.0,5.0,0.0,0.1,,,,,,,,,,,,,,,,,,,58,,,,,,,20.8,0,2.000,1.800,0.600,,,,,,,,,,,,,,,,,,
"Lemon juice, fresh",268,31,0.4,,3.8,0.0,0.0,0.0,0.0,0.50,3.00,0.00,0.00,0.04,,0.02,0.01,0.10,0.10,0.05,0.10,0.3,7.0,7.0,0.0,46.0,46.0,6,160,110,7,0.40,0.05,0.13,1.6,0,0.000,0.000,0.000,0.000,0.000,0.000,0.0,,,,,,,,,,,,,,
"Cheese, semihard, Esrom, 60 % fidm.",270,426,19.4,17.1,0.4,0.0,38.3,0.0,1.8,354.17,169.00,0.36,0.36,0.98,0.00,0.05,0.33,4.56,0.10,0.09,0.34,1.5,60.0,1.0,1.4,0.5,0.5,730,55,610,22,0.18,0.09,3.30,0.0,0,24.777,10.325,1.092,,0.290,0.801,126.0,1064.4,1794.2,1550.9,547.4,69.9,1003.5,1064.4,669.0,267.6,1307.6,608.2,547.4,395.3,2037.5
"Cream yoghurt, 9 % fat, with fruit",271,128,3.0,2.7,11.5,0.5,7.7,0.0,0.1,70.67,34.00,0.13,0.13,0.20,0.00,0.04,0.17,0.76,0.08,0.04,0.30,1.4,4.0,3.0,0.3,0.9,0.9,40,140,106,10,0.03,0.01,0.34,12.0,0,4.986,2.073,0.218,,0.058,0.160,31.0,173.9,286.7,267.9,75.2,23.0,150.4,126.9,126.9,40.4,206.8,103.4,84.6,61.1,291.4
"Tofu, soy bean curd",272,126,13.3,11.4,0.0,2.5,7.5,0.0,0.4,0.00,0.00,0.00,0.00,0.23,16.05,0.03,0.04,3.25,0.07,0.02,0.57,10.9,8.2,,0.0,0.0,0.0,165,105,195,53,1.90,0.16,1.15,0.2,0,1.119,1.238,3.734,0.000,0.445,3.288,0.0,608.5,1050.5,791.0,142.0,162.5,713.5,515.5,523.0,190.5,643.5,985.5,334.5,544.0,699.5
Port,273,153,0.1,,11.1,0.0,0.0,15.5,0.0,0.00,0.00,0.00,0.00,0.00,0.00,0.00,0.01,0.06,0.06,0.01,,,0.1,0.1,0.0,0.0,0.0,4,95,4,11,0.40,0.08,0.21,11.1,0,0.000,0.000,0.000,0.000,0.000,0.000,0.0,,,,,,,,,,,,,,
"Plain cake, chocolate cake",276,432,5.3,4.8,49.3,1.3,23.5,0.0,0.7,200.00,,0.70,,2.50,,0.10,0.10,1.07,,0.00,,,6.7,,0.3,0.0,,288,169,140,32,0.40,,0.90,20.0,29.3,,,,,,,,279.0,437.1,251.1,120.9,102.3,297.6,139.5,195.3,64.2,316.2,260.4,130.2,195.3,446.4
"Bouillon, chicken, prepared",277,4,0.3,,0.3,0.0,0.2,0.0,0.8,0.00,0.00,0.01,,0.01,,0.00,0.01,0.04,0.04,0.00,,,1.0,,0.0,0.0,0.0,313,6,6,2,0.02,0.01,0.01,0.2,0,0.054,0.079,0.074,0.000,0.002,0.072,0.0,,,,,,,,,,,,,,
"Danish pastry, cinnamon roll",279,412,4.5,3.9,39.2,1.5,26.0,0.0,0.8,4.00,,0.20,,5.10,,0.10,0.10,1.52,0.80,0.00,,,19.0,,0.1,0.0,,301,74,18,11,0.40,,0.40,22.0,17.2,9.508,10.736,3.936,,0.795,3.141,,213.0,347.2,126.2,78.9,77.3,228.8,102.6,142.0,43.4,236.7,228.8,102.6,189.4,402.4
"Danish pastry, average values",280,442,4.5,3.9,43.1,3.0,27.3,0.0,0.8,258.00,18.00,1.50,1.50,1.10,0.00,0.07,0.06,1.27,0.55,0.05,,,8.0,,0.0,0.0,0.0,301,98,33,12,0.40,,0.78,17.0,26.1,10.600,9.220,4.470,,0.600,,,213.0,347.2,126.2,78.9,77.3,228.8,102.6,142.0,43.4,236.7,228.8,102.6,189.4,402.4
"Plain cake, average values",281,424,4.6,4.1,55.4,1.3,20.2,0.0,1.0,129.33,20.00,0.70,,0.50,0.00,0.05,0.07,1.33,0.41,0.05,0.00,4.0,7.3,,0.0,0.0,0.0,384,132,46,14,1.27,0.08,0.43,35.9,17.2,5.706,8.313,4.450,0.278,0.800,3.650,,239.5,375.2,215.6,103.8,87.8,255.5,119.8,167.7,55.1,271.4,223.5,111.8,167.7,383.2
"Pop corn, oil and salt added, traditional",282,468,9.6,8.3,57.9,8.1,20.2,0.0,1.3,4.33,26.00,,,,,0.10,0.07,2.46,1.43,0.20,0.28,6.1,43.0,,,71.0,71.0,505,182,10,,2.30,0.16,2.48,0.6,57.3,13.006,1.903,3.736,0.000,0.000,3.736,0.0,354.2,1216.6,261.8,184.8,154.0,492.8,369.6,354.2,61.6,462.0,400.4,261.8,354.2,862.4
"Bulgur, parboiled, raw",283,342,10.8,9.8,65.4,9.9,1.9,0.0,0.0,0.00,0.00,0.00,0.00,0.09,,0.18,0.04,2.53,1.49,0.19,0.47,4.3,23.1,,0.0,0.0,0.0,11,375,33,69,1.90,0.43,2.30,0.9,44.59,0.228,0.155,0.552,0.000,0.000,0.552,0.0,404.0,833.0,276.0,194.0,242.0,565.0,295.0,333.0,152.0,511.0,495.0,273.0,410.0,1200.0
"Lentils, sprouted, raw",285,123,9.0,,19.1,3.1,0.6,0.0,0.0,5.00,30.00,0.00,0.00,0.20,,0.23,0.13,1.13,1.13,0.19,0.58,,100.0,,0.0,16.5,16.5,11,322,25,37,3.21,0.35,1.51,0.8,18.3,0.065,0.116,0.245,0.000,0.043,0.202,0.0,329.8,631.0,702.7,104.7,329.8,444.5,243.8,329.8,,401.5,602.3,258.1,315.5,358.5
Whisky,286,252,0.0,0.0,0.1,0.0,0.0,36.0,0.0,0.00,0.00,0.00,0.00,0.00,0.00,0.01,0.00,0.05,0.05,0.00,0.00,0.0,0.0,,0.0,0.0,0.0,0,163,0,0,0.02,0.02,0.01,0.0,0,0.000,0.000,0.000,0.000,0.000,0.000,0.0,0.0,0.0,0.0,0.0,0.0,0.0,0.0,0.0,0.0,0.0,0.0,0.0,0.0,0.0
"Sausage, beef salami",287,383,19.1,16.1,0.0,0.0,34.1,0.0,9.0,0.00,0.00,0.60,,1.56,16.83,0.31,0.13,3.81,,0.20,,,1.2,,0.8,0.0,0.0,3583,287,38,18,2.86,0.09,5.50,0.0,0,13.160,16.220,3.430,,0.260,3.000,89.0,964.8,1511.5,1672.3,482.4,144.7,771.8,643.2,836.2,228.3,1029.1,1189.9,675.4,1093.4,900.5
"Cheese, semihard, Havarti, 60 % fidm.",291,424,19.5,17.2,0.5,0.0,37.9,0.0,1.7,352.00,168.00,0.36,0.36,0.97,28.23,0.05,0.33,4.58,0.10,0.09,0.34,1.5,60.0,1.0,1.4,0.5,0.5,676,55,498,22,0.18,0.09,3.30,0.0,0,24.566,10.204,1.074,,0.288,0.786,126.0,1069.6,1803.0,1558.6,550.1,70.3,1008.5,1069.6,672.3,268.9,1314.1,611.2,550.1,397.3,2047.5
"Cream, cultured, 9 % fat  (Fraiche 9%)",300,118,6.8,5.5,4.3,0.0,8.2,0.0,0.1,64.67,40.00,0.14,0.14,0.23,0.00,0.03,0.24,1.40,0.15,0.04,0.30,1.2,13.0,3.0,0.4,0.9,0.9,28,119,104,10,0.03,0.02,0.37,3.2,0,5.526,1.613,0.218,0.327,0.054,0.131,30.0,363.8,631.3,556.4,149.8,54.6,321.0,288.9,224.7,74.9,438.7,246.1,171.2,160.5,524.3
"Pork/beef sausage, teewurst",301,478,10.9,,0.0,0.0,48.3,0.0,3.1,3.00,0.00,,,,0.00,,,,,,,,,,,0.0,0.0,1221,172,,,0.45,0.06,1.60,0.0,0,16.527,20.945,4.507,0.000,0.370,4.137,77.0,,,,,,,,,,,,,,
"Hazelnut, dried",302,657,13.2,12.7,10.1,9.4,60.6,0.0,0.0,2.67,16.00,0.00,0.00,22.25,10.65,0.17,0.38,4.09,0.59,0.21,0.64,87.8,80.5,,0.0,6.3,6.3,0,600,143,155,2.77,1.40,2.00,3.0,0.319657,4.440,48.268,6.102,0.000,0.059,6.044,0.0,519.0,1020.0,435.0,201.0,245.0,667.0,434.0,458.0,210.0,683.0,2030.0,374.0,689.0,559.0
"Cream, 9 % fat",303,111,3.3,3.0,4.1,0.0,9.0,0.0,0.1,79.67,40.00,0.06,0.02,0.15,0.00,0.04,0.17,0.83,0.08,0.04,0.30,1.7,13.0,3.0,0.4,0.9,0.9,35,131,106,10,0.03,0.02,0.37,4.2,0,5.632,2.132,0.243,0.443,0.033,0.177,30.0,192.4,317.2,296.4,83.2,25.5,166.4,140.4,140.4,44.7,228.8,114.4,93.6,67.6,322.4
"Pasta, raw",305,361,12.3,11.3,72.4,3.2,1.8,0.0,0.0,0.00,0.00,0.00,0.00,0.20,0.00,0.15,0.04,2.23,1.00,0.05,0.30,1.0,29.4,4.0,0.0,0.0,0.0,2,215,20,62,1.70,0.25,1.20,0.0,73.93,0.251,0.189,0.801,0.000,0.054,0.747,0.0,562.2,951.5,281.1,201.1,188.1,692.0,237.9,346.0,134.1,627.1,497.4,302.7,454.1,1600.2
"Cheese, Quark, 5 % fidm.",307,58,9.1,8.1,3.9,0.0,0.3,0.0,0.1,3.33,2.00,0.07,0.07,0.01,0.00,0.04,0.23,2.28,0.17,0.05,0.34,1.7,27.0,2.0,0.4,1.0,1.0,34,143,121,12,0.02,0.01,0.48,3.7,0,0.194,0.082,0.008,,0.002,0.006,4.0,501.7,845.7,731.0,258.0,33.0,473.0,501.7,315.3,126.1,616.3,286.7,258.0,186.3,960.3
"Cheese, hard, Grana, 32 % fidm.",308,354,33.1,29.6,0.0,0.0,24.1,0.0,2.5,222.67,106.00,0.24,0.24,0.61,0.00,0.04,0.33,7.99,0.27,0.09,0.53,1.5,7.0,,1.6,0.0,0.0,998,92,1180,44,0.82,0.03,2.75,0.0,0,15.607,6.487,0.681,,0.180,0.501,80.0,1843.1,3106.9,2685.7,947.9,121.1,1737.8,1843.1,1158.5,463.4,2264.4,1053.2,947.9,684.6,3528.2
"Cheese, hard, Parmesan, 32 % fidm.",309,360,33.6,29.6,1.5,0.0,24.4,0.0,2.5,222.67,106.00,0.24,0.24,0.61,11.87,0.04,0.33,7.99,0.27,0.09,0.53,1.5,7.0,,1.6,0.0,0.0,998,92,1180,44,0.82,0.03,2.75,0.0,0,15.787,6.562,0.689,,0.182,0.506,80.0,1843.1,3106.9,2685.7,947.9,121.1,1737.8,1843.1,1158.5,463.4,2264.4,1053.2,947.9,684.6,3528.2
Gin,313,265,0.0,0.0,0.0,0.0,0.0,37.9,0.0,0.00,0.00,0.00,0.00,0.00,0.00,0.00,0.00,0.00,0.00,0.00,0.00,0.0,0.0,,0.0,0.0,0.0,2,0,0,0,0.18,0.00,0.00,0.0,0,0.000,0.000,0.000,0.000,0.000,0.000,0.0,0.0,0.0,0.0,0.0,0.0,0.0,0.0,0.0,0.0,0.0,0.0,0.0,0.0,0.0
"Gherkin, pickled, no sugar added",317,10,0.3,,1.1,1.2,0.2,0.0,0.7,10.33,62.00,0.00,0.00,0.20,0.00,0.00,0.00,0.10,0.10,0.04,,,8.0,,0.0,0.0,,277,183,33,11,0.10,,0.20,0.3,0.2,0.030,0.000,0.040,0.000,0.020,0.020,0.0,,,,,,,,,,,,,,
"Yeast, baker`s, compressed",319,114,7.7,6.6,13.4,6.2,1.9,0.0,0.0,0.00,0.00,0.00,0.00,0.20,0.00,0.47,1.40,9.25,7.50,1.10,3.50,60.0,1000.0,140.0,0.0,0.1,0.1,16,610,15,31,1.60,0.16,4.50,0.0,0,0.286,1.229,0.005,0.000,0.000,0.005,0.0,430.1,577.9,645.1,118.3,29.6,322.6,282.2,430.1,104.8,537.6,443.5,174.7,416.6,282.2
"Biscuit, sweet, vanilla flavoured",320,528,4.7,,61.5,2.0,28.8,0.0,0.5,255.00,,0.10,,4.80,,0.10,0.10,0.57,,0.00,,,12.0,,0.1,0.0,,197,90,34,32,0.40,,0.60,26.0,35.5,,,,,,,,240.0,410.0,86.0,91.0,91.0,260.0,100.0,160.0,34.0,260.0,180.0,120.0,200.0,600.0
"Cheese, hard, Cheddar, Danish",321,405,25.8,23.1,0.0,0.0,33.1,0.0,1.7,305.33,146.00,0.31,0.31,0.84,0.00,0.04,0.50,6.12,0.10,0.08,0.30,1.7,20.0,,1.5,0.0,0.0,678,120,739,25,0.40,0.03,4.00,0.0,0,21.423,8.917,0.940,,0.250,0.690,109.0,1437.5,2423.1,2094.6,739.3,94.5,1355.3,1437.5,903.5,361.4,1766.0,821.4,739.3,533.9,2751.7
"Fish cake, raw",324,108,8.5,7.3,11.7,1.1,2.8,0.0,1.5,0.00,0.00,0.00,0.00,0.25,0.00,0.07,0.14,2.48,0.80,0.10,,,,,0.5,0.0,0.0,611,234,100,17,0.45,,0.40,0.7,10.9,0.500,0.200,2.464,0.000,0.000,2.464,40.0,421.6,693.6,748.0,244.8,59.8,380.8,285.6,353.6,100.6,476.0,462.4,190.4,380.8,489.6
Rum,325,278,0.0,0.0,0.0,0.0,0.0,39.7,0.0,0.00,0.00,0.00,0.00,0.00,0.00,0.01,0.00,0.00,0.00,0.00,0.00,,0.0,,0.0,0.0,0.0,1,2,0,0,0.04,0.07,0.02,0.0,0,0.000,0.000,0.000,0.000,0.000,0.000,0.0,0.0,0.0,0.0,0.0,0.0,0.0,0.0,0.0,0.0,0.0,0.0,0.0,0.0,0.0
"Pistachio nuts, dried",328,606,21.6,19.6,12.3,8.8,50.3,0.0,0.0,0.00,,0.00,0.00,1.64,26.15,0.42,0.24,6.87,1.10,0.90,0.43,45.5,68.4,,0.0,5.0,5.0,0,1000,92,110,2.80,1.30,2.45,7.2,0.85817075,5.813,25.329,14.282,0.000,0.243,14.039,,925.0,1620.0,1190.0,360.0,376.0,1150.0,614.0,726.0,346.0,1290.0,2240.0,510.0,1020.0,896.0
Whipped egg white and sugar with chocolate covering,330,406,4.2,,63.4,0.4,15.0,0.0,0.1,0.00,0.00,0.00,0.00,0.00,0.00,0.03,0.08,0.81,0.81,0.02,,,3.3,,0.0,0.0,0.0,31,133,81,22,1.40,0.42,0.50,46.4,16.7,8.570,4.090,1.410,0.000,0.190,1.220,0.0,,,,,,,,,,,,,,
"Millet, flakes",331,370,12.1,,71.9,2.0,3.3,0.0,0.0,0.00,0.00,0.00,0.00,0.05,,0.42,0.29,1.69,4.72,0.75,,,27.0,,0.0,0.0,0.0,0,220,10,100,4.80,0.49,3.40,0.6,71.3,0.723,0.773,2.134,0.000,0.118,2.015,0.0,839.0,1578.6,391.5,331.5,,636.0,,304.5,101.5,843.1,609.1,246.5,,
"Cheese, unripened, smoked, 1 % fat",333,68,11.9,10.5,3.2,0.0,0.5,0.0,0.1,4.33,2.00,0.07,0.07,0.01,0.00,0.04,0.29,3.18,0.45,0.07,0.39,3.8,2.8,2.0,0.6,1.0,1.0,31,120,112,13,0.05,0.03,0.47,3.5,0,0.338,0.140,0.015,,0.004,0.011,6.0,651.7,1098.6,949.6,335.2,42.8,614.5,651.7,409.6,163.9,800.7,372.4,335.2,242.1,1247.5
"Cod, liver, canned",335,532,4.6,2.9,4.4,0.0,55.1,0.0,1.5,5100.00,0.00,100.00,100.00,20.00,,0.07,0.34,3.27,2.60,0.15,0.43,,300.0,,10.6,0.0,0.0,589,130,10,8,2.10,0.66,1.94,0.0,1,11.811,26.130,13.357,,11.631,1.726,323.0,169.3,287.0,272.3,95.7,81.0,161.9,132.5,176.6,40.5,220.8,228.2,81.0,176.6,139.8
"Snacks, expanded, cornbased",337,503,7.4,,58.8,3.6,25.7,0.0,1.9,0.00,,0.00,,,,0.11,0.05,1.81,1.81,0.19,0.35,9.6,38.0,,,,,757,209,48,54,1.22,0.14,1.04,1.3,57.2,13.370,6.922,2.967,0.000,0.000,2.967,,,,,,,,,,,,,,,
"Cheese, whey, Myseost, 33 % fidm.",340,433,15.0,13.2,32.6,0.0,27.0,0.0,1.3,248.83,119.00,0.25,0.25,0.69,0.00,0.13,1.50,4.25,0.80,0.13,0.34,1.5,60.0,1.0,0.4,0.5,0.5,511,1300,340,79,0.55,,1.10,33.1,0,17.480,7.276,0.760,800.000,0.200,0.560,89.0,822.9,1387.1,1199.0,423.2,54.1,775.8,822.9,517.2,206.9,1010.9,470.2,423.2,305.6,1575.2
"Cheese, hard, Gruyere, 45 % fidm.",341,396,29.9,26.4,1.4,0.0,30.1,0.0,1.5,278.00,132.00,0.29,0.29,0.77,0.00,0.04,0.50,6.97,0.10,0.08,0.30,1.7,20.0,,1.5,0.0,0.0,613,120,990,25,0.40,0.03,4.00,0.0,0,19.483,8.101,0.860,,0.230,0.630,99.0,1640.5,2765.3,2390.4,843.7,107.8,1546.7,1640.5,1031.1,412.5,2015.4,937.4,843.7,609.3,3140.3
"Cabbage, red, canned, no sugar added",342,20,0.5,0.3,2.9,2.6,0.1,0.0,0.8,4.17,25.00,0.00,0.00,0.07,,0.07,0.05,0.66,0.60,0.15,0.32,0.1,46.0,23.0,0.0,20.0,20.0,300,100,39,6,0.83,0.03,0.55,2.0,0.1,0.019,0.006,0.055,0.000,0.017,0.038,0.0,13.6,15.2,15.2,3.8,0.3,8.8,5.8,6.2,3.8,22.4,20.8,8.0,10.4,18.4
"Danish pastry, pretzel",343,416,4.3,3.8,38.2,1.6,27.0,0.0,0.7,267.00,,0.10,,1.10,,0.10,0.10,1.79,1.10,0.04,,,16.0,,0.1,0.1,,296,133,57,16,0.40,,0.50,18.0,20.2,8.630,12.700,4.185,,0.815,3.371,,203.6,331.8,120.6,75.4,73.9,218.7,98.0,135.7,41.5,226.2,218.7,98.0,181.0,384.5
"Sherry, sweet",344,136,0.3,,6.5,0.0,0.0,15.5,0.0,0.00,0.00,0.00,0.00,0.00,0.00,0.00,0.01,0.07,0.07,0.01,,,0.1,0.1,0.0,0.0,0.0,13,109,7,11,0.37,0.06,0.21,6.5,0,0.000,0.000,0.000,0.000,,,0.0,,,,,,,,,0.0,,,,,
"Fig, dried",348,292,3.3,2.4,62.9,9.3,0.9,0.0,0.2,13.33,80.00,0.00,0.00,0.32,,0.09,0.11,1.19,0.75,0.12,0.44,1.0,9.0,3.0,0.0,1.2,1.2,87,1010,193,92,2.20,0.24,0.90,53.7,0.3,0.165,0.183,0.396,0.000,0.000,0.396,0.0,100.3,137.3,129.4,26.4,52.3,79.2,137.3,100.3,26.4,129.4,73.9,47.0,110.9,211.2
"Cranberry, raw",350,42,0.4,0.7,7.6,4.6,0.1,0.0,0.0,6.00,36.00,0.00,0.00,1.60,,0.01,0.02,0.15,0.10,0.06,0.30,,1.0,,0.0,13.3,13.3,2,85,8,6,0.25,0.06,0.10,4.0,0,0.010,0.020,0.130,0.000,0.070,0.060,0.0,32.9,52.7,39.1,3.0,3.0,36.0,32.2,27.9,3.0,45.3,55.8,18.0,47.7,31.0
"Pastry, 'linse'",351,385,5.6,5.0,40.1,2.3,22.0,0.0,0.4,208.00,,0.40,,1.80,,0.10,0.10,2.42,1.30,0.00,,,9.3,,0.2,0.3,,163,130,47,17,0.70,,0.60,14.0,26.1,8.255,9.397,2.808,,0.540,2.269,,292.8,458.7,263.5,126.9,107.4,312.3,146.4,205.0,67.3,331.8,273.3,136.6,205.0,468.5
"Pop corn, oil and salt added",352,489,9.6,8.3,53.7,8.1,24.3,0.0,1.0,4.33,26.00,0.16,,,,0.10,0.07,2.46,1.43,0.20,0.28,6.1,43.0,,,71.0,71.0,400,182,10,,2.30,0.16,2.48,0.6,53.1,15.646,2.289,4.494,0.000,,,0.0,354.2,1216.6,261.8,184.8,154.0,492.8,369.6,354.2,61.6,462.0,400.4,261.8,354.2,862.4
"Danish pastry, christmas cake",356,458,5.2,4.5,38.1,3.0,31.0,0.0,1.0,137.00,,,,1.10,,0.07,0.06,1.39,0.55,0.05,,,,,,,,395,119,33,12,0.40,,0.84,18.0,20.1,12.776,11.124,5.395,,0.711,4.684,,246.2,401.3,145.9,91.2,89.4,264.5,118.6,164.2,50.2,273.6,264.5,118.6,218.9,465.1
"Sausage, salami",358,455,14.8,11.4,0.0,0.0,44.0,0.0,4.8,9.00,0.00,0.35,0.00,0.63,19.96,0.38,0.17,5.70,3.70,0.21,0.92,7.0,5.9,2.0,1.7,17.0,17.0,1915,241,33,16,1.31,0.07,2.40,0.0,0,15.512,18.409,4.375,0.000,0.380,3.995,92.0,637.7,1054.6,1177.3,269.8,152.1,564.1,367.9,539.6,120.2,735.8,858.4,318.8,1201.8,833.9
Pound cake,359,446,6.2,5.0,48.6,1.0,25.0,0.0,0.6,262.00,,0.50,0.50,2.40,,0.05,0.05,1.52,0.40,0.04,,,6.1,,0.3,0.0,,239,98,85,11,0.40,,0.80,28.0,20.7,,,,,,,,292.8,458.7,263.5,126.9,107.4,312.3,146.4,205.0,67.3,331.8,273.3,136.6,205.0,468.5
"Quinces, raw",364,60,0.4,,13.4,1.9,0.1,0.0,0.0,4.00,24.00,0.00,0.00,0.10,,0.02,0.03,0.20,0.20,0.04,0.08,,3.0,,0.0,15.0,15.0,4,197,11,8,0.70,0.13,0.10,6.3,0,0.007,0.027,0.036,0.000,0.000,0.036,0.0,,,,,,,,,,,,,,
"Pumpkin, raw",366,18,0.6,0.5,3.1,1.1,0.1,0.0,0.0,7.50,45.00,0.00,0.00,0.10,,0.05,0.02,0.36,0.20,0.05,0.40,0.4,36.0,5.0,0.0,5.0,5.0,2,243,20,11,0.27,0.08,0.20,2.7,0.6,0.027,0.002,0.051,0.000,0.033,0.018,0.0,21.1,24.0,19.2,7.3,2.1,145.9,11.5,10.6,9.4,22.1,31.7,7.3,15.4,12.5
"Salad dressing, blue cheese",367,520,4.8,4.5,7.4,0.0,52.3,0.0,2.7,67.67,16.00,,,6.00,0.00,0.01,0.10,1.26,0.10,0.04,0.39,,26.0,,0.3,2.0,2.0,1094,37,81,0,0.20,,0.27,7.7,2.1,9.816,12.372,27.811,,3.783,24.028,17.0,253.4,430.1,414.7,130.6,23.8,245.8,291.8,176.6,69.9,345.6,161.3,169.0,92.2,468.5
"Radishes, oriental, daikon, Japanese radish, raw",368,17,0.6,0.4,2.6,1.6,0.1,0.0,0.1,0.00,0.00,0.00,0.00,,,0.02,0.02,0.25,0.20,0.08,0.14,,28.0,,0.0,16.2,16.2,21,227,27,16,0.40,0.12,0.15,2.9,0,0.030,0.016,0.045,0.000,0.029,0.016,0.0,25.9,30.7,29.8,6.0,5.0,20.2,10.6,25.0,3.0,27.8,34.6,10.6,19.2,15.4
"Sesame seeds, whole",370,605,19.6,18.5,4.0,13.3,53.8,0.0,0.0,0.00,0.00,0.00,0.00,0.00,2.82,0.75,0.22,10.94,4.61,0.37,0.34,14.2,170.5,,0.0,0.0,0.0,1,505,959,335,8.95,1.70,5.50,1.2,0.2201675,6.638,17.469,18.933,0.000,0.152,18.781,0.0,794.0,1480.0,638.0,669.0,432.0,993.0,783.0,801.0,380.0,1020.0,2770.0,539.0,1110.0,774.0
"Olives, green, pickled, canned",371,134,1.1,,4.9,2.4,11.7,0.0,5.5,38.50,231.00,0.00,0.00,1.99,,0.02,0.01,0.08,0.00,0.02,0.02,0.0,1.2,,0.0,0.0,0.0,2217,38,120,16,0.49,0.23,0.06,0.5,0,1.641,8.174,1.301,0.000,0.070,1.231,0.0,,,,,,,,,4.9,,,,,
"Seaweed, agar, dried",372,161,2.3,,0.2,74.1,0.3,0.0,0.0,0.00,0.00,0.00,0.00,,,0.00,0.00,0.00,0.00,,,,,,,0.0,0.0,4,29,690,,9.00,0.50,1.00,0.0,0,0.061,0.027,0.102,0.000,,,0.0,,,,,,,,,,,,,,
"Crispbread, knackebrot, rye, coarse",375,343,9.3,,64.4,15.3,2.0,0.0,1.1,1.67,10.00,0.00,0.00,0.80,0.00,0.29,0.12,1.67,1.40,0.25,,,66.7,,0.0,0.0,0.0,429,479,38,93,2.66,0.35,2.59,1.6,58.8,0.384,0.342,1.131,0.000,0.145,0.986,0.0,330.0,570.0,360.0,140.0,130.0,400.0,210.0,310.0,100.0,480.0,470.0,210.0,400.0,740.0
"Macaroni, spaghetti, whole meal, raw",377,352,13.1,12.1,63.5,9.6,2.9,0.0,0.0,0.00,0.00,0.00,0.00,0.20,0.00,0.67,0.11,2.37,1.00,0.04,,,53.0,,0.0,0.0,0.0,5,490,34,,4.00,0.13,0.87,3.9,59.6,0.405,0.305,1.291,0.000,0.087,1.204,,597.5,1011.1,298.7,213.7,199.9,735.4,252.8,367.7,142.5,666.4,528.5,321.7,482.6,1700.5
"Rye bread, dark, wholemeal, imported",379,200,5.7,,36.4,8.4,1.7,0.0,1.4,0.00,0.00,0.00,0.00,0.20,0.00,0.18,,1.18,1.10,0.16,0.60,5.5,,,0.0,0.0,0.0,550,280,77,52,2.20,0.22,1.43,3.8,36.4,0.271,0.376,0.841,0.000,0.119,0.722,0.0,240.0,410.0,210.0,96.0,91.0,280.0,120.0,210.0,71.0,340.0,270.0,140.0,290.0,560.0
"Pear, canned",380,71,0.3,0.2,15.7,2.4,0.2,0.0,0.0,1.67,10.00,0.00,0.00,0.20,,0.01,0.03,0.13,0.08,0.01,0.02,0.0,11.0,4.0,0.0,0.7,0.7,5,66,6,4,0.18,0.07,0.13,19.5,0,0.037,0.023,0.100,0.000,0.025,0.075,0.0,12.0,19.7,19.7,3.0,1.5,12.0,4.5,10.6,3.0,14.9,9.1,6.2,12.0,26.9
"Turnip, raw",381,26,0.6,,4.7,2.0,0.1,0.0,0.0,0.00,0.00,0.00,0.00,0.00,,0.04,0.05,1.13,1.00,0.08,0.20,0.1,20.0,17.0,0.0,16.0,16.0,17,283,50,8,0.50,0.04,0.23,3.8,0,0.050,0.040,0.140,0.000,0.090,0.500,0.0,15.4,25.0,11.5,6.7,,12.5,8.6,17.3,7.7,15.4,9.6,4.8,15.4,21.1
"BITTER, sweet, all types, average values",383,265,0.0,,18.0,0.0,0.0,27.6,0.0,0.00,0.00,,,,,,,,,,,,,,,,,0,,,,,0.02,0.04,18.0,0,0.000,0.000,0.000,0.000,,,0.0,,,,,,,,,,,,,,
"Bean, adzuki, sprouted, raw",384,131,10.0,,19.6,5.2,0.2,0.0,0.0,1.00,6.00,0.00,0.00,,,,,,,,,,100.0,,0.0,,,6,,44,,,,,0.8,18,,,,0.000,,,0.0,,,,,,,,,,,,,,
"Millet, whole-grain",385,368,11.0,,70.2,2.6,4.2,0.0,0.0,0.00,0.00,0.00,0.00,0.05,,0.42,0.29,1.54,4.72,0.75,,,30.0,,0.0,0.0,0.0,0,220,10,100,4.80,0.49,3.40,0.6,63.7,0.600,0.600,1.300,0.000,0.090,1.400,0.0,765.5,1440.2,357.2,302.4,,580.2,,277.8,92.6,769.2,555.7,224.9,283.5,869.4
"Pop corn, microwave oven",386,505,9.6,,52.2,8.1,26.8,0.0,1.3,4.33,26.00,0.16,,,,,,,,,,,,,,,,530,,10,,2.30,,2.48,0.6,51.6,7.860,6.499,3.196,6.072,0.000,3.196,,,,,,,,,,,,,,,
"Mussel, raw",387,83,11.9,10.3,3.7,0.0,2.2,0.0,1.5,84.00,0.00,0.00,0.00,3.50,0.00,0.00,0.20,4.14,1.60,0.10,,,41.8,,10.2,8.0,8.0,582,145,30,39,7.70,0.22,3.40,0.7,3,0.446,0.485,0.480,0.034,0.360,0.120,38.0,571.2,913.9,952.0,323.7,190.4,495.0,495.0,552.2,152.3,742.6,894.9,285.6,609.3,495.0
"Cucumber, raw",388,12,0.7,0.5,1.8,0.8,0.0,0.0,0.0,10.33,62.00,0.00,0.00,0.05,16.40,0.01,0.01,0.27,0.18,0.04,0.15,0.8,17.6,,0.0,10.4,9.1,2,147,18,10,0.20,0.03,0.13,1.6,0,0.008,0.001,0.011,0.000,0.005,0.006,0.0,18.4,27.7,23.1,9.5,2.1,17.3,10.5,16.1,5.2,21.9,27.7,8.4,25.4,12.7
"Loquat, raw",389,49,0.4,0.3,10.4,1.7,0.2,0.0,0.0,0.17,1.00,0.00,,,,0.02,0.02,0.26,0.18,,,,,,0.0,1.0,1.0,1,266,16,13,0.28,0.04,0.05,6.3,0,0.039,0.008,0.093,0.000,0.013,0.079,0.0,15.2,26.2,22.8,4.0,6.0,13.8,13.1,15.2,5.0,21.4,13.8,6.9,20.0,26.9
"Cashew nuts, oil roasted",390,610,16.8,16.0,26.6,3.3,47.8,0.0,0.0,0.00,0.00,0.00,,,,0.36,0.22,6.08,1.74,0.32,0.88,,25.0,,0.0,0.3,0.3,13,632,43,273,6.05,2.04,5.35,5.0,23.5,9.096,28.419,8.154,0.000,0.170,7.984,0.0,794.3,1429.7,889.6,301.8,311.3,857.8,540.1,667.2,260.5,1143.7,1906.2,444.8,889.6,762.5
"Danish pastry, butter ring",392,469,4.3,3.8,41.7,3.0,31.0,0.0,0.7,,,,,1.10,,0.07,0.06,1.24,0.55,0.05,,,,,,,,286,92,33,12,0.40,,0.82,17.0,24.7,12.092,10.647,6.154,0.000,1.206,4.948,,203.6,331.8,120.6,75.4,73.9,218.7,98.0,135.7,41.5,226.2,218.7,98.0,181.0,384.5
"Nut paste with cacao, spreads",393,527,7.0,,55.6,4.9,29.6,0.0,0.0,800.00,4800.00,0.00,0.00,7.80,,0.01,0.28,0.45,0.45,0.14,,,23.7,,0.2,1.0,1.0,10,476,136,76,2.30,,0.12,57.3,0,9.150,15.790,3.360,0.000,0.070,3.290,0.0,,,,,,,,,,,,,,
"Corn flakes, average values",395,374,7.5,6.4,81.4,3.1,1.4,0.0,1.5,0.00,0.00,0.00,0.00,0.02,0.00,0.66,0.57,0.58,1.10,0.12,0.19,,26.7,14.0,0.0,0.0,,608,103,4,15,2.89,0.07,0.27,7.1,75.1133333333333,0.210,0.389,0.659,0.000,0.016,0.643,0.0,287.5,1185.9,57.5,155.7,94.6,395.3,203.6,227.6,34.7,395.3,167.7,215.6,227.6,802.6
"Breakfast cereal, müsli, average values",396,405,9.4,8.5,63.3,7.2,11.1,0.0,0.2,0.00,0.00,0.00,0.00,0.75,,0.28,0.07,2.18,0.80,0.21,,,39.4,,0.0,0.0,0.0,67,427,42,84,2.84,0.40,1.83,11.3,44.709375,1.841,2.941,2.667,0.000,0.641,2.026,0.0,404.3,727.8,420.5,161.7,275.0,533.7,307.3,339.6,131.0,598.4,646.9,226.4,549.9,533.7
"Mock turtle ragout, average values",398,109,7.9,,5.5,0.0,6.2,0.0,1.9,,,,,,0.00,,,,,,,,,,,0.0,0.0,745,120,36,10,0.87,0.07,1.30,0.5,5,2.200,3.100,0.700,,,,,,,,,,,,,,,,,,
"Apricot, canned, light syrup pack",403,68,0.5,0.4,15.6,1.5,0.1,0.0,0.0,130.83,785.00,0.00,0.00,0.89,,0.02,0.02,0.46,0.30,0.05,0.09,,2.0,,0.0,2.7,2.7,4,138,11,8,0.39,0.08,0.11,14.9,0,0.003,0.022,0.010,0.000,0.000,0.010,0.0,16.2,30.6,36.6,2.3,1.5,21.3,11.9,19.6,9.4,19.6,20.4,9.4,16.2,31.5
"Gherkin, pickled",404,58,0.3,,11.8,1.8,0.7,0.0,1.0,10.33,62.00,0.00,0.00,0.07,0.00,0.04,0.09,0.20,0.20,0.04,,,8.0,,0.0,0.0,,400,129,17,11,0.20,0.06,0.20,10.9,0.2,0.230,0.020,0.310,0.000,0.170,0.130,0.0,,,,,,,,,,,,,,
"Pork sausage, saveloy type, low fat",406,130,10.0,,4.2,0.0,8.1,0.0,2.8,4.10,0.00,0.29,0.07,0.40,,0.20,0.09,2.74,2.74,0.09,,,3.9,,0.4,0.1,,1100,207,9,19,0.60,,1.60,0.1,3.8,3.300,3.600,0.500,,0.000,,,,,,,,,,,,,,,,
Grape juice,407,63,0.6,,14.8,0.1,0.1,0.0,0.0,1.00,6.00,0.00,0.00,0.18,0.00,0.03,0.04,0.26,0.26,0.07,0.04,,3.0,,0.0,0.1,0.1,3,132,9,10,0.24,0.03,0.05,15.0,0,0.025,0.003,0.022,0.000,0.005,0.017,0.0,7.0,11.7,9.9,1.0,,11.7,3.0,16.2,,9.9,46.8,7.0,11.7,
"Crayfish, raw",408,68,14.6,,1.2,0.0,0.5,0.0,2.3,18.00,0.00,0.50,0.50,1.50,0.00,0.01,0.04,1.90,1.90,2.10,,,,,2.7,0.0,0.0,928,138,58,27,1.40,0.24,1.31,0.0,1.2,0.169,0.149,0.032,0.004,0.022,0.010,158.0,,,,,,,,,,,,,,
Corn starch,409,361,0.4,,88.3,0.5,0.6,0.0,0.0,0.00,0.00,0.00,0.00,0.00,0.00,0.00,0.01,0.08,0.03,0.01,,,0.0,,0.0,0.0,0.0,2,5,10,4,0.28,,0.00,0.0,86.78,0.110,0.040,0.250,0.000,0.023,0.220,0.0,,,,,,,,,4.9,,,,,
"Carrot, canned",410,23,0.6,0.5,4.0,1.5,0.2,0.0,0.6,1376.67,8260.00,0.00,,,,0.02,0.03,0.68,0.55,0.11,0.14,,9.0,,0.0,2.7,2.7,242,179,25,8,0.64,0.10,0.26,3.7,0.4,0.032,0.009,0.094,0.000,0.011,0.082,0.0,26.5,28.6,26.5,4.3,5.3,21.4,12.2,24.5,7.4,28.6,27.5,10.2,19.4,19.4
"Potatoes, mashed, instant powder with dry milk",412,333,10.9,8.2,62.5,14.9,1.1,0.0,0.2,0.00,0.00,0.00,0.00,,,0.19,0.30,6.96,4.20,0.86,1.86,,30.0,,0.0,119.0,119.0,81,1171,70,75,1.60,0.37,1.40,5.7,56.8,0.788,,,,,,2.0,401.1,593.0,627.8,148.2,88.9,436.0,209.3,366.2,165.7,645.3,453.4,191.8,313.9,383.7
"Rye bread, light",413,205,5.4,4.6,39.8,6.9,1.2,0.0,1.5,0.00,0.00,0.00,0.00,0.20,0.00,0.18,0.07,1.14,0.68,0.12,0.20,3.4,26.3,,0.0,0.0,0.0,585,226,32,40,1.11,0.13,1.32,2.8,37.4,0.185,0.263,0.539,0.000,0.082,0.457,0.0,214.8,354.9,205.5,88.7,84.1,270.9,112.1,177.5,68.2,308.2,261.5,121.4,252.2,569.7
"Bitter, Jägermeister",416,294,0.0,,14.0,0.0,0.0,34.0,0.0,0.00,0.00,0.00,0.00,0.00,0.00,0.00,0.00,0.00,0.00,0.00,0.00,0.0,0.0,0.0,0.0,0.0,0.0,0,,,,,0.02,0.04,14.0,0,0.000,0.000,0.000,0.000,,,0.0,,,,,,,,,,,,,,
"Salt, table",417,0,0.0,0.0,0.0,0.0,0.0,0.0,97.1,0.00,0.00,0.00,0.00,0.00,0.00,0.00,0.00,0.00,0.00,0.00,0.00,0.0,0.0,0.0,0.0,0.0,0.0,38850,0,29,290,0.20,0.16,0.08,0.0,0,0.000,0.000,0.000,0.000,0.000,0.000,0.0,0.0,0.0,0.0,0.0,0.0,0.0,0.0,0.0,0.0,0.0,0.0,0.0,0.0,0.0
"Rye bread, dark, pumpernickel",418,196,5.3,4.5,36.2,10.0,1.2,0.0,1.0,0.00,0.00,,,0.53,,0.02,0.07,1.11,0.70,1.11,0.14,5.0,15.0,,0.0,0.0,,405,253,28,49,1.83,0.19,1.36,3.5,29.15,0.179,0.264,0.549,0.000,0.084,0.465,,210.5,366.0,228.8,89.7,83.3,256.2,137.3,201.3,66.8,311.1,302.0,137.3,256.2,475.8
"Spring roll, frozen",419,151,5.8,,15.5,2.1,6.8,0.0,1.3,4.40,9.00,,,,,0.13,0.10,1.15,0.70,0.07,0.19,,,,0.0,,,535,195,149,21,2.95,0.07,1.30,1.8,12,2.100,3.200,0.500,,,,,,,,,,,,,26.9,,,,,
"Apricot, canned, no sugar added",421,27,0.7,0.5,4.9,1.5,0.2,0.0,0.0,181.00,1086.00,0.00,0.00,0.89,,0.02,0.02,0.60,0.40,0.05,0.09,,2.0,,0.0,3.4,3.4,3,192,8,7,0.32,0.08,0.11,5.3,0,0.011,0.069,0.032,0.000,,0.032,0.0,21.7,41.0,49.0,3.1,2.1,28.5,16.0,26.2,12.5,26.2,27.4,11.4,21.7,42.2
"Pumpkin, canned",422,103,0.4,0.4,24.7,0.9,0.1,0.0,0.0,1156.67,6940.00,0.00,0.00,0.10,,0.02,0.02,0.30,0.20,0.06,0.40,0.4,19.0,2.0,0.0,4.2,4.2,5,206,20,7,0.35,0.04,0.11,22.5,0.5,0.027,0.002,0.051,0.000,0.033,0.018,0.0,14.1,16.0,12.8,4.9,1.4,97.3,7.7,7.0,6.3,14.7,21.1,4.9,10.2,8.3
"Pineapple, canned",423,64,0.4,,14.1,1.4,0.3,0.0,0.0,12.17,73.00,0.00,0.00,0.03,,0.08,0.01,0.24,0.15,0.07,0.10,0.0,9.5,,0.0,12.0,12.0,1,94,9,8,0.15,0.09,0.08,3.7,0,0.010,0.010,0.030,0.000,0.010,0.020,0.0,,,9.0,1.3,,10.2,10.2,,5.1,,,,,
"Onions, chopped, frozen",424,28,0.8,0.5,5.0,1.8,0.1,0.0,0.0,4.00,24.00,0.00,0.00,0.06,,0.03,0.03,0.31,0.15,0.08,0.10,,17.0,,0.0,3.3,3.3,12,124,17,7,0.33,0.02,0.07,5.7,0,0.027,0.011,0.043,0.000,0.005,0.037,0.0,15.1,26.5,25.2,5.9,4.8,17.6,9.1,13.9,9.7,18.9,107.1,9.1,16.4,10.7
"Cream pastry, layer cake",425,302,3.3,,34.4,0.7,16.7,0.0,0.3,82.33,,0.50,,0.58,,0.00,0.10,0.80,0.80,0.00,,,9.6,,0.5,1.3,,103,103,57,14,0.57,,0.38,26.8,10.3,10.062,4.875,0.816,,0.000,0.816,,,,,,,,,,,,,,,
Wheat rusk,426,385,9.3,8.4,72.3,3.3,5.8,0.0,0.4,86.17,13.00,0.44,0.44,0.90,0.00,0.13,0.02,1.82,1.30,0.09,,,43.3,,0.0,0.0,0.0,166,189,20,22,0.70,,1.20,9.8,62.5,2.110,2.445,0.956,0.000,,0.956,0.0,424.3,701.8,244.8,155.0,159.9,473.3,195.8,310.1,109.3,505.9,359.0,212.2,391.7,1028.2
Wheat rusk,427,375,9.3,8.4,67.1,8.5,5.8,0.0,1.2,86.17,13.00,0.44,0.44,1.40,,0.10,0.02,1.82,4.00,0.28,,,48.2,,0.0,0.0,0.0,470,130,20,30,0.70,,1.20,9.8,65.8,1.621,1.877,0.735,0.000,,0.735,0.0,424.3,701.8,244.8,155.0,159.9,473.3,195.8,310.1,109.3,505.9,359.0,212.2,391.7,1028.2
"Chayote fruit, raw",428,19,0.8,,2.8,1.7,0.1,0.0,0.0,0.00,0.00,0.00,0.00,,,0.03,0.03,0.65,0.47,0.08,0.25,,93.0,,0.0,7.7,7.7,2,125,17,12,0.34,0.12,0.74,1.7,1.1,0.028,0.010,0.057,0.000,,,0.0,43.2,76.0,39.3,0.9,,47.2,31.4,40.6,10.9,62.9,34.1,14.4,40.6,43.2
"Crispbread, knackebrot, rye, fine",432,345,10.8,,63.6,14.5,2.0,0.0,1.1,1.67,10.00,0.00,0.00,0.35,0.00,0.34,0.23,1.67,1.10,0.27,,,110.0,,0.0,0.0,0.0,443,476,80,96,3.80,0.37,2.58,1.6,54.8,0.388,0.346,1.146,0.000,0.147,0.999,0.0,330.0,570.0,360.0,140.0,130.0,400.0,210.0,310.0,100.0,480.0,470.0,210.0,400.0,740.0
"Mustard, yellow, ready made",433,165,5.7,4.6,20.2,1.7,6.4,0.0,1.9,0.00,0.00,0.00,0.00,,0.00,,,0.20,,,,,,,0.0,0.0,0.0,760,165,95,49,2.30,0.09,0.70,20.2,0,1.010,3.600,1.530,0.000,0.630,0.870,,200.6,392.2,355.7,100.3,100.3,218.9,182.4,228.0,11.9,255.4,337.4,164.2,310.1,483.4
"Peach, canned",434,71,0.5,0.3,16.2,1.2,0.2,0.0,0.0,41.67,250.00,0.00,0.00,5.10,,0.01,0.03,0.64,0.60,0.02,0.05,0.2,9.1,2.0,0.0,4.0,4.0,1,150,5,6,0.15,0.04,0.31,16.2,0,0.000,0.000,0.000,0.000,0.000,0.000,0.0,7.2,15.7,16.9,16.9,4.8,9.6,11.9,15.7,2.4,22.7,9.6,9.6,8.4,15.7
"Liqueur, average values",435,269,0.0,,29.3,0.0,0.0,21.7,0.0,0.00,0.00,0.00,0.00,0.00,0.00,0.00,0.00,0.00,0.00,0.00,,,,,0.0,0.0,0.0,7,,,,,0.02,0.15,29.0,0,0.000,0.000,0.000,0.000,,,0.0,,,,,,,,,,,,,,
"Corn flakes, frosted",436,381,5.3,4.5,87.2,1.8,0.8,0.0,1.7,0.00,0.00,0.00,0.00,0.02,0.00,1.11,0.88,0.41,1.10,0.08,0.19,,13.1,14.0,0.0,0.0,0.0,667,58,5,8,7.80,0.06,0.19,34.3,48.6,0.130,0.240,0.406,0.000,0.010,0.395,0.0,201.6,831.6,40.3,109.2,66.4,277.2,142.8,159.6,24.4,277.2,117.6,151.2,159.6,562.8
"Sunflower seeds, decorticated, dried",438,620,24.7,18.5,3.1,10.0,54.4,0.0,0.0,2.50,15.00,0.00,0.00,36.85,,1.31,0.20,8.79,2.88,0.57,0.47,99.8,151.0,,0.0,0.0,0.0,0,755,88,320,4.85,1.80,4.65,3.4,0.161925,5.436,19.820,23.527,0.000,0.000,23.527,0.0,922.0,1400.0,859.0,527.0,385.0,1050.0,568.0,808.0,355.0,1110.0,1990.0,577.0,1290.0,977.0
Sauce gravad lax,439,563,1.6,,13.1,0.0,56.0,0.0,0.7,70.00,420.00,0.00,0.00,8.00,,0.00,0.02,0.00,0.00,,,,,,0.0,10.0,10.0,275,79,58,32,1.85,,0.07,13.1,0,3.960,34.340,15.320,0.000,,,0.0,,,,,,,,,,,,,,
"Snacks, extruded, cornbased",443,537,9.0,,52.3,1.4,32.1,0.0,2.2,5.50,33.00,,,,,0.10,0.17,1.60,1.60,0.12,0.62,8.7,48.0,,,,,875,263,90,33,0.54,0.10,0.88,1.9,50.4,16.804,7.185,3.143,2.046,0.150,2.994,,,,,,,,,,,,,,,
"Oats, rolled, enriched",444,362,13.0,11.7,57.4,11.2,6.5,0.0,0.0,0.00,0.00,0.00,0.00,0.75,0.00,0.42,0.13,3.01,0.80,0.14,1.50,19.0,50.0,,0.0,0.0,0.0,4,400,329,119,3.77,0.20,2.89,1.0,57.9,1.133,2.357,2.612,0.000,0.134,2.478,0.0,556.6,1001.9,578.9,222.7,378.5,734.8,423.0,467.6,180.4,823.8,890.6,311.7,757.0,734.8
"Muskmelon, raw",447,23,0.8,,4.2,1.0,0.2,0.0,0.0,183.33,1100.00,0.00,0.00,0.05,0.00,0.03,0.03,0.67,0.60,0.06,0.23,0.0,30.0,30.0,0.0,14.0,14.0,16,171,17,9,0.27,0.04,0.10,3.8,0,0.039,0.019,0.048,0.000,0.029,0.019,0.0,,,21.0,3.0,,26.2,,,4.1,,,,,
"Tomato, Danish, ripe, raw",451,20,0.7,0.5,2.6,1.9,0.3,0.0,0.0,165.33,992.00,0.00,0.00,1.10,7.90,0.04,0.02,0.85,0.73,0.09,0.04,2.3,31.0,,0.0,15.0,15.0,7,216,7,7,0.24,0.04,0.09,3.2,0,0.055,0.036,0.149,0.000,0.014,0.135,0.0,32.5,28.0,32.5,7.8,5.8,19.0,25.8,19.0,6.8,20.2,25.8,11.2,20.2,22.4
"Tangerine, canned",452,62,0.5,0.3,13.9,0.6,0.3,0.0,0.0,8.33,50.00,0.00,0.00,0.00,,0.05,0.04,0.47,0.40,0.04,0.13,0.8,5.0,5.0,0.0,19.8,19.8,6,78,20,8,0.40,0.04,0.24,14.0,0,0.054,0.088,0.098,0.000,0.024,0.073,0.0,12.4,10.9,23.3,10.2,5.0,15.3,8.0,7.1,4.1,18.9,31.3,8.0,45.9,22.6
"Plaice, fillet, breaded, frozen",454,136,12.5,,18.6,1.0,1.1,0.0,0.6,0.00,0.00,0.00,0.00,,0.00,0.18,0.06,0.80,0.80,,,,,,,0.0,0.0,220,221,27,22,0.54,0.05,0.56,1.3,17.2,0.220,0.110,0.550,,0.220,0.330,71.5,,,,,,,,,,,,,,
"Apricot, dried",458,248,3.5,2.6,55.1,9.3,1.7,0.0,0.1,398.33,2390.00,0.00,0.00,4.00,,0.00,0.06,3.09,2.80,0.17,0.70,1.0,14.0,10.0,0.0,1.0,1.0,21,1026,68,41,6.00,0.27,0.20,43.3,0,0.135,0.844,0.381,0.000,0.000,0.381,0.0,96.0,163.8,141.2,23.2,1.7,96.0,44.1,79.1,17.5,141.2,73.4,53.7,84.7,937.6
"Sauce, barbeque",459,147,0.0,,35.8,0.5,0.3,0.0,2.8,23.17,139.00,0.00,,,,0.01,0.03,0.49,0.49,0.04,0.04,,2.0,,0.0,0.7,0.7,1119,208,12,12,0.21,0.08,0.13,33.2,2.6,0.043,0.125,0.109,0.000,0.008,0.101,0.0,,,,,,,,,,,,,,
"Breakfast cereal, Müsli with added sugar",460,370,12.0,10.8,61.8,8.8,6.3,0.0,0.3,2.33,14.00,,,,,0.59,0.38,2.78,,,,,,,,,,134,509,111,101,3.50,,2.32,11.3,50.5,1.000,3.000,1.800,0.000,,,,514.5,926.1,535.1,205.8,349.9,679.1,391.0,432.2,166.7,761.5,823.2,288.1,699.7,679.1
"Breakfast cereal, Müsli, no sugar added",461,367,12.0,10.8,61.7,8.8,6.0,0.0,0.3,2.33,14.00,,,,3.70,0.59,0.38,2.78,,,,,,,,,,134,509,111,101,3.50,,2.32,11.3,50.5,1.000,3.000,1.800,0.000,,,,514.5,926.1,535.1,205.8,349.9,679.1,391.0,432.2,166.7,761.5,823.2,288.1,699.7,679.1
"Rye bread, fine with wheat flour, industrially produced",462,225,6.5,,44.4,4.9,1.3,0.0,1.3,0.00,0.00,0.00,0.00,0.20,,0.16,0.06,1.27,0.92,0.12,0.22,2.9,24.5,,0.0,0.0,0.0,516,165,19,26,1.01,0.12,0.93,2.0,39.575,0.211,0.324,0.587,0.000,0.089,0.498,0.0,,,,,,,,,76.0,,,,,
"Lime, raw",464,37,0.7,,3.2,2.8,0.2,0.0,0.0,1.00,6.00,0.00,0.00,0.24,,0.03,0.02,0.25,0.20,0.04,0.22,,8.0,,0.0,29.1,29.1,2,102,33,6,0.60,0.07,0.11,1.7,0,0.024,0.021,0.061,0.000,0.021,0.040,0.0,,,13.4,2.0,,,,,3.0,,,,,
"Crab apple, raw",465,83,0.4,0.3,19.3,0.6,0.3,0.0,0.0,4.00,24.00,0.00,0.00,,,0.03,0.02,0.17,0.10,,,,,,0.0,8.0,8.0,1,194,18,7,0.36,0.07,,5.8,0,0.068,0.017,0.125,0.000,0.021,0.104,0.0,16.0,25.0,25.0,4.0,5.0,10.9,8.3,14.1,4.0,19.2,12.8,6.0,16.0,14.1
"Elderberry, juice, concentrated, sugar not added",467,31,0.5,0.4,6.0,0.0,0.5,0.0,0.0,0.00,,0.00,0.00,0.00,,,,0.20,,,,,,,0.0,8.0,8.0,18,,23,,0.50,,0.10,4.5,0,0.033,0.029,0.288,0.000,0.131,0.157,0.0,20.8,45.6,20.0,10.4,11.2,30.4,38.4,20.8,12.0,24.8,36.0,11.2,27.2,19.2
"Cream, 13 % fat (UHT)",468,147,2.8,2.5,3.8,0.0,13.3,0.0,0.1,122.83,59.00,0.18,0.18,0.34,0.00,0.04,0.19,0.71,0.08,0.05,0.30,1.4,12.0,3.0,0.4,0.5,0.5,55,128,99,10,0.04,0.01,0.35,3.7,0,8.606,3.582,0.380,,0.100,0.280,44.0,162.4,267.8,250.2,70.2,21.5,140.5,118.5,118.5,37.8,193.2,96.6,79.0,57.1,272.2
"Frog legs, frozen",469,69,16.4,,0.2,0.0,0.3,0.0,0.1,10.00,0.00,,,,0.00,0.14,0.25,3.90,1.20,1.20,,,,,,5.0,5.0,55,310,18,23,1.50,,,0.0,0,0.076,0.053,0.102,0.000,,,,,,,,,,,,162.0,,,,,
"Pepper, hot chili, canned",470,26,0.9,0.6,4.9,1.2,0.1,0.0,2.9,1191.67,7150.00,0.00,0.00,,,0.02,0.05,1.00,0.80,0.15,0.03,,10.0,,0.0,68.0,68.0,1173,187,7,14,0.50,0.10,0.17,5.1,0,0.010,0.005,0.055,0.000,0.002,0.053,0.0,28.8,47.5,40.3,10.9,17.3,27.4,18.7,33.1,12.0,37.4,43.2,17.3,33.1,38.9
"Sesame seed, decorticated",471,643,22.7,21.5,4.6,8.9,57.4,0.0,0.1,1.00,6.00,0.00,0.00,0.00,,0.83,0.12,11.62,4.60,0.35,0.35,17.6,115.0,,0.0,0.0,0.0,26,469,37,347,5.75,1.60,5.75,1.6,0.221375,8.602,21.374,21.692,0.000,0.162,21.530,0.0,942.0,1700.0,689.0,758.0,513.0,1160.0,939.0,920.0,421.0,1180.0,3310.0,639.0,1290.0,890.0
"Strawberry juice, concentrated, sugar not added",472,35,0.5,0.4,7.0,0.0,0.5,0.0,0.0,0.00,,,,,,,,0.30,0.20,,,,,,,9.0,9.0,18,,,,,,,5.5,0,0.041,0.069,0.290,0.000,0.138,0.152,,18.4,29.6,26.4,7.7,2.8,16.8,8.0,16.8,6.2,21.6,30.4,8.8,19.2,17.6
"Raspberry juice, concentrated, sugar not added",473,35,0.5,,7.0,0.0,0.5,0.0,0.0,0.00,,,,,,,,0.55,0.30,,,,,,,,,18,,,,,,,5.5,0,0.000,0.000,0.000,0.000,0.000,0.000,,,,,,,,,,15.0,,,,,
"Burbot, raw",474,70,16.4,,0.0,0.0,0.5,0.0,0.2,6.00,0.00,0.50,0.50,0.85,0.00,0.18,0.14,2.40,1.50,,,,,,,0.0,0.0,75,270,38,21,0.40,0.02,0.53,0.0,0,0.244,0.139,0.017,,0.017,0.000,60.0,,,,,,,,,54.0,,,,,
"Hake, raw",475,69,16.3,,0.0,0.0,0.4,0.0,0.2,0.00,0.00,0.70,,0.39,0.00,0.10,0.20,3.00,3.00,0.18,,,12.0,,1.3,0.0,0.0,74,365,41,24,1.00,,0.30,0.0,0,0.090,0.080,0.110,,0.090,0.010,,,,,,,,,,,,,,,
"Cream pastry, strawberry cake",476,216,2.9,,32.3,0.7,8.2,0.0,0.3,,,,,,,,,,,,,,,,,,,103,,,,,,,17.0,15.3,4.810,2.380,0.560,,,,,,,,,,,,,,,,,,
"Salad dressing, mayonnaise, low calorie",477,179,1.0,,13.6,0.0,13.4,0.0,1.8,8.30,30.00,,,1.95,,,,,,,,,,,,,,723,66,17,5,0.31,,0.24,12.1,0.2,2.077,4.079,6.654,,0.908,5.746,,,,,,,,,,,,,,,
"Liqueur, Curacao",478,297,0.0,,25.5,0.0,0.0,27.9,0.0,0.00,0.00,0.00,0.00,0.00,0.00,0.00,0.00,0.00,0.00,0.00,,,0.0,0.0,0.0,0.0,0.0,3,,,,,0.02,0.15,26.9,0,0.000,0.000,0.000,0.000,,,0.0,,,,,,,,,,,,,,
"Lettuce, iceberg (incl. crisphead types), raw",479,16,0.8,0.7,2.4,1.1,0.1,0.0,0.0,25.00,150.00,0.00,0.00,0.15,112.00,0.04,0.03,0.34,0.23,0.04,0.07,1.4,89.0,,0.0,5.5,5.0,3,186,15,7,0.27,0.01,0.16,2.2,0,0.013,0.004,0.053,0.000,0.038,0.015,0.0,60.2,56.3,60.2,11.1,11.1,39.7,23.0,42.2,6.4,49.9,49.9,15.4,41.0,34.6
"Oats, rolled, not enriched",480,366,13.3,12.0,58.0,10.3,6.7,0.0,0.0,0.00,0.00,0.00,0.00,0.75,0.00,0.39,0.13,3.07,0.80,0.13,1.50,19.0,47.2,,0.0,0.0,0.0,4,400,53,117,3.76,,3.00,1.0,57.9,,,,0.000,,,0.0,569.1,1024.4,591.9,227.6,387.0,751.2,432.5,478.0,184.4,842.3,910.5,318.7,774.0,751.2
"Currant, red, juice, concentrated, sugar not added",481,39,0.5,,8.0,0.0,0.5,0.0,0.0,0.00,,,,0.00,,,,0.47,0.20,,,,,,,,,18,,16,,,,,5.5,0,0.112,0.081,0.208,0.000,0.091,0.117,,18.0,30.0,26.0,8.0,3.0,17.0,8.0,17.0,16.0,22.0,30.0,9.0,19.0,18.0
"Strawberries, frozen, sweetened, whole",482,84,0.5,0.4,19.0,1.9,0.2,0.0,0.0,3.00,18.00,0.00,0.00,0.20,20.00,0.02,0.08,0.40,0.29,0.03,0.11,,117.0,,0.0,39.5,39.5,1,98,11,6,0.47,0.02,0.05,19.0,0,0.017,0.028,0.116,0.000,0.055,0.061,0.0,19.1,30.7,27.4,8.0,2.9,17.4,8.3,17.4,6.5,22.4,31.5,9.1,19.9,18.3
"Cream, 13 % fat",483,151,2.9,2.6,4.3,0.0,13.5,0.0,0.1,124.83,59.00,0.11,0.04,0.34,0.00,0.04,0.19,0.73,0.08,0.05,0.30,1.4,12.0,3.0,0.4,1.0,1.0,39,136,104,11,0.04,0.01,0.37,4.0,0,8.641,3.772,0.319,,0.060,0.259,45.0,168.4,277.6,259.4,72.8,22.3,145.6,122.9,122.9,39.1,200.2,100.1,81.9,59.2,282.1
Saccharin,486,360,0.9,,89.1,0.0,0.0,0.0,1.1,0.00,0.00,0.00,0.00,0.00,0.00,0.00,0.00,0.00,0.00,0.00,0.00,0.0,0.0,,0.0,0.0,0.0,428,4,0,0,0.04,0.00,0.01,0.0,0,0.000,0.000,0.000,0.000,0.000,0.000,0.0,,,,,,,,,,,,,,
"Sausage, salami",489,509,13.9,10.3,2.8,0.0,49.2,0.0,5.0,11.00,0.00,0.69,0.33,0.02,0.00,0.14,0.18,4.11,2.30,0.15,0.80,3.0,3.0,2.0,1.3,0.0,0.0,1988,204,11,10,1.10,0.11,1.67,0.0,0.8,18.074,21.651,5.390,,0.516,4.874,83.0,577.5,955.1,1066.2,244.3,137.7,510.9,333.2,488.7,108.8,666.4,777.4,288.8,1088.4,755.2
"Radish, white, raw",490,22,1.0,0.6,3.9,0.7,0.1,0.0,0.0,3.33,20.00,0.00,0.00,0.00,,0.05,0.04,0.48,0.40,0.11,0.18,,24.0,18.0,0.0,20.0,20.0,9,350,50,9,0.60,0.04,0.32,2.9,0,0.021,0.010,0.049,0.000,0.036,0.012,0.0,20.8,33.6,40.0,10.1,14.1,19.2,10.1,25.6,5.0,35.2,86.4,15.0,24.0,40.0
"Melon, cantaloup, raw",491,36,0.8,,7.3,0.9,0.2,0.0,0.0,4.00,24.00,0.00,0.00,0.14,0.00,0.04,0.02,0.77,0.73,0.07,0.11,,21.0,,0.0,27.8,24.8,16,267,9,12,0.21,0.04,0.18,7.9,0.03,0.049,0.024,0.060,0.000,0.036,0.024,0.0,21.4,29.5,,12.1,2.0,22.8,13.4,17.4,2.0,33.5,29.5,14.7,25.5,18.8
"Beet, red, canned, no sugar added",492,29,0.9,0.5,4.9,2.3,0.1,0.0,0.5,1.17,7.00,0.00,0.00,0.08,0.20,0.01,0.04,0.24,0.16,0.05,0.10,0.0,93.0,69.0,0.0,4.1,4.1,194,148,15,17,1.82,0.06,0.21,9.7,0,0.027,0.014,0.071,0.000,0.012,0.059,0.0,17.5,19.0,20.4,4.2,0.6,8.5,7.4,16.1,4.8,23.4,17.5,9.5,16.1,10.1
"Meat balls, canned",493,126,7.1,,2.9,0.0,9.6,0.0,1.2,0.00,0.00,,,,0.00,,,,,,,,,,,0.0,0.0,475,140,34,25,1.05,0.07,1.30,0.0,2.9,4.200,4.600,0.600,0.092,,,30.0,,,,,,,,,,,,,,
"Octopus, raw",495,77,16.4,,0.7,0.0,0.9,0.0,0.9,50.00,0.00,1.00,1.00,2.10,,0.07,0.07,3.20,3.20,0.36,,,10.0,,10.0,0.0,0.0,363,232,28,20,1.50,,1.62,0.0,1.5,0.250,0.090,0.290,0.011,0.240,0.060,210.0,,,,,,,,,,,,,,
"Horse-radish, raw",496,104,7.7,4.3,13.0,7.5,0.7,0.0,0.0,3.33,20.00,0.00,0.00,0.00,,0.14,0.11,1.26,0.60,0.18,,,,,0.0,152.0,152.0,6,587,94,25,1.30,0.23,1.40,7.3,3.7,0.109,0.067,0.384,0.000,0.267,0.118,0.0,147.8,197.1,209.4,38.2,8.6,123.2,82.5,147.8,39.4,221.8,1638.6,135.5,135.5,505.1
"Strawberries, canned",497,81,0.4,0.3,18.6,0.9,0.4,0.0,0.0,0.00,0.00,0.00,0.00,0.20,,0.01,0.03,0.38,0.30,0.03,0.21,1.0,20.0,8.0,0.0,21.0,21.0,7,97,14,7,0.90,0.03,0.20,20.1,0,0.033,0.055,0.232,0.000,0.110,0.121,0.0,14.7,23.7,21.1,6.1,2.2,13.4,6.4,13.4,5.0,17.3,24.3,7.0,15.4,14.1
"Pork in curry sauce, frozen",498,119,8.5,,2.0,0.0,8.6,0.0,0.5,,,,,,,0.13,0.10,2.61,1.00,0.08,0.29,,,,0.3,,,190,,27,,0.70,,,0.0,2,4.200,4.600,0.600,,,,,,,,,,,,,96.6,,,,,
"Currant, black, juice, concentrated, sugar not added",500,51,0.5,,11.0,0.0,0.5,0.0,0.0,0.00,,,,0.00,,,,0.38,0.15,,,,,,,66.0,66.0,18,,27,,,,,7.0,0,0.092,0.031,0.277,0.000,0.092,0.185,,18.0,30.0,26.0,8.0,3.0,17.0,8.0,17.0,14.0,22.0,30.0,9.0,19.0,18.0
"Snail, edible, raw",501,84,16.0,,2.7,0.0,1.0,0.0,0.3,90.00,0.00,,,,0.00,,,,,,,,,,,15.0,15.0,138,,170,250,3.50,,,0.0,2,0.361,0.259,0.252,,,,,,,,,,,,,,,,,,
"Carrot, frozen",502,30,1.1,0.7,4.7,2.3,0.2,0.0,0.2,2128.33,12770.00,0.00,0.00,0.55,13.20,0.04,0.04,0.65,0.46,0.10,0.19,,10.0,,0.0,4.0,4.0,68,235,36,12,0.44,0.07,0.33,3.7,0.2,0.034,0.010,0.099,0.000,0.012,0.087,0.0,41.6,45.1,41.6,6.9,8.8,32.9,20.8,39.9,10.9,45.1,45.1,16.8,31.2,29.5
"Pepper, sweet, canned",503,19,0.8,0.5,2.7,1.2,0.3,0.0,3.4,16.00,96.00,0.00,0.00,1.06,,0.03,0.03,0.63,0.55,,,,52.0,23.0,0.0,46.5,46.5,1369,146,41,15,0.80,0.13,0.18,2.3,0.2,0.062,0.009,0.169,0.000,0.062,0.107,0.0,24.3,32.0,37.1,6.4,6.4,24.3,11.9,25.6,4.6,37.1,30.7,12.8,26.9,20.5
"Pastry, coco macaroon",504,453,6.3,,37.7,11.6,28.2,0.0,0.2,0.00,0.00,0.00,0.00,0.90,0.00,0.02,0.09,2.70,2.70,0.10,,,20.0,,0.0,0.0,0.0,62,310,15,39,1.50,,0.70,37.7,0,27.000,3.000,1.000,,0.000,,,,,,,,,,,,,,,,
"Ice cream, dairy, popsickle, vanilla",505,186,4.0,,20.0,0.0,10.0,0.0,0.2,,,,,,,,,,,,,,,,,,,62,,,,,,,20.0,0,,,,,,,,,,,,,,,,,,,,,
"Grape, green, raw",508,69,0.6,,15.7,0.9,0.2,0.0,0.0,5.50,33.00,0.00,0.00,0.18,,0.05,0.01,,,0.07,,,47.0,,0.0,2.3,2.3,2,215,11,6,0.36,,0.04,15.9,0,0.054,0.007,0.048,0.000,,,0.0,,,,,,,,,,,,,,
"Papaya, raw",510,47,0.7,,9.4,2.1,0.3,0.0,0.0,39.35,236.13,0.00,0.00,0.28,,0.03,0.03,0.49,0.34,0.02,0.22,,57.5,,0.0,78.5,78.5,4,197,25,22,0.74,0.02,0.07,7.4,0,0.081,0.073,0.060,0.000,0.048,0.012,0.0,8.9,17.3,28.1,2.2,,9.9,5.5,11.9,8.9,10.8,10.8,5.5,19.4,10.8
"Milk, dry, whole, powder",511,493,23.9,21.6,40.6,0.0,26.1,0.0,0.7,1201.67,118.00,1.20,1.20,2.50,0.00,0.34,1.21,6.02,0.65,0.41,3.60,10.0,37.0,32.0,2.3,10.0,10.0,290,1227,846,83,0.21,0.03,2.80,37.0,0,16.760,6.017,0.648,1.082,0.110,0.418,107.0,1387.5,2287.5,2137.5,600.0,183.8,1200.0,1012.5,1012.5,322.5,1650.0,825.0,675.0,487.5,2325.0
"Pizza Romana, frozen",512,177,7.2,,23.1,1.9,5.8,0.0,0.9,94.17,205.00,,,,,0.22,0.14,1.20,0.57,0.09,0.12,,,,0.3,,,370,160,154,18,1.85,0.08,1.15,4.6,18.5,2.600,2.600,0.500,0.029,,,,,,,,,,,,38.0,,,,,
"Cherry juice, concentrated, sugar not added",513,59,0.5,,13.0,0.0,0.5,0.0,0.0,0.00,,,,,,,,0.33,0.20,,,,,,,,,18,,,,,,,8.5,0,0.098,0.120,0.133,0.000,0.065,0.068,,26.0,38.0,50.0,6.0,5.0,26.0,16.0,29.0,8.0,36.0,22.0,18.0,31.0,43.0
"Lingonberry, jam",514,156,0.2,,37.0,2.5,0.2,0.0,0.1,0.33,2.00,0.00,0.00,0.31,,0.00,0.00,0.03,,0.00,,,2.0,,0.0,0.3,,20,45,10,4,0.26,,0.09,30.8,0,0.007,0.023,0.130,0.000,0.073,0.057,,,,,,,,,,2.0,,,,,
"Pecans, dried",515,721,9.2,8.3,4.3,9.6,72.0,0.0,0.0,13.33,80.00,0.00,0.00,4.00,,0.66,0.13,5.20,1.17,0.21,0.86,,22.0,,0.0,1.1,1.1,0,410,70,121,2.53,1.20,4.53,4.3,1.5,5.515,45.032,17.897,0.000,0.730,17.167,0.0,380.6,622.8,346.0,224.9,242.2,484.4,328.7,294.1,242.2,449.8,1314.8,276.8,449.8,432.5
"Cheese, cottage, 20 % fidm.",517,99,13.3,11.7,1.6,0.0,4.2,0.0,0.9,41.00,24.00,0.11,0.11,0.04,21.14,0.03,0.23,3.14,0.09,0.04,0.26,1.7,2.8,2.0,0.5,1.0,1.0,351,71,90,7,0.03,0.03,0.64,2.5,0,2.732,0.909,0.107,0.188,0.025,0.071,18.0,728.0,1227.2,1060.8,374.4,47.8,686.4,728.0,457.6,183.0,894.4,416.0,374.4,270.4,1393.6
"Shrimp, boiled, shell removed",518,68,15.0,13.1,0.0,0.0,0.8,0.0,1.7,0.00,0.00,0.00,0.00,4.00,0.00,0.02,0.01,3.40,0.49,0.00,0.05,0.7,20.0,8.0,2.1,0.0,0.0,672,54,44,22,0.11,0.15,0.78,0.0,0,0.147,0.221,0.295,0.006,0.295,0.000,151.0,821.7,1220.1,1344.6,448.2,104.6,672.3,597.6,597.6,174.3,821.7,1220.1,323.7,896.4,622.5
"Swede, raw",519,34,1.0,,5.8,2.9,0.1,0.0,0.0,71.67,430.00,0.00,0.00,0.00,,0.05,0.04,2.03,1.80,0.12,0.11,0.1,27.0,23.0,0.0,41.0,41.0,10,392,47,14,0.25,0.03,0.18,4.1,0.1,0.018,0.014,0.048,0.000,0.030,0.018,0.0,,,,,,,,,14.1,,,,,
Quark with fruit,520,166,6.9,6.1,16.0,0.0,8.2,0.0,0.3,75.84,36.14,0.12,0.12,0.21,0.00,0.03,0.18,1.70,0.16,0.04,0.16,1.0,15.8,1.7,0.4,1.9,1.9,110,62,154,8,0.16,0.02,0.36,7.3,0,5.354,2.205,0.203,,0.040,0.163,28.6,379.1,639.0,552.3,194.9,27.1,357.4,368.2,238.3,92.1,465.7,216.6,194.9,140.8,747.3
"Cod, roe, canned",525,99,16.4,12.8,0.1,0.0,3.7,0.0,1.2,4.60,0.00,10.96,10.96,10.00,0.00,0.25,0.55,3.85,0.80,0.20,1.97,15.0,22.0,,15.0,10.0,10.0,473,233,24,15,1.63,0.09,2.20,0.2,2.5,0.423,0.740,1.057,,0.529,0.529,235.0,915.6,1386.5,1281.8,392.4,136.0,601.7,654.0,601.7,183.1,1046.4,837.1,340.1,549.4,863.3
"Whey, sweet, fluid",526,27,0.8,0.7,5.1,0.0,0.4,0.0,0.1,4.33,2.00,,,,,0.04,0.16,0.29,0.07,0.03,0.38,,1.0,1.0,0.3,0.1,0.1,54,161,47,8,0.06,,0.13,5.1,0,0.228,0.101,0.012,0.000,0.003,0.009,2.0,46.6,78.5,67.8,16.0,17.3,26.6,23.9,54.5,13.0,46.6,25.3,16.0,18.6,51.9
"Shrimp, canned",527,79,17.2,16.1,0.0,0.0,1.2,0.0,2.6,18.00,0.00,0.00,0.00,4.00,0.00,0.01,0.02,4.35,0.80,0.06,0.21,1.0,20.0,8.0,2.5,0.0,0.0,1030,78,78,22,0.54,0.13,0.93,0.0,0.8,0.240,0.240,0.480,0.009,0.480,0.000,160.0,1005.0,1492.2,1644.5,548.2,127.9,822.2,730.9,730.9,213.2,1005.0,1492.2,395.9,1096.3,761.3
Rose hip syrup,529,231,0.0,,57.8,0.0,0.0,0.0,0.0,0.00,,,,,,0.00,0.00,,,0.00,,,,,,194.0,194.0,2,58,10,,0.30,,,56.8,0,0.000,0.000,0.000,0.000,,,0.0,,,,,,,,,,,,,,
"Date, dried",533,309,2.0,1.1,71.2,6.4,0.5,0.0,0.0,3.33,20.00,0.00,0.00,0.67,,0.03,0.09,2.11,1.20,0.13,0.78,0.0,21.0,14.0,0.0,3.0,3.0,6,643,51,54,1.00,0.26,5.10,63.8,0,0.050,0.060,0.020,0.000,0.000,0.020,0.0,44.8,86.4,54.4,25.9,41.6,57.6,28.8,54.4,54.4,64.0,67.2,28.8,89.6,120.0
"Bouillon, beef, cube, prepared",534,7,1.1,,0.3,0.0,0.1,0.0,0.8,0.00,0.00,0.00,0.00,0.00,0.00,0.00,0.00,0.00,0.00,0.00,0.02,,1.2,,0.1,0.0,0.0,326,16,5,2,0.01,0.00,0.00,0.2,0,0.048,0.038,0.004,0.001,0.000,0.004,0.0,,,,,,,,,,,,,,
"Ice cream, dairy, three coloured",535,198,4.0,,22.9,0.0,10.0,0.0,0.1,105.67,46.00,0.09,0.09,0.30,0.00,0.05,0.17,0.97,0.10,0.09,,,2.0,,0.5,,,44,190,156,14,0.10,0.01,0.53,19.5,0,0.000,0.000,0.000,,0.000,0.000,43.0,200.0,370.0,300.0,100.0,35.0,200.0,160.0,180.0,52.0,270.0,150.0,110.0,83.0,340.0
"Tea, leaves",537,233,19.6,,6.3,55.8,2.0,0.0,0.1,0.00,0.00,0.00,0.00,2.10,,0.14,0.95,21.09,7.50,0.30,1.30,,,,0.0,0.0,0.0,45,2160,430,250,18.00,2.50,2.90,3.0,0,0.570,0.290,1.140,0.000,0.290,0.860,0.0,,,,,,,,,815.4,,,,,
"Rhubarb, frozen",538,26,0.9,0.4,3.0,3.8,0.3,0.0,0.0,19.67,118.00,0.00,0.00,0.35,,0.03,0.03,0.43,0.25,0.04,0.09,,7.0,9.0,0.0,13.0,13.0,3,280,120,12,0.30,0.06,0.23,1.6,0.22,0.064,0.016,0.160,0.000,0.039,0.121,0.0,27.4,38.9,40.3,10.8,1.2,25.9,17.3,21.6,10.8,41.8,33.1,18.7,27.4,24.5
"Gherkin cucumber, raw",540,17,1.2,,2.1,1.3,0.1,0.0,0.0,10.33,62.00,0.00,,,,0.01,0.05,0.20,0.20,0.04,,,18.0,,0.0,11.0,,2,230,32,15,0.30,,0.20,1.6,0.2,0.000,0.000,0.000,0.000,0.000,0.000,,,,,,,,,,,,,,,
"Lemon sole, raw",541,72,16.3,14.7,0.0,0.0,0.7,0.0,0.2,0.00,0.00,0.00,0.00,0.00,0.00,0.09,0.08,6.62,3.50,0.30,0.30,5.0,11.0,5.0,1.0,0.0,0.0,95,230,17,17,0.50,0.10,,0.0,0,0.096,0.140,0.229,,0.196,0.033,50.0,881.1,1415.1,1628.7,480.6,186.9,694.2,587.4,801.0,186.9,961.2,1068.0,480.6,774.3,694.2
"Cucumber, large, pickled",542,76,0.5,,17.0,0.5,0.5,0.0,0.7,1.17,7.00,0.00,0.00,0.10,,0.01,0.02,0.04,0.04,0.01,0.10,0.4,8.0,5.0,0.0,4.0,4.0,291,99,15,7,0.55,0.06,0.18,12.5,0.2,0.030,0.000,0.040,0.000,0.020,0.020,0.0,,,,,,,,,,,,,,
"Chicory, raw",544,19,1.1,0.8,2.6,1.1,0.2,0.0,0.0,2.50,15.00,0.00,0.00,0.10,,0.09,0.04,0.53,0.25,0.06,0.20,0.7,52.0,33.0,0.0,4.0,4.0,6,212,20,10,0.40,0.14,0.20,1.5,0,0.030,0.004,0.099,0.000,0.028,0.071,0.0,42.1,36.6,33.0,8.6,2.4,27.5,14.6,23.8,17.0,42.1,56.8,20.1,23.8,56.8
"Dab, raw",546,75,16.6,,0.0,0.0,1.0,0.0,0.2,14.40,0.00,1.50,1.50,0.40,0.00,0.10,0.08,2.30,2.30,0.26,0.86,1.2,5.0,2.5,1.5,1.0,1.0,75,350,27,24,0.30,0.17,0.46,0.0,0,0.160,0.180,0.200,,,,71.5,,,,,,,,,,,,,,
"Kidney, calf, raw",547,95,16.4,11.7,3.8,0.0,1.6,0.0,0.5,91.33,68.00,1.00,1.00,0.20,,0.38,1.90,9.32,6.00,0.50,4.00,24.0,80.0,63.0,23.0,14.0,14.0,192,223,9,15,6.80,0.39,1.70,0.0,0.2,0.685,0.419,0.096,0.052,0.006,0.090,364.0,656.0,1285.8,1207.0,341.1,199.4,682.2,603.5,682.2,199.4,944.6,1023.4,393.6,1049.6,787.2
"Cod, fillet, breaded, raw",548,113,13.7,,12.2,1.2,0.8,0.0,0.3,25.00,0.00,0.80,,,0.00,0.17,0.07,1.20,1.20,,,,,,,0.0,0.0,134,305,11,27,0.67,0.04,0.40,0.7,11.4,0.104,0.104,0.520,,0.312,0.208,43.0,,,,,,,,,,,,,,
"Blue whiting, fillet, raw",549,77,17.5,,0.0,0.0,0.8,0.0,0.1,8.00,0.00,1.40,,,0.00,0.08,0.05,1.30,1.30,,,,,,,0.0,0.0,51,,24,,1.00,,0.40,0.0,0,0.130,0.100,0.290,,0.270,,31.0,,,,,,,,,,,,,,
"Liver, pig, in cream sauce, frozen",550,124,11.9,,6.9,0.0,5.4,0.0,1.0,4560.67,4.00,,,,,0.12,1.99,11.02,8.10,0.29,1.40,,,,17.2,,,415,,24,,11.70,,,0.0,6.9,2.160,1.944,0.792,,,,,,,,,,,,,175.2,,,,,
"Pastry, average values",551,471,6.0,5.5,52.0,2.2,26.0,0.0,0.4,270.00,,0.80,,2.90,,0.10,0.10,2.62,1.40,0.00,,,6.0,,0.3,0.0,,163,169,24,22,1.87,,0.80,40.7,12.9325,9.138,10.792,4.195,0.056,0.452,3.742,,318.4,498.8,286.5,138.0,116.7,339.6,159.2,222.9,73.2,360.8,297.2,148.6,222.9,509.4
"Whiting, raw",553,78,18.2,,0.0,0.0,0.6,0.0,0.1,3.00,0.00,0.70,,0.23,0.00,0.05,0.05,2.00,2.00,0.18,,,12.0,,0.8,0.0,0.0,50,370,50,24,0.30,,0.50,0.0,0,0.100,0.200,0.200,,0.270,0.020,31.0,,,,,,,,,,,,,,
"Salt, sea salt (no iodine fortification)",556,0,0.0,0.0,0.0,0.0,0.0,0.0,94.0,0.00,0.00,0.00,0.00,0.00,0.00,0.00,0.00,0.00,0.00,0.00,0.00,0.0,0.0,0.0,0.0,0.0,0.0,37600,56,51,37,3.00,0.14,0.08,0.0,0,0.000,0.000,0.000,0.000,0.000,0.000,0.0,0.0,0.0,0.0,0.0,0.0,0.0,0.0,0.0,0.0,0.0,0.0,0.0,0.0,0.0
"Oat Bran, Danish",558,367,17.3,15.4,50.8,15.4,7.0,0.0,0.0,0.00,0.00,0.00,,1.01,3.20,1.17,0.22,5.58,0.93,0.17,1.49,,52.0,,0.0,,,4,566,58,235,5.41,0.40,3.11,1.5,49.3,1.241,2.376,2.766,0.000,0.121,2.645,0.0,668.0,1374.0,760.0,335.0,576.0,908.0,668.0,502.0,335.0,964.0,1279.0,410.0,947.0,982.0
"Carrot, raw",559,29,0.3,0.4,5.7,2.5,0.1,0.0,0.1,1048.06,6288.33,0.00,0.00,0.33,2.20,0.01,0.03,0.28,0.28,0.07,0.26,2.5,11.0,15.0,0.0,2.5,,38,233,30,9,0.21,0.05,0.24,4.4,0,0.010,0.001,0.029,0.000,0.004,0.026,0.0,0.0,27.0,26.6,0.0,2.0,0.0,0.0,19.3,0.0,26.6,22.0,0.0,13.5,3.7
"Mandarin orange, raw",560,47,0.8,0.5,10.3,1.4,0.0,0.0,0.0,15.83,95.00,0.00,0.00,0.59,,0.16,0.02,0.44,0.31,0.08,0.15,0.5,21.0,19.0,0.0,37.0,35.5,1,154,26,10,0.08,0.04,0.05,8.3,0,0.000,0.000,0.000,0.000,0.000,0.000,0.0,21.7,20.4,40.9,16.6,8.8,26.8,14.0,12.6,7.7,34.5,56.2,15.3,80.4,39.6
"Perch, raw",561,77,16.4,,0.0,0.0,1.3,0.0,0.1,15.40,0.00,0.80,,1.20,0.00,0.07,0.07,4.00,4.00,,,,,,,0.0,0.0,54,330,110,26,0.60,0.02,0.52,0.0,0,0.550,0.434,0.086,,0.032,0.053,60.0,,,,,,,,,,,,,,
"Cod, fillet, boiled",562,75,17.5,14.5,0.0,0.0,0.6,0.0,0.3,8.00,0.00,0.00,0.00,0.00,0.00,0.01,0.03,3.65,0.80,,,,,,,0.0,0.0,103,,,,,,,0.0,0,0.102,0.041,0.240,,0.239,0.001,43.0,868.8,1348.1,1647.7,569.2,128.8,689.0,659.1,748.9,170.8,958.7,1078.5,359.5,868.8,569.2
"Wolffish (catfish), raw",564,97,16.1,13.4,2.0,0.0,2.7,0.0,0.3,18.00,0.00,1.30,1.30,2.40,0.00,0.18,0.05,5.29,2.50,0.35,0.57,,1.0,1.0,2.2,0.0,0.0,105,282,35,25,1.00,,0.90,0.0,0,0.527,0.807,1.042,,0.878,0.164,58.0,772.8,1262.2,1545.6,515.2,136.5,644.0,566.7,747.0,167.4,901.6,953.1,360.6,747.0,592.5
"Heart, veal, raw",566,106,14.9,13.5,3.3,0.0,3.7,0.0,0.3,6.00,0.00,1.00,1.00,0.80,0.00,0.35,0.67,33.42,6.00,0.31,2.80,7.3,20.0,,12.0,5.0,5.0,104,261,4,22,3.60,0.29,1.40,0.0,1.8,1.414,0.816,0.693,0.169,0.194,0.499,150.0,715.2,1358.9,1382.7,381.4,155.0,691.4,548.3,691.4,1645.0,57.2,929.8,405.3,810.6,691.4
"Kidney, ox, raw",569,106,15.6,11.1,4.6,0.0,2.8,0.0,0.5,87.00,0.00,1.00,1.00,0.20,0.00,0.44,1.90,9.56,6.40,0.43,3.85,24.0,80.0,63.0,31.0,15.0,15.0,195,210,9,15,6.90,0.44,1.70,0.0,0.9,1.199,0.732,0.169,0.091,0.011,0.158,411.0,624.0,1223.0,1148.2,324.5,189.7,649.0,574.1,649.0,189.7,898.6,973.4,374.4,998.4,748.8
"Torsk, tusk, raw",570,79,19.0,,0.0,0.0,0.3,0.0,0.3,3.00,0.00,0.00,0.00,0.30,0.00,0.05,0.15,3.00,3.00,0.30,,,2.0,,1.0,0.0,0.0,118,294,20,23,0.70,,0.40,0.0,0,0.034,0.043,0.060,,0.057,0.003,,,,,,,,,,,,,,,
"Cod, fillet, smoked, with skin",571,79,19.0,14.7,0.0,0.0,0.3,0.0,1.3,0.00,0.00,1.00,1.00,,0.00,0.05,0.05,5.39,2.50,,,,,,,0.0,0.0,500,,20,,0.60,,0.30,0.0,0,0.053,0.021,0.124,,0.124,0.001,43.0,881.6,1368.0,1672.0,577.6,130.7,699.2,668.8,760.0,173.3,972.8,1094.4,364.8,881.6,577.6
"Prickly pear, Indian fig, raw",572,39,0.7,,6.0,3.6,0.5,0.0,0.0,5.00,30.00,0.00,,,,0.01,0.06,0.46,0.46,,,,,,0.0,,,5,220,56,85,0.30,,,9.7,0,0.067,0.075,0.213,0.000,,,0.0,,,,,,,,,,,,,,
"Cabbage, Chinese, raw",573,17,1.3,0.9,2.0,1.2,0.2,0.0,0.0,120.00,720.00,0.00,0.00,0.12,,0.04,0.05,0.61,0.40,0.14,0.11,,96.2,42.0,0.0,26.0,26.0,9,238,30,13,0.31,0.02,0.11,1.9,0,0.042,0.022,0.070,0.000,0.055,0.014,0.0,70.4,72.5,74.5,7.2,13.7,36.2,24.2,40.3,12.5,56.4,70.4,22.1,36.2,26.2
"Kidney, pig, raw",574,98,16.0,12.7,1.7,0.0,3.0,0.0,0.4,151.67,10.00,1.00,1.00,0.20,0.00,0.29,1.65,11.96,8.21,0.61,3.20,32.0,42.0,5.0,17.0,13.3,13.3,160,244,7,18,3.30,0.72,2.59,0.0,1.1,1.001,0.800,0.449,,0.026,0.423,319.0,665.6,1305.6,1305.6,332.8,181.8,742.4,588.8,665.6,225.3,998.4,947.2,358.4,972.8,793.6
"Norway pout, flesh, raw",575,79,17.6,,0.0,0.0,1.0,0.0,0.2,2.00,0.00,,,,0.00,0.10,0.09,0.90,0.90,,,,,,,0.0,0.0,76,,,,,,,0.0,0,0.200,0.200,0.400,,,,,,,,,,,,,,,,,,
"Pastry, frangipani pastry",577,477,5.7,5.1,49.2,3.0,27.9,0.0,0.3,,,,,,,,,1.15,,,,,,,,,,132,89,,,1.91,,,28.0,21.2,8.500,9.900,5.200,,,,,300.0,470.0,270.0,130.0,110.0,320.0,150.0,210.0,69.0,340.0,280.0,140.0,210.0,480.0
"Figs, raw",578,77,0.8,0.6,16.3,2.9,0.3,0.0,0.0,12.33,74.00,0.00,0.00,0.10,,0.06,0.05,0.50,0.40,0.11,0.30,,9.0,,0.0,2.0,2.0,1,232,43,17,0.37,0.07,0.15,11.5,0,0.047,0.051,0.112,0.000,0.000,0.112,0.0,22.8,32.4,30.0,6.0,12.0,18.0,32.4,24.0,6.0,27.6,16.8,11.0,25.2,49.2
"Carambola, raw",579,33,1.0,,5.2,2.8,0.3,0.0,0.0,65.83,395.00,0.00,0.00,,,0.01,0.02,0.49,0.37,,,,,,0.0,34.4,34.4,2,133,3,10,0.08,0.14,0.12,6.6,0.2,0.100,0.100,0.190,0.000,0.030,0.160,0.0,44.8,76.4,76.4,21.6,,36.5,44.8,44.8,7.6,49.8,21.6,7.6,49.8,49.8
"Turbot, raw",581,90,16.4,13.6,2.9,0.0,1.4,0.0,0.2,11.70,0.00,2.04,,0.80,0.00,0.04,0.08,9.16,6.10,0.15,,,16.0,,0.8,1.7,1.7,70,330,49,23,0.25,,0.20,0.0,0,0.258,0.236,0.465,,0.465,0.000,48.0,761.0,1338.2,1495.7,472.3,175.8,629.8,551.0,708.5,183.7,839.7,970.9,472.3,787.2,577.3
"Haddock, raw",582,77,17.9,16.7,0.0,0.0,0.6,0.0,0.3,0.00,0.00,0.00,0.00,0.00,0.00,0.07,0.10,7.53,4.00,0.20,0.20,5.0,13.0,5.0,1.0,0.0,0.0,120,300,18,23,0.60,0.19,0.30,0.0,0,0.110,0.071,0.263,,0.260,0.003,48.0,997.9,1602.7,1844.6,544.3,211.7,786.2,665.3,907.2,211.7,1088.6,1209.6,544.3,877.0,786.2
"Pork, liver paste, Danish, low fat",583,150,10.0,8.2,12.1,0.7,6.7,0.0,2.0,3750.00,0.00,0.00,0.00,0.72,,0.15,1.01,6.87,5.00,0.18,1.45,23.0,83.0,,8.9,6.4,6.4,802,224,50,18,5.17,0.19,2.40,0.2,11.51,2.232,2.262,1.205,0.057,0.075,1.130,94.0,464.0,864.0,688.0,208.0,80.0,464.0,320.0,416.0,112.0,592.0,592.0,256.0,688.0,592.0
"Flounder, raw",584,86,17.9,14.7,0.0,0.0,1.6,0.0,0.2,9.00,0.00,0.80,0.80,1.00,0.00,0.22,0.21,5.32,3.00,0.25,0.68,1.2,15.0,5.0,3.0,1.0,1.0,65,394,35,27,0.30,0.04,0.78,0.0,0,0.358,0.386,0.511,,0.500,0.010,46.0,899.3,1363.4,1653.5,522.2,130.5,696.2,667.2,783.2,139.2,986.3,1073.3,406.1,1044.3,667.2
"Endive (escarole), raw",585,14,1.3,0.9,0.2,3.1,0.2,0.0,0.1,205.00,1230.00,0.00,0.00,0.60,,0.08,0.08,0.48,0.40,0.02,0.90,,142.0,,0.0,6.5,6.5,22,314,52,15,0.83,0.10,0.79,1.1,0,0.047,0.004,0.089,0.000,0.013,0.076,0.0,70.0,94.0,60.0,13.4,9.6,50.0,38.0,48.0,4.8,60.0,60.0,22.0,56.0,56.0
"Pollack, raw",587,71,17.4,,0.0,0.0,0.2,0.0,0.2,0.00,0.00,1.41,1.41,0.68,0.00,0.02,0.05,1.04,1.04,0.08,0.12,1.7,,,1.2,0.5,0.5,63,368,10,27,0.20,0.03,0.26,0.0,0,0.020,0.010,0.100,,0.050,0.000,50.0,,,,,,,,,,,,,,
"Plain cake, frangipani cake",588,430,5.2,4.7,58.5,1.9,19.0,0.0,0.5,177.00,,0.60,,3.30,,0.10,0.10,2.85,1.80,0.00,,,14.0,,0.2,0.0,,180,139,108,29,0.90,,0.70,41.0,17.5,6.800,6.700,3.300,,0.500,,,273.6,428.6,246.2,118.6,100.3,291.8,136.8,191.5,62.9,310.1,255.4,127.7,191.5,437.8
"Caviar, Danish (roe, lump-sucker)",589,106,13.3,10.4,0.4,0.0,5.7,0.0,5.4,10.08,6.50,3.80,3.80,10.25,,0.77,0.66,3.63,1.15,0.26,,,22.0,,19.5,10.0,10.0,2158,77,20,4,0.54,0.04,1.18,0.0,0,1.121,1.427,2.752,,2.549,0.204,312.0,742.9,1125.0,1040.1,318.4,110.4,488.2,530.7,488.2,148.6,849.1,679.3,275.9,445.8,700.5
"Pizza Napolitana, frozen",590,181,8.6,,21.9,2.1,6.1,0.0,1.0,94.17,205.00,,,,,0.22,0.14,1.33,0.57,0.09,0.12,,,,0.3,,,385,165,140,18,1.80,0.08,1.15,4.6,17.3,2.600,2.600,0.500,0.029,,,,,,,,,,,,45.4,,,,,
"Lettuce, looseleaf, raw",591,15,1.4,1.0,1.5,1.3,0.2,0.0,0.1,190.00,1140.00,0.00,0.00,0.30,,0.07,0.08,0.53,0.38,0.09,0.13,,83.2,,0.0,18.0,18.0,28,194,36,13,0.86,0.03,0.18,1.6,0,0.019,0.006,0.080,0.000,0.056,0.023,0.0,87.2,82.8,87.2,16.8,16.8,56.7,32.7,61.0,9.4,74.1,74.1,24.0,58.9,50.1
"Split peas, dry, raw",592,347,22.0,17.0,56.4,7.4,2.1,0.0,0.1,2.50,15.00,0.00,0.00,0.00,81.00,0.82,0.18,5.55,2.50,0.08,2.00,0.5,33.0,21.0,0.0,1.0,1.0,26,1115,38,82,5.50,0.69,3.80,2.4,39.4,0.376,0.158,1.146,0.000,0.197,0.948,0.0,915.2,1408.0,1513.6,165.4,147.8,915.2,528.0,739.2,183.0,1161.6,2041.6,492.8,844.8,880.0
"Persimmon, kaki fruit, raw",593,87,0.7,0.5,17.5,5.9,0.3,0.0,0.0,69.96,419.75,0.00,0.00,1.80,,0.03,0.02,0.29,0.10,0.03,,,8.0,,0.0,25.0,25.0,10,208,18,11,0.15,0.11,0.05,15.2,0,0.060,0.100,0.200,0.000,0.010,0.120,0.0,28.6,47.6,38.1,5.7,14.8,29.6,18.0,33.8,11.6,33.8,28.6,13.7,28.6,25.4
"Ling, fillet, raw",594,80,19.5,,0.0,0.0,0.2,0.0,0.2,3.00,0.00,0.00,0.00,,0.00,0.01,0.03,1.20,1.20,,,,,,,0.0,0.0,72,,20,,0.70,,0.40,0.0,0,0.020,0.010,0.100,,0.050,0.000,,,,,,,,,,,,,,,
"Sole, raw",595,85,18.7,16.5,0.1,0.0,1.1,0.0,0.3,0.00,0.00,8.00,8.00,1.03,0.00,0.07,0.08,6.99,3.50,0.17,0.30,44.5,10.0,5.0,0.8,1.7,1.7,120,351,29,25,0.60,0.03,0.08,0.0,0,0.186,0.269,0.425,,0.364,0.061,50.0,987.4,1585.8,1825.1,538.6,209.4,777.9,658.2,897.6,209.4,1077.1,1196.8,538.6,867.7,777.9
"Tomato, peeled, canned",596,21,1.1,0.8,3.1,0.9,0.3,0.0,0.4,58.67,352.00,0.00,0.00,0.74,,0.05,0.06,0.76,0.58,0.11,0.23,1.5,24.0,4.0,0.0,11.3,11.3,143,188,31,11,0.97,0.11,0.30,2.3,0,0.055,0.036,0.149,0.000,0.014,0.135,0.0,52.6,45.3,52.6,12.7,9.4,30.8,41.7,30.8,11.1,32.6,41.7,18.1,32.6,36.3
"Meat balls, average values",597,145,8.8,,6.0,0.0,9.5,0.0,1.5,0.00,0.00,0.50,,0.50,0.00,0.16,0.18,3.50,3.50,0.13,,,7.7,,0.7,0.0,0.0,590,140,28,22,1.15,0.07,1.30,0.0,6,3.900,4.000,0.600,0.091,0.100,,33.0,,,,,,,,,,,,,,
"Fish balls, fried",598,153,13.7,11.6,8.9,0.9,6.7,0.0,1.4,0.00,0.00,0.55,0.55,1.39,0.00,0.07,0.12,3.68,1.30,0.09,0.28,2.8,,,1.6,0.0,0.0,545,277,50,24,0.42,0.05,0.49,0.8,8.4,1.126,3.355,1.693,,0.533,1.160,40.0,681.0,1142.4,1252.2,395.4,57.1,571.2,483.3,615.1,142.8,812.9,681.0,307.6,703.0,725.0
"Endive (frisee), raw",599,18,1.3,0.9,2.4,0.9,0.2,0.0,0.1,205.00,1230.00,0.00,0.00,0.60,,0.08,0.08,0.48,0.40,0.02,0.90,,142.0,,0.0,13.0,13.0,22,314,52,15,0.80,0.10,0.79,1.6,0,0.047,0.004,0.089,0.000,0.013,0.076,0.0,72.8,97.8,62.4,13.9,10.0,52.0,39.5,49.9,5.0,62.4,62.4,22.9,58.2,58.2
"Lettuce, Cos or romaine, raw",600,17,1.2,0.7,2.3,1.6,0.0,0.0,0.0,118.53,711.17,0.00,0.00,0.29,14.55,0.06,0.06,0.53,0.31,0.07,0.11,2.5,114.0,,0.0,10.7,9.4,10,259,25,11,0.48,0.03,0.24,1.4,0,0.004,0.001,0.016,0.000,0.011,0.005,0.0,23.9,61.7,55.7,0.0,7.0,33.5,12.5,41.6,13.1,47.9,54.0,4.2,37.4,29.6
"Pikeperch, raw",601,87,19.2,,0.9,0.0,0.7,0.0,0.1,0.00,0.00,0.70,0.70,1.35,0.00,0.16,0.25,3.19,2.31,,,,,,,1.0,1.0,57,340,54,29,0.30,0.01,0.40,0.5,0,0.396,0.226,0.028,,0.028,0.000,61.5,,,,,,,,,53.0,,,,,
"Potatoes, mashed, instant powder without dry milk",602,350,8.2,6.2,70.6,14.9,0.5,0.0,0.2,0.00,0.00,0.00,0.00,,,0.19,0.30,6.28,4.20,0.86,0.35,,30.0,,0.0,37.0,37.0,81,1171,70,75,3.30,0.37,1.40,5.7,64.9,0.387,,,0.000,,,0.0,302.5,447.1,473.4,111.8,67.1,328.8,157.8,276.2,124.9,486.6,341.9,144.7,236.7,289.3
"Redfish, ocean perch, raw",603,84,18.9,,0.0,0.0,0.9,0.0,0.3,3.00,0.00,0.00,,0.90,0.00,0.05,0.05,1.20,1.20,,,,,,,0.0,0.0,113,323,23,,0.77,,,0.0,0,0.177,0.343,0.178,,0.156,0.022,48.0,,,,,,,,,,,,,,
"Spring roll with minced beef and white cabbage, deepfried, fast food",604,203,6.1,,21.4,2.4,9.8,0.0,1.4,4.40,9.00,,,,,0.07,0.05,,,,,,,,,,,571,206,33,17,0.77,0.05,0.73,2.4,15.6,2.280,4.523,2.140,0.085,0.439,1.702,,,,,,,,,,,,,,,
"Carrot, raw",606,33,0.4,0.3,6.4,3.1,0.0,0.0,0.1,1135.83,6815.00,0.00,0.00,0.21,1.44,0.01,0.03,0.41,0.41,0.07,0.18,3.0,12.4,15.0,0.0,2.5,,49,260,32,14,0.20,0.04,0.15,3.8,0,0.000,0.000,0.000,0.000,0.000,0.000,0.0,0.0,32.1,29.6,0.0,4.0,0.0,11.6,20.3,0.0,28.6,21.5,0.0,22.2,0.0
"Cod, liver, smoked",607,624,5.1,3.2,1.0,0.0,66.6,0.0,1.5,5100.00,0.00,100.00,100.00,20.00,,0.10,0.65,3.25,2.50,0.15,0.64,,300.0,,22.0,4.0,4.0,589,130,10,8,4.00,0.66,1.94,0.0,1,14.276,31.584,16.145,,14.059,2.086,,187.7,318.2,301.9,106.1,89.8,179.5,146.9,195.8,44.9,244.8,253.0,89.8,195.8,155.0
"Cod, liver, raw",608,624,5.1,3.2,1.0,0.0,66.6,0.0,1.5,5100.00,0.00,100.00,100.00,20.00,,0.10,0.65,3.25,2.50,0.15,0.64,,300.0,,10.0,4.0,4.0,589,130,10,8,4.00,0.66,1.94,0.0,1,14.276,31.584,16.145,,14.059,2.086,,187.7,318.2,301.9,106.1,89.8,179.5,146.9,195.8,44.9,244.8,253.0,89.8,195.8,155.0
"Nectarine, raw",610,42,0.8,0.5,9.1,1.5,0.0,0.0,0.0,25.00,150.00,0.00,0.00,0.66,,0.01,0.00,0.68,0.62,0.00,0.18,0.4,5.0,,0.0,3.1,2.6,0,214,7,9,0.14,0.07,0.12,7.8,0,0.020,0.080,0.120,0.000,0.020,0.100,0.0,6.8,10.5,12.0,4.5,3.7,8.3,5.2,6.8,3.7,9.7,6.8,6.0,8.3,7.5
"Pike, raw",611,90,19.0,,0.7,0.0,1.2,0.0,0.1,6.00,0.00,0.90,0.90,0.70,0.00,0.08,0.04,1.50,1.50,0.15,,,,,24.0,3.0,3.0,53,368,50,29,0.30,0.02,0.96,0.0,0,0.678,0.374,0.072,,0.018,0.054,39.0,,,,,,,,,,,,,,
"Salad dressing, oil and vinegar, low calorie",612,49,0.3,,8.5,0.0,1.5,0.0,2.9,0.33,2.00,0.00,,0.30,,0.00,0.00,0.00,0.00,0.00,,,0.0,,0.0,0.0,,1140,6,12,6,0.00,,0.00,9.2,0,0.100,0.900,0.400,0.000,0.100,,,,,,,,,,,,,,,,
"Squash, all varieties, raw",614,17,1.6,1.1,1.5,1.2,0.2,0.0,0.0,23.33,140.00,0.00,0.00,0.10,,0.03,0.14,0.74,0.49,0.10,0.16,,48.0,,0.0,17.0,17.0,5,274,29,19,0.61,0.05,0.30,2.2,0,0.047,0.016,0.097,0.000,0.061,0.036,0.0,56.8,95.5,87.8,23.2,16.5,56.8,41.3,38.7,15.0,72.3,67.1,33.6,59.4,51.6
"Wheat bread, with whole kernels",615,231,6.9,,41.0,8.2,2.6,0.0,1.5,0.00,0.00,,,,,0.40,0.30,1.35,,,,,,,,,,608,270,225,52,4.52,,1.36,0.5,40.5,,,,0.000,,,,340.0,580.0,190.0,130.0,150.0,410.0,190.0,230.0,81.0,390.0,310.0,180.0,320.0,890.0
"Avocado, raw",616,155,1.6,1.2,0.5,5.5,15.1,0.0,0.0,11.17,67.01,0.00,0.00,1.94,13.66,0.04,0.11,1.60,1.22,0.14,0.97,4.8,99.3,31.0,0.0,2.9,,2,434,15,29,0.47,0.25,0.54,1.1,0.05,2.819,7.820,1.769,0.000,0.055,1.715,0.0,61.4,110.6,104.1,18.9,24.0,64.7,50.2,65.9,23.0,82.8,69.3,40.9,74.7,62.4
Wheat bran,617,291,16.2,13.5,24.6,40.2,5.3,0.0,0.1,0.00,0.00,0.00,0.00,1.60,83.00,0.89,0.36,3.41,29.60,1.38,2.40,24.0,140.0,,0.0,0.0,0.0,28,1340,75,480,19.00,1.10,7.70,2.4,22.1,0.877,0.704,2.765,0.000,0.178,2.587,0.0,537.5,1049.4,691.1,256.0,435.1,665.5,511.9,563.1,204.8,793.4,1254.2,486.3,1023.8,998.2
"Beet, red, canned",621,60,1.0,0.5,12.4,2.0,0.3,0.0,0.5,1.17,7.00,0.00,0.00,0.08,0.20,0.01,0.04,0.25,0.16,0.05,0.10,0.0,37.0,69.0,0.0,4.1,4.1,194,330,23,15,0.70,0.21,0.31,12.0,0,0.057,0.031,0.152,0.000,0.026,0.127,0.0,19.2,20.8,22.4,4.6,0.6,9.3,8.2,17.6,5.3,25.6,19.2,10.4,17.6,11.0
"Lentils, brown, dried, raw",622,336,25.1,,48.9,11.2,2.0,0.0,0.0,3.92,23.52,,,,,,,,,,,,,,,,,1,,70,,6.51,,,1.2,44.5,0.200,0.300,0.800,0.000,,,,,,,,,,,,,,,,,
"Tomato, imported, ripe, raw",624,33,1.1,0.8,5.1,2.1,0.4,0.0,0.0,165.33,992.00,0.00,0.00,0.50,7.90,0.04,0.02,0.91,0.73,0.09,0.04,2.3,31.0,,0.0,18.0,18.0,13,252,7,11,0.24,0.04,0.09,3.2,0,0.073,0.048,0.199,0.000,0.018,0.181,0.0,51.0,44.0,51.0,12.3,9.2,29.9,40.5,29.9,10.7,31.7,40.5,17.6,31.7,35.2
"Lobster, boiled",625,90,18.7,16.6,0.3,0.0,1.5,0.0,3.1,1.00,0.00,0.00,0.00,2.20,0.00,0.05,0.02,4.99,1.50,0.21,1.63,5.0,17.0,7.0,0.5,0.0,0.0,1240,135,85,47,0.80,1.70,1.80,0.0,0.3,0.216,0.351,0.528,0.023,0.479,0.049,129.0,867.7,1615.7,1466.1,538.6,239.4,748.0,688.2,867.7,209.4,897.6,1555.8,359.0,1226.7,807.8
"Lobster, canned",626,90,18.7,16.6,0.3,0.0,1.5,0.0,3.1,1.00,0.00,0.00,0.00,2.20,0.00,0.05,0.02,4.99,1.50,0.21,1.63,5.0,17.0,7.0,0.5,0.0,0.0,1240,135,85,47,0.80,1.70,1.80,0.0,0.3,0.216,0.351,0.528,0.023,0.479,0.049,129.0,867.7,1615.7,1466.1,538.6,239.4,748.0,688.2,867.7,209.4,897.6,1555.8,359.0,1226.7,807.8
"Butterhead lettuce (US), cabbage lettuce (UK), raw",627,14,1.3,0.8,0.8,1.3,0.4,0.0,0.0,240.00,1440.00,0.00,0.00,0.30,130.00,0.08,0.10,0.75,0.50,0.08,0.20,0.7,83.2,24.0,0.0,9.0,9.0,18,320,52,17,0.65,0.05,0.51,2.1,0.02,0.055,0.009,0.181,0.000,0.105,0.076,0.0,47.0,71.6,55.2,11.7,1.8,40.9,20.4,40.9,15.1,65.4,49.1,19.6,42.9,40.9
"Margarine, 70 % fat, table use, soft, vegetable fat",628,681,0.8,,10.6,0.0,70.6,0.0,1.4,840.00,360.00,0.00,0.00,32.50,0.00,0.01,0.03,0.21,0.02,0.00,0.08,0.0,2.0,2.0,0.1,0.0,0.0,550,38,10,2,0.09,0.00,0.05,0.0,0,21.393,20.933,23.544,0.000,2.040,21.503,0.0,46.0,74.0,60.0,19.0,7.0,38.0,38.0,34.0,11.0,51.0,28.0,21.0,16.0,74.0
"Cabbage, red, canned",629,75,1.0,0.6,16.3,2.1,0.2,0.0,0.8,4.17,25.00,0.00,0.00,0.07,149.00,0.07,0.05,0.73,0.60,0.11,0.32,0.1,35.0,23.0,0.0,20.0,20.0,300,100,39,6,0.83,0.03,0.55,5.0,0.1,0.039,0.012,0.110,0.000,0.035,0.075,0.0,27.2,30.4,30.4,7.5,0.6,17.6,11.5,12.3,7.5,44.8,41.6,16.0,20.8,36.8
"Lychee, raw",630,71,0.8,,15.2,1.3,0.4,0.0,0.0,0.00,0.00,0.00,0.00,0.07,,0.01,0.07,0.72,0.60,,,,,,0.0,71.5,71.5,1,171,5,10,0.31,0.15,0.07,15.2,0,0.099,0.120,0.132,0.000,,,0.0,,,41.2,9.0,,,,,7.0,,,,,
"Pizza, frozen, average values",631,190,8.9,,23.8,1.9,6.1,0.0,0.9,94.17,205.00,,,,,0.22,0.14,1.35,0.57,0.09,0.12,,,,0.3,9.3,4.3,361,194,160,19,1.73,0.08,1.15,4.6,19.2,2.600,2.600,0.500,0.029,,,,,,,,,,,,47.0,,,,,
"Pomegranate, raw",632,67,1.0,,13.2,4.0,0.3,0.0,0.0,0.00,0.00,0.00,0.00,0.92,,0.03,0.03,0.30,0.30,0.11,0.60,,10.0,,0.0,6.1,6.1,3,259,3,3,0.30,0.07,0.20,13.7,0,0.090,0.230,0.130,0.000,0.020,0.110,0.0,,,,,,,,,,,,,,
"Guava, common, raw",633,42,0.9,,6.3,4.9,0.5,0.0,0.0,4.17,25.00,0.00,0.00,,,0.04,0.04,1.21,1.08,0.08,0.45,,,,0.0,176.0,176.0,2,198,10,10,0.26,0.23,0.19,3.8,0.1,0.130,0.042,0.192,0.000,0.054,0.138,0.0,32.3,58.9,25.2,5.3,,2.1,10.7,33.7,7.4,29.5,22.4,7.4,43.5,26.6
"Spotted wolffish, fillet, raw",634,107,16.0,13.3,0.0,0.0,4.8,0.0,0.3,18.00,0.00,1.30,1.30,2.40,0.00,0.18,0.05,5.27,2.50,0.35,0.57,,1.0,1.0,2.2,0.0,0.0,105,282,35,25,1.00,,,0.0,0,0.937,1.435,1.852,,1.561,0.291,58.0,768.0,1254.4,1536.0,512.0,135.7,640.0,563.2,742.4,166.4,896.0,947.2,358.4,742.4,588.8
"Mussels, in water, canned",635,103,17.8,15.4,1.1,0.0,3.0,0.0,2.2,21.10,0.00,0.00,0.00,3.50,0.00,0.01,0.11,4.80,1.00,0.08,,,27.0,,10.2,0.0,0.0,880,98,57,42,8.44,0.16,3.56,0.2,0.9,0.556,0.334,1.001,0.045,1.001,0.000,38.0,856.0,1369.6,1426.7,485.1,285.3,741.9,741.9,827.5,228.3,1112.8,1341.1,428.0,913.1,741.9
"Cape gooseberries, raw",636,51,1.9,,7.2,4.3,0.7,0.0,0.0,121.67,730.00,0.00,0.00,0.70,,0.11,0.04,2.80,2.80,,,,,,0.0,11.0,11.0,1,,9,,0.43,,0.36,7.2,0,0.190,0.120,0.120,0.000,0.070,0.040,0.0,,,,,,,,,,,,,,
"Cheese, unripened, smoked, 10 % fat",637,130,8.6,7.6,3.2,0.0,9.1,0.0,0.6,99.50,45.00,0.15,0.15,0.24,0.00,0.03,0.25,2.20,0.21,0.06,0.27,1.8,2.8,2.0,0.6,1.0,1.0,235,115,89,9,0.03,0.01,0.37,2.8,0,5.726,2.010,0.276,0.497,0.081,0.147,34.0,473.7,798.5,690.2,243.6,31.1,446.6,473.7,297.7,119.1,581.9,270.7,243.6,175.9,906.7
"Bream, raw",639,108,16.7,,1.2,0.0,4.0,0.0,0.1,14.00,0.00,5.50,5.50,1.30,0.00,0.07,0.07,4.00,4.00,,,,,,,0.0,0.0,43,350,63,26,0.44,0.03,0.42,0.0,0,0.928,2.458,0.202,,0.112,0.090,66.0,,,,,,,,,,,,,,
"Heart, beef, raw",641,103,17.7,16.1,1.0,0.0,3.1,0.0,0.2,0.00,0.00,1.00,1.00,0.20,0.00,0.34,0.75,40.10,7.50,0.26,2.50,2.0,20.0,2.0,10.0,2.0,2.0,95,240,4,17,4.20,0.31,1.40,0.0,0.7,1.213,0.636,0.584,0.142,0.209,0.374,150.0,850.5,1616.0,1644.3,453.6,184.3,822.2,652.1,822.2,1956.2,68.0,1105.7,482.0,963.9,822.2
"Pak choi (bok choy), raw",643,15,1.5,1.1,1.2,1.0,0.2,0.0,0.2,300.00,1800.00,0.00,0.00,,,0.04,0.07,0.75,0.50,0.24,0.09,,66.0,,0.0,45.0,45.0,65,252,105,19,0.80,0.02,0.19,1.5,0.4,0.027,0.015,0.096,0.000,0.054,0.042,0.0,84.0,88.8,88.8,8.9,17.0,43.2,28.8,48.0,14.9,64.8,84.0,26.4,43.2,31.2
"Heart, pork, raw",644,102,16.0,14.3,0.0,0.0,4.2,0.0,0.3,6.00,0.00,0.30,0.08,0.20,19.65,0.44,1.00,9.81,6.50,0.44,2.50,18.2,9.0,1.0,2.7,3.0,3.0,107,298,5,21,6.00,0.41,2.10,0.0,0.4,1.202,1.039,1.031,,0.325,0.705,131.0,761.6,1441.6,1577.6,408.0,149.6,680.0,598.4,734.4,198.6,924.8,1060.8,435.2,1006.4,843.2
"Rye bread, dark with high fat seeds and whole kernels, industrially produced",646,215,5.7,4.8,33.5,8.8,4.5,0.0,1.1,0.00,0.00,0.00,0.00,0.20,2.08,0.21,0.07,1.18,0.88,0.20,0.23,7.3,27.7,,0.0,0.0,0.0,425,257,32,63,1.72,0.25,1.59,3.5,29.7217391304348,0.471,0.878,2.374,0.000,0.633,1.742,0.0,223.8,389.2,243.2,95.3,88.5,272.4,145.9,214.1,71.0,330.8,321.1,145.9,272.4,505.9
"Walnuts, dried",647,693,14.1,12.9,10.3,7.0,64.6,0.0,0.0,2.17,13.00,0.00,0.00,0.89,3.45,0.25,0.16,3.86,0.56,0.19,0.46,18.0,123.0,,0.0,1.3,1.3,0,380,83,142,2.29,1.05,2.70,2.6,0.2245145,5.506,11.620,44.048,0.000,7.599,36.449,0.0,560.0,1060.0,422.0,253.0,261.0,664.0,475.0,503.0,198.0,690.0,2220.0,358.0,750.0,558.0
"Asparagus, canned",649,16,1.7,1.3,1.4,1.5,0.1,0.0,0.7,82.17,493.00,0.00,0.00,0.25,,0.03,0.04,0.53,0.30,0.11,0.07,0.2,48.0,59.0,0.0,18.4,18.4,288,111,16,7,0.35,0.06,0.44,1.2,0,0.023,0.003,0.054,0.000,0.004,0.050,0.0,50.1,80.7,72.4,20.0,6.1,47.3,39.0,44.5,13.9,80.7,66.8,30.6,58.5,111.4
"Garlic, dried, powder",650,345,16.8,10.0,62.7,9.9,0.8,0.0,0.1,0.00,0.00,0.00,0.00,,,0.47,0.15,3.56,0.69,,,,,,0.0,3.6,3.6,26,1101,80,58,2.75,,2.63,2.4,61.3,0.143,0.018,0.400,0.000,0.032,0.367,0.0,564.5,806.4,725.8,198.9,169.3,483.8,212.4,403.2,172.0,752.6,1666.6,295.7,537.6,263.4
"Pizza with broccoli, frozen",651,194,8.7,,23.6,2.4,6.7,0.0,0.9,41.00,156.00,,,,,0.22,0.14,1.34,0.57,0.09,0.12,,,,0.3,,,345,210,199,20,1.40,0.08,1.15,4.6,19,2.600,2.600,0.500,0.029,,,,,,,,,,,,45.9,,,,,
"Chickory, raddichio, raw",652,24,1.4,,3.6,0.9,0.3,0.0,0.1,0.00,0.00,0.00,0.00,,,0.02,0.03,0.67,0.26,0.06,0.27,,60.0,,0.0,8.0,8.0,22,302,19,13,0.57,0.34,0.62,1.6,0,0.059,0.005,0.111,0.000,0.015,0.095,0.0,84.7,61.8,55.0,8.5,,34.4,,38.9,25.2,64.1,105.3,25.2,,
"Eggs, chicken, dried",653,564,50.7,45.0,4.2,0.0,38.4,0.0,1.4,277.33,41.00,1.80,1.80,8.80,1.20,0.20,1.63,13.91,0.40,0.27,5.68,96.8,171.0,,3.9,0.0,0.0,545,515,237,49,7.07,0.22,5.05,0.6,0,11.050,14.022,6.414,0.090,0.242,6.172,1510.0,3161.0,4457.8,3404.1,1621.0,1215.8,2836.8,2107.3,2512.6,810.5,3647.3,3242.0,1215.8,1702.1,2026.3
"Lobster, raw",654,93,19.6,17.3,0.7,0.0,1.3,0.0,1.3,1.00,0.00,0.00,0.00,1.50,0.00,0.09,0.05,5.66,2.00,0.21,1.50,5.0,17.0,7.0,6.3,3.0,3.0,538,138,48,29,0.30,0.70,4.60,0.0,0.8,0.198,0.320,0.482,0.019,0.438,0.044,129.0,909.4,1693.4,1536.6,564.5,250.9,784.0,721.3,909.4,219.5,940.8,1630.7,376.3,1285.8,846.7
"Norway lobster, raw",655,93,19.6,17.3,0.7,0.0,1.3,0.0,0.9,1.00,0.00,0.00,0.00,1.50,0.00,0.13,0.01,5.66,2.00,0.21,1.50,5.0,17.0,7.0,0.9,3.0,3.0,341,213,48,68,2.00,0.70,4.60,0.0,0.8,0.198,0.320,0.482,0.019,0.438,0.044,95.0,909.4,1693.4,1536.6,564.5,250.9,784.0,721.3,909.4,219.5,940.8,1630.7,376.3,1285.8,846.7
"Crispbread, knackebrot, wheat, coarse",656,371,13.0,11.4,61.1,9.5,6.2,0.0,1.2,52.17,7.00,0.00,0.00,1.40,0.00,0.30,0.30,2.81,3.00,0.29,,,110.8,,0.0,0.0,0.0,484,480,87,104,5.00,0.31,2.20,1.6,59.5,0.938,0.532,2.994,0.000,0.178,2.816,0.0,570.3,958.0,638.7,250.9,162.0,638.7,296.5,524.6,168.8,821.2,707.1,319.3,593.1,1254.6
Curry powder,657,303,12.7,,5.4,53.0,13.8,0.0,0.1,99.00,594.00,0.00,0.00,21.99,,0.25,0.28,3.47,3.47,1.15,,,154.0,,0.0,11.4,11.4,52,1543,478,254,29.59,1.04,4.05,2.8,0,1.600,8.800,3.100,0.000,0.260,2.800,0.0,,,,,,,,,,,,,,
"Norway haddock, fillet, raw",658,90,19.1,,0.0,0.0,1.5,0.0,0.3,3.00,0.00,0.00,,,,,,,,,,,,,,,,113,,,,,,0.30,0.0,0,,,,,,,48.0,,,,,,,,,,,,,,
"Potato crisps, fatreduced",659,488,5.0,3.8,63.5,3.4,23.0,0.0,1.5,0.00,0.00,0.00,0.00,6.10,,0.39,0.08,6.57,5.30,0.48,,,82.0,4.0,0.0,48.4,48.4,606,1050,24,60,1.38,0.26,1.01,0.7,44.2,8.510,9.130,5.530,0.000,0.120,5.350,,184.0,272.0,288.0,68.0,40.8,200.0,96.0,168.0,76.0,296.0,208.0,88.0,144.0,176.0
"Sausage, tongue sausage, saveloy type",660,148,9.8,,4.8,0.0,10.0,0.0,3.0,0.00,0.00,,,,0.00,,,,,,,,,,,0.0,0.0,1214,230,,,1.73,0.15,1.90,0.0,3.8,,,,,,,40.0,,,,,,,,,,,,,,
"Saithe (UK), pollock (US), fillet, frozen",661,91,20.5,,0.3,0.0,0.9,0.0,0.1,6.00,0.00,0.79,0.79,0.76,0.00,0.05,0.10,1.60,1.60,0.12,,,10.0,,1.0,0.3,0.3,40,440,29,14,0.21,0.06,0.34,0.0,0,0.505,0.283,0.038,,0.038,0.000,61.0,,,,,,,,,,,,,,
"Cream, 18 % fat",662,190,2.7,2.4,4.3,0.0,18.0,0.0,0.1,166.17,79.00,0.21,0.21,0.46,0.00,0.04,0.17,0.68,0.07,0.04,0.32,1.4,10.0,3.0,0.4,1.0,1.0,40,140,95,10,0.04,0.01,0.34,3.9,0,11.650,4.850,0.510,,0.140,0.370,59.0,156.5,258.0,241.1,67.7,20.7,135.4,114.2,114.2,36.4,186.1,93.1,76.1,55.0,262.3
"Beans, wax, canned",663,26,1.4,1.0,3.7,1.5,0.3,0.0,0.6,10.00,60.00,0.00,0.00,0.29,,0.02,0.05,0.50,0.20,0.03,0.04,0.5,100.0,8.0,0.0,3.4,3.4,259,98,24,17,0.90,0.05,0.30,1.0,3.1,0.100,0.000,0.200,0.000,,,0.0,53.8,78.4,73.9,18.8,4.9,38.1,31.4,60.5,17.9,69.4,51.5,22.0,42.6,40.3
"Wheat bread, with wheat bran",665,216,9.8,,37.4,5.2,1.9,0.0,1.2,0.00,0.00,0.00,0.00,0.50,0.00,0.45,0.44,1.35,1.00,0.09,0.50,1.9,21.0,,0.0,0.0,0.0,495,326,190,65,4.68,0.22,1.43,0.5,36.9,0.459,0.693,0.478,0.000,0.070,0.408,,340.0,580.0,190.0,130.0,150.0,410.0,190.0,230.0,81.0,390.0,310.0,180.0,320.0,890.0
"Pork, ham, cured, canned",666,111,15.7,12.5,0.0,0.0,5.4,0.0,3.3,1.00,0.00,0.30,0.08,0.08,0.00,0.52,0.25,6.75,3.90,0.27,0.44,2.6,2.1,,0.0,0.0,0.0,1310,281,6,19,0.87,0.07,1.90,0.0,0,1.957,2.437,0.520,,0.000,0.520,47.0,778.7,1180.6,1406.7,401.9,105.5,577.8,527.5,678.2,170.8,854.1,929.4,602.9,728.5,577.8
"Bread, bolted rye and wheat, sour, with caraway seeds",667,249,7.0,6.5,47.0,3.7,2.8,0.0,1.1,11.00,66.00,0.00,0.00,0.44,0.00,0.09,0.07,1.26,0.75,0.12,0.30,3.0,36.5,8.0,0.0,0.0,0.0,424,201,23,35,0.70,0.12,0.70,1.6,45.3,0.370,0.288,1.430,0.000,,,0.0,316.9,536.4,219.4,110.9,115.8,353.5,146.3,207.2,75.6,377.9,329.1,170.7,304.8,707.0
"Eggs, chicken, long eggs, boiled, frozen",668,129,12.0,10.7,2.2,0.0,8.0,0.0,0.6,66.00,32.00,1.42,0.72,3.00,,0.07,0.38,3.26,0.08,0.09,1.60,23.2,49.0,,0.9,0.0,0.0,251,131,42,9,1.44,0.05,1.01,0.4,0,2.259,3.102,1.202,0.021,0.056,1.146,319.3,746.2,1052.3,803.6,382.7,287.0,669.7,497.5,593.1,191.3,861.0,765.3,287.0,401.8,478.3
"Blackberry, jam",669,197,0.3,,48.1,0.9,0.2,0.0,0.0,6.00,36.00,0.00,,0.30,,0.00,0.01,0.10,,0.00,,,5.1,,0.0,0.0,,18,100,20,11,0.50,,0.10,49.0,0,0.010,0.010,0.060,0.000,0.030,0.040,,,,,,,,,,6.0,,,,,
"Marmalade, mango",670,216,0.2,,53.1,0.9,0.1,0.0,0.0,23.33,140.00,0.00,,,,,,0.13,,,,,,,,,,18,,10,,0.10,,0.00,46.0,0,0.000,0.000,0.000,0.000,0.000,0.000,,18.0,31.0,41.0,5.0,,17.0,10.0,19.0,8.0,26.0,19.0,12.0,21.0,18.0
"Cream, cultured, 18 % fat",671,192,2.8,2.3,2.9,0.0,18.6,0.0,0.1,132.67,82.00,0.22,0.22,0.26,10.41,0.03,0.18,0.59,0.07,0.03,0.30,1.4,10.0,,0.2,0.1,0.1,30,123,98,10,0.02,0.02,0.34,2.8,0,12.424,3.723,0.470,0.726,0.095,0.309,61.0,150.5,261.2,230.2,62.0,22.6,132.8,119.5,93.0,31.0,181.5,101.8,70.8,66.4,216.9
"Bread, wholemeal",672,249,8.3,7.2,45.4,5.2,2.6,0.0,1.1,0.00,0.00,0.00,0.00,0.30,20.00,0.20,0.10,1.70,2.50,0.14,0.76,6.0,44.8,17.0,0.0,0.0,0.0,444,203,40,39,1.48,0.16,1.15,2.0,43.4875,0.529,0.516,1.007,0.000,0.104,0.903,0.0,341.0,596.7,255.7,129.3,129.3,397.8,170.5,227.3,102.3,426.2,397.8,184.7,355.2,838.2
"Liver, goose, raw",673,129,16.4,13.8,6.3,0.0,4.3,0.0,0.2,31507.17,43.00,2.75,,,,0.56,3.20,10.34,6.50,0.93,6.18,,738.0,,54.0,4.5,4.5,77,240,43,20,30.53,7.52,3.07,0.0,6.3,1.581,0.815,0.262,,0.010,0.252,515.0,864.3,1466.6,1230.9,392.9,220.0,811.9,576.2,733.3,230.5,1021.4,995.2,445.2,942.8,811.9
"Veal, eye of round, salted, boiled",674,100,19.2,15.7,0.0,0.0,2.6,0.0,4.5,0.00,0.00,0.00,0.00,0.03,0.00,0.03,0.06,6.35,2.90,0.34,0.23,0.9,8.6,4.0,,46.0,46.0,1805,273,5,18,1.45,0.05,2.68,0.0,0,0.998,1.078,0.098,0.019,0.000,0.098,42.0,955.2,1496.5,1560.2,477.6,159.2,764.2,668.6,796.0,207.0,987.0,1241.8,636.8,1018.9,859.7
"Chocolate, milk",675,545,7.1,5.9,57.8,0.4,31.7,0.0,0.3,107.50,45.00,0.00,0.00,0.25,0.00,0.09,0.40,1.61,0.40,0.04,0.19,3.0,7.0,4.0,0.0,0.0,0.0,127,442,195,55,1.49,0.37,1.55,59.5,2.9,19.249,9.461,1.063,0.216,0.086,0.978,18.0,352.2,647.5,556.6,159.0,31.8,340.8,227.2,204.5,72.7,477.1,238.6,170.4,170.4,681.6
"Bread, white",676,249,7.6,6.8,46.4,3.7,2.8,0.0,1.1,11.00,66.00,0.00,0.00,0.25,0.00,0.15,0.07,1.34,0.70,0.07,0.30,3.0,36.5,8.0,0.0,0.0,0.0,457,141,23,21,0.91,0.12,0.70,1.6,44.275,0.000,0.000,0.000,0.000,0.000,0.000,0.0,330.5,568.4,237.9,116.3,132.2,383.3,158.6,237.9,80.6,409.8,343.7,171.8,330.5,846.0
"Wheat bread, italien type, industrially produced",677,258,8.2,7.2,49.2,3.1,2.5,0.0,1.2,0.00,0.00,0.00,0.00,0.50,,0.14,0.04,1.43,1.13,0.06,0.30,1.8,28.3,,0.0,0.0,0.0,473,119,23,20,0.90,0.11,0.63,0.9,47.2285714285714,0.431,1.036,0.701,0.000,0.061,0.640,0.0,358.2,616.1,200.6,133.3,157.6,429.9,200.6,243.6,86.0,415.5,329.6,186.3,343.9,945.7
"Miso, soy paste",679,167,10.5,,18.1,5.4,4.6,0.0,7.4,4.00,24.00,0.00,0.00,0.10,,0.06,0.10,2.40,0.30,0.30,,,19.0,,0.0,0.0,,2950,335,68,100,1.70,,3.30,2.7,15,0.600,1.100,2.600,0.000,0.310,2.290,0.0,,,,,,,,,126.0,,,,,
"Beans, green, canned",680,25,1.5,1.0,2.8,2.4,0.3,0.0,0.6,64.50,387.00,0.00,0.00,0.25,,,0.06,0.37,0.10,0.03,0.09,,13.0,3.0,0.0,3.4,3.4,259,92,47,13,0.55,0.23,0.25,0.5,3.1,0.088,0.009,0.143,0.000,0.077,0.066,0.0,56.8,82.9,90.0,21.5,5.9,40.3,30.8,61.6,16.3,73.4,54.5,28.4,49.7,45.0
"Lentils, dried",681,347,26.2,21.9,50.5,8.7,2.5,0.0,0.1,10.00,60.00,0.00,0.00,0.28,,0.50,0.20,6.19,2.00,0.56,1.36,,35.0,25.0,0.0,0.0,0.0,36,670,56,77,6.50,0.67,3.06,2.4,50.8,0.379,0.500,1.137,0.000,0.250,0.886,0.0,1131.8,2012.2,1886.4,209.6,251.5,1383.4,838.4,1048.0,251.5,1299.5,2263.7,712.6,1089.9,1131.8
"Gizzard, chicken, raw",682,113,18.2,14.8,0.5,0.0,4.2,0.0,0.2,65.00,0.00,0.40,,0.20,,0.09,0.05,7.51,4.50,0.12,0.63,1.0,38.0,10.0,0.6,3.7,3.7,69,188,11,13,2.49,0.12,2.72,0.0,0,1.084,1.128,1.275,,0.032,1.243,240.0,844.5,1281.3,1252.2,465.9,238.8,757.1,553.3,844.5,180.5,815.4,1310.4,378.6,961.0,931.8
"Kohlrabi, raw",683,25,1.7,,2.6,3.6,0.1,0.0,0.1,4.00,24.00,0.00,0.00,,,0.05,0.02,0.57,0.40,0.15,0.17,,16.0,,0.0,48.1,48.1,20,350,24,19,0.40,0.13,0.03,2.9,0.1,0.013,0.008,0.050,0.000,0.028,0.022,0.0,78.9,68.0,57.1,13.1,7.1,38.1,,49.0,10.1,49.0,106.1,19.0,,
"Watercress, raw",685,19,2.0,1.4,1.6,1.2,0.2,0.0,0.2,668.33,4010.00,0.00,0.00,1.00,,0.10,0.10,1.04,0.60,0.13,0.10,0.4,9.0,,0.0,60.0,60.0,60,310,83,17,1.60,0.14,0.20,0.6,0.1,0.080,0.020,0.130,0.000,0.090,0.040,0.0,80.0,144.0,115.2,17.3,6.1,99.2,54.4,115.2,26.2,118.4,131.2,35.2,96.0,83.2
"Salad dressing, soured fresh cream, low calorie",686,213,1.3,,9.3,0.0,18.9,0.0,1.5,43.27,151.00,,,1.78,,,,,,,,,,,,,,603,83,42,5,0.21,,0.22,6.5,0,4.428,5.343,8.297,0.788,1.071,7.226,,,,,,,,,,,,,,,
"Eggs, chicken, yolk, dried",687,656,34.5,28.9,2.5,0.0,56.5,0.0,0.4,459.50,0.00,,,6.15,,0.38,1.27,8.55,0.09,0.51,6.97,97.3,244.0,,4.6,0.9,,178,249,320,28,9.95,0.27,7.35,0.2,0,16.945,19.916,9.471,0.160,0.170,9.300,2237.5,1987.2,2925.6,2318.4,883.2,607.2,1490.4,1490.4,1876.8,507.8,2097.6,2373.6,828.0,1048.8,1435.2
"Baguette, wheat, fine, industrially produced",688,256,8.2,7.3,51.6,3.0,1.2,0.0,1.3,0.00,0.00,0.00,0.00,0.50,,0.19,0.05,1.44,1.16,0.08,0.32,2.0,32.0,,0.0,0.0,0.0,517,122,34,21,0.96,0.12,0.70,0.9,49.4611111111111,0.293,0.184,0.596,0.000,0.038,0.558,0.0,359.5,618.3,201.3,133.7,158.2,431.3,201.3,244.4,86.3,417.0,330.7,186.9,345.1,949.0
"Potato, canned",691,56,1.4,1.2,10.9,2.3,0.2,0.0,0.5,0.00,0.00,0.00,0.00,,,0.07,0.01,1.28,0.92,0.19,0.35,,6.0,,0.0,5.1,5.1,219,229,50,14,1.26,0.06,0.28,3.1,8.2,0.053,0.004,0.093,0.000,0.023,0.071,0.0,56.5,85.9,85.9,22.1,18.1,63.3,52.0,52.0,22.1,79.1,65.5,31.6,42.9,52.0
"Brazil nuts, dried, raw",692,681,14.4,14.0,7.1,5.3,65.0,0.0,0.0,0.00,0.00,0.00,0.00,5.00,,1.13,0.04,2.82,0.20,0.11,0.23,2.0,4.0,1.0,0.0,0.0,0.0,3,523,140,357,2.50,1.76,4.20,2.3,0.6,15.167,19.853,26.694,0.000,0.079,26.615,0.0,559.0,1171.3,505.8,1038.2,399.3,638.9,399.3,399.3,157.1,931.7,2342.6,372.7,692.1,745.4
"Pork, ham, boiled, sliced",693,109,17.9,14.3,0.2,0.0,4.1,0.0,2.5,1.00,0.00,0.22,0.00,0.33,16.65,0.90,0.16,8.75,5.50,0.32,0.67,,1.3,,0.5,29.0,29.0,987,327,6,21,0.69,0.08,1.69,0.0,0,1.366,1.652,0.452,0.000,0.032,0.420,55.0,887.8,1346.1,1603.8,458.2,120.3,658.7,601.4,773.3,194.8,973.8,1059.7,687.4,830.6,658.7
"Charr, raw",694,98,18.5,,0.0,0.0,2.7,0.0,0.2,18.00,0.00,9.00,9.00,,0.00,0.16,0.09,,,0.37,,,,,,0.0,0.0,80,370,14,30,0.75,,0.67,0.0,0,1.390,3.070,2.470,,1.600,0.500,48.0,,,,,,,,,,,,,,
"Meat balls, frozen",695,163,10.5,,9.0,0.0,9.4,0.0,1.5,9.00,0.00,0.90,,0.80,0.00,0.11,0.14,3.18,3.18,0.11,,,4.1,,0.6,0.0,0.0,590,140,22,20,1.25,0.07,1.30,0.0,9,4.100,4.900,1.000,0.090,0.100,,37.0,,,,,,,,,,,,,,
"Eggs, chicken, pasteurized",696,131,11.4,10.2,2.0,0.0,8.6,0.0,0.4,150.33,32.00,2.15,1.16,4.20,147.00,0.08,0.43,3.12,0.07,0.11,1.67,23.1,65.0,,1.3,0.9,,177,166,47,11,1.68,0.05,1.12,0.4,0,2.441,3.312,1.234,0.017,0.067,1.167,359.0,713.7,1006.5,768.6,366.0,274.5,640.5,475.8,567.3,183.0,823.5,732.0,274.5,384.3,457.5
"Liver, calf, raw",698,131,20.4,16.7,3.5,0.0,3.9,0.0,0.2,15015.78,94.70,1.56,0.05,0.58,22.80,0.15,3.75,36.52,30.80,0.70,54.65,135.0,780.0,190.0,105.0,18.0,18.0,66,340,4,18,5.00,13.00,3.70,0.0,4.6,1.032,1.450,0.000,0.000,0.000,0.000,277.4,847.0,1790.0,1490.0,497.0,274.0,1040.0,664.0,896.0,343.0,1170.0,1160.0,541.0,1260.0,975.0
"Veal, lean meat, raw",699,92,18.1,17.0,0.0,0.0,2.2,0.0,0.1,0.00,0.00,0.20,0.20,0.15,0.00,0.08,0.15,9.74,6.00,0.41,1.06,0.0,7.0,3.0,1.3,1.0,1.0,55,370,8,20,1.50,0.08,3.40,0.0,0,0.909,1.027,0.088,,0.024,0.064,59.0,1036.8,1624.3,1693.4,518.4,172.8,829.4,725.8,864.0,224.6,1071.4,1347.8,691.2,1105.9,933.1
"Halibut, atlantic, smoked",700,104,20.6,17.1,2.6,0.0,1.3,0.0,0.2,33.17,1.00,9.00,9.00,1.80,0.00,0.06,0.04,3.30,,0.42,0.28,5.0,12.0,4.0,0.7,0.0,0.0,64,398,20,23,0.50,0.20,0.50,0.0,0,0.212,0.197,0.423,,0.413,0.011,60.0,1054.7,1615.0,1944.6,626.2,145.0,791.0,857.0,857.0,197.8,1186.6,1219.5,494.4,889.9,692.2
"Wheat bread, for toasting, industrially produced",701,255,7.9,7.0,47.8,3.3,2.8,0.0,1.1,0.00,0.00,0.00,0.00,0.50,,0.16,0.05,1.39,1.18,0.08,0.24,1.7,25.0,,0.0,0.0,0.0,454,111,46,18,0.96,0.10,0.58,3.3,44.5368421052632,0.791,0.959,0.800,0.000,0.099,0.701,0.0,346.4,595.7,194.0,128.8,152.4,415.6,194.0,235.5,83.1,401.8,318.6,180.1,332.5,914.4
"Pig, fat, raw",702,661,3.2,3.8,0.0,0.0,72.0,0.0,0.1,26.00,0.00,0.89,0.46,0.10,0.00,0.05,0.07,0.77,0.50,0.03,0.60,0.0,0.0,,0.7,0.0,0.0,35,25,4,1,0.16,0.10,3.60,0.0,0,28.681,32.250,5.309,,0.407,4.902,85.0,128.0,256.0,336.0,60.0,32.0,152.0,96.0,136.0,16.0,184.0,304.0,80.0,840.0,528.0
"Blackberry, frozen, unsweetened",703,45,1.2,,7.7,2.7,0.4,0.0,0.0,11.00,66.00,0.00,0.00,0.60,,0.03,0.05,1.21,1.21,0.06,0.15,,34.0,,0.0,3.1,3.1,1,140,29,22,0.80,0.12,0.25,5.6,0,0.040,0.040,0.320,0.000,0.150,0.180,0.0,,,,,,,,,,,,,,
"Coconut meat, desiccated",704,636,6.5,5.7,2.3,24.7,61.3,0.0,0.0,0.00,0.00,0.00,0.00,0.00,,0.03,0.00,1.62,0.60,0.09,0.00,8.5,20.6,,0.0,0.0,0.0,19,710,11,100,2.75,0.76,1.45,5.3,0,53.323,2.367,0.382,0.000,0.000,0.382,0.0,219.0,434.0,314.0,122.0,119.0,295.0,162.0,222.0,61.0,354.0,968.0,150.0,308.0,263.0
"Sweetbread, lamb, raw",707,131,15.3,11.3,0.0,0.0,7.8,0.0,0.2,0.00,0.00,1.00,1.00,0.04,,0.10,0.17,7.46,4.20,0.03,1.00,3.0,13.0,11.0,3.2,58.0,58.0,62,339,3,6,0.97,0.20,1.90,0.0,0,3.001,2.404,0.328,0.400,0.129,0.199,260.0,538.6,979.2,1321.9,220.3,195.8,514.1,367.2,563.0,195.8,661.0,905.8,440.6,954.7,783.4
"Chicken, hen, flesh only",708,110,20.3,16.5,1.0,0.0,2.7,0.0,0.1,9.00,0.00,0.40,,0.10,0.00,0.09,0.17,10.46,6.50,0.60,1.03,2.0,9.0,3.0,0.5,0.0,0.0,52,247,7,23,0.80,0.14,1.35,0.0,0,0.675,0.840,0.645,,0.072,0.573,65.0,1073.5,1528.9,1724.1,553.0,260.2,813.3,683.1,845.8,237.5,1008.4,1236.1,618.1,1008.4,845.8
"Currant, red, jelly",709,238,0.2,,59.0,0.0,0.1,0.0,0.1,5.00,30.00,0.00,0.00,0.00,,,,0.10,0.10,,,,,,,,,20,73,10,4,0.55,,0.02,58.7,0,0.023,0.016,0.042,0.000,0.018,0.024,0.0,,,,,,,,,,,,,,
"Halibut, atlantic, raw",711,104,20.6,17.1,2.6,0.0,1.3,0.0,0.2,33.17,1.00,9.00,9.00,0.70,0.00,0.04,0.05,7.30,4.00,0.42,0.28,5.0,12.0,4.0,1.0,0.0,0.0,64,398,15,23,0.50,0.20,0.50,0.0,0,0.212,0.197,0.423,,0.413,0.011,60.0,1054.7,1615.0,1944.6,626.2,145.0,791.0,857.0,857.0,197.8,1186.6,1219.5,494.4,889.9,692.2
"Liver, broiler or fryer, raw",712,116,19.1,16.0,0.4,0.0,4.2,0.0,0.2,9374.93,21.00,0.20,0.20,0.35,80.00,0.48,3.40,14.99,10.20,0.80,6.00,210.0,2700.0,290.0,21.0,23.0,23.0,67,255,8,19,9.15,0.51,2.90,0.0,1.1,1.179,0.682,1.287,,0.609,0.679,345.0,917.1,1681.3,1528.4,428.0,201.8,886.5,855.9,917.1,287.3,1375.6,1192.2,519.7,947.6,886.5
"Trout, raw",713,130,18.3,,0.0,0.0,6.4,0.0,0.1,16.91,0.00,11.91,11.91,0.77,0.00,0.10,0.18,10.65,4.35,0.61,1.95,,16.0,,3.4,0.7,0.7,53,416,74,29,0.60,0.04,0.44,0.0,0,1.982,3.410,0.364,,0.000,0.364,61.5,,,,,,,,,378.0,,,,,
"Sweet potato, raw",714,72,1.3,1.1,14.5,2.7,0.3,0.0,0.1,745.00,4470.00,0.00,0.00,,,0.07,0.06,0.83,0.56,0.18,0.80,,11.0,,0.0,19.3,19.3,33,408,45,15,0.94,0.15,0.20,4.2,12.7,0.065,0.011,0.133,0.000,0.020,0.113,0.0,66.7,98.0,66.7,33.4,10.6,81.3,56.3,66.7,16.3,87.6,62.6,25.0,60.5,58.4
"Chard, swiss, raw",715,21,1.8,,2.1,1.6,0.2,0.0,0.5,333.33,2000.00,0.00,0.00,1.50,,0.04,0.09,0.68,0.40,0.10,0.17,,14.0,,0.0,30.0,30.0,213,379,51,81,1.80,0.18,0.36,0.6,2.3,0.030,0.010,0.120,0.000,0.050,0.020,0.0,146.9,129.6,97.9,19.0,,109.4,,83.5,17.0,109.4,118.1,34.6,,
"Onion, raw",716,43,1.2,0.7,8.4,1.9,0.1,0.0,0.0,5.00,30.00,0.00,0.00,0.06,,0.04,0.01,0.44,0.19,0.17,0.10,1.0,36.0,15.0,0.0,8.1,7.8,3,186,23,9,0.28,0.04,0.19,5.4,0,0.023,0.009,0.037,0.000,0.005,0.032,0.0,23.9,41.9,39.9,9.4,7.6,27.9,14.4,21.9,15.3,29.9,169.4,14.4,25.9,16.9
"Strawberry, jam",718,202,0.3,0.2,49.0,1.0,0.3,0.0,0.0,0.33,2.00,,,,,,,0.06,,,,,,,,,,18,,15,,,,,50.0,0,0.025,0.041,0.174,0.000,0.083,0.091,,11.0,17.8,15.8,4.6,1.7,10.1,4.8,10.1,3.7,13.0,18.2,5.3,11.5,10.6
"Sapodilla, raw",719,81,0.4,,14.7,5.3,1.1,0.0,0.0,6.00,36.00,0.00,0.00,,,0.00,0.02,0.28,0.20,0.04,0.25,,,,0.0,14.7,14.7,12,193,21,,0.80,,,14.7,0.8,0.194,0.521,0.011,0.000,,,0.0,14.7,23.8,38.5,3.0,,12.6,14.0,11.9,5.0,16.1,16.8,16.1,16.8,35.7
"Coffee, instant, powder",720,302,15.5,,46.5,19.1,1.7,0.0,0.1,0.00,0.00,0.00,0.00,0.00,,0.00,0.11,25.61,22.00,0.03,0.40,,22.0,0.0,0.0,0.0,0.0,41,4000,160,390,4.40,0.10,0.57,6.5,4.5,0.200,0.040,0.200,0.000,0.020,0.180,0.0,,,,,,,,,216.4,,,,,
"Cheese, hard, Parmesan, grated",721,428,38.5,33.9,4.1,0.0,28.6,0.0,3.8,277.00,132.00,0.27,0.27,0.76,0.00,0.03,0.49,8.96,0.11,0.05,0.33,1.5,10.0,,1.6,0.0,0.0,1529,125,1109,38,0.90,0.03,3.87,0.1,0,18.520,7.706,0.811,,0.219,0.591,99.0,2109.8,3556.5,3074.3,1085.0,138.6,1989.2,2109.8,1326.2,530.5,2592.0,1205.6,1085.0,783.6,4038.8
"Rolls, wheat with coarse meal, industrially produced",722,246,8.2,7.3,44.3,5.9,2.7,0.0,1.0,0.00,0.00,0.00,0.00,0.50,,0.20,0.08,1.44,1.67,0.08,0.31,2.8,42.0,,0.1,0.0,0.0,411,175,44,31,1.52,0.14,0.98,4.0,39.1833333333333,0.869,0.704,0.791,0.000,0.048,0.743,0.0,360.8,620.6,202.1,134.2,158.8,433.0,202.1,245.4,86.6,418.6,332.0,187.6,346.4,952.6
"Pork, ham, topside (M. Semimembranosus), lean, raw",724,106,21.4,17.1,0.1,0.0,2.2,0.0,0.1,2.23,0.00,0.15,0.03,0.41,6.50,1.15,0.12,11.80,7.93,0.70,0.47,1.8,1.5,,0.7,0.0,0.0,42,387,4,25,0.46,0.10,3.57,0.0,0,0.793,1.048,0.219,0.005,0.008,0.211,58.8,1061.0,1608.6,1916.6,547.6,143.7,787.2,718.7,924.1,232.7,1163.7,1266.3,821.4,992.5,787.2
"Cherry, canned in sugar",726,144,1.0,,34.4,0.6,0.1,0.0,0.0,8.33,50.00,0.00,0.00,0.04,,,,0.13,,,,,,,,,,18,,12,,0.10,,0.10,32.0,0,0.022,0.027,0.030,0.000,0.015,0.015,0.0,26.0,38.0,50.0,6.0,5.0,26.0,16.0,29.0,8.0,36.0,22.0,18.0,31.0,43.0
"Cod, fillet, fried",727,120,18.7,,0.1,0.0,5.0,0.0,0.3,22.17,7.00,,,,,0.02,0.05,1.00,1.00,,,,,,,,,100,,,,,,,0.0,0,1.500,2.200,1.200,,,,43.0,,,,,,,,,,,,,,
"Duck, flesh only, raw",728,126,18.3,15.9,1.8,0.0,5.1,0.0,0.2,24.00,0.00,0.55,,0.00,0.00,0.36,0.45,9.54,5.30,0.34,1.60,,48.0,,0.4,5.8,5.8,86,297,11,22,1.20,0.14,1.35,0.0,0,1.069,2.018,0.878,,0.247,0.631,77.0,936.0,1550.3,1550.3,497.3,280.8,760.5,702.0,789.8,254.5,965.3,1170.0,497.3,1023.8,906.8
"Turkey, breast, boiled/smoked, sliced",729,107,21.0,16.2,1.7,0.0,1.8,0.0,2.5,2.00,0.00,0.00,0.00,0.17,,0.14,0.10,12.18,8.60,0.37,0.63,1.6,10.5,,1.0,18.8,18.8,1002,425,11,26,0.39,0.03,1.06,0.0,0,0.510,0.576,0.439,0.000,0.042,0.397,50.0,940.8,1444.8,1780.8,537.6,134.4,772.8,604.8,840.0,215.0,1142.4,1276.8,638.4,1142.4,907.2
"Pizza with tuna, frozen",730,203,11.0,,25.9,2.1,5.7,0.0,0.9,59.17,91.00,,,,,0.22,0.14,1.54,0.57,0.09,0.12,,,,0.3,,,345,240,145,22,1.85,0.08,1.15,4.6,21.3,3.000,0.600,3.400,0.029,,,,,,,,,,,,58.1,,,,,
"Cream pastry, marzipan- and cocoa-covered",731,374,5.2,,55.0,0.5,14.7,0.0,0.2,45.67,,,,0.70,,,,,,,,,,,,,,88,94,59,24,0.88,,0.62,43.7,11.3,5.572,6.385,1.887,,0.123,1.764,,,,,,,,,,,,,,,
"Turkey, flesh only, raw",732,105,21.3,16.9,0.0,0.0,2.2,0.0,0.2,8.10,0.00,0.00,0.00,0.20,0.00,0.09,0.16,11.64,7.90,0.46,0.80,2.0,15.0,11.0,2.0,0.0,0.0,93,230,10,21,0.77,0.06,2.60,0.0,0,0.623,0.711,0.719,,0.154,0.565,64.0,981.1,1506.7,1857.1,560.6,140.2,805.9,630.7,876.0,224.3,1191.4,1331.5,665.8,1191.4,946.1
"Pork, ham, silverside (M. Semitendinosus), lean, raw",734,117,19.3,15.9,0.0,0.0,4.4,0.0,0.2,4.00,0.00,0.30,0.08,0.10,0.00,0.81,0.21,6.92,3.30,0.31,0.60,2.6,1.5,,0.7,0.0,0.0,66,280,6,18,0.66,0.10,3.60,0.0,0,1.770,1.988,0.327,,0.025,0.302,58.0,989.3,1499.9,1787.1,510.6,134.0,734.0,670.1,861.6,217.0,1085.0,1180.7,765.9,925.4,734.0
"Loganberries, frozen",735,50,1.5,,7.7,5.3,0.3,0.0,0.0,4.00,24.00,0.00,0.00,,,0.05,0.03,0.84,0.84,0.07,0.24,,26.0,,0.0,15.3,15.3,1,145,26,21,0.64,0.12,0.34,7.7,0,0.011,0.030,0.176,0.000,,,0.0,,,,,,,,,,,,,,
"Rye bread, with siftings (soft) and high fat seeds, industrially produced",736,228,6.4,5.4,35.1,7.7,5.2,0.0,1.2,0.00,0.00,0.00,0.00,0.20,,0.24,0.07,1.35,1.14,0.19,0.25,7.3,30.9,,0.0,0.0,0.0,473,247,40,63,1.67,0.27,1.47,4.9,29.9045454545455,0.558,0.968,3.058,0.000,0.911,2.147,0.0,254.4,442.4,276.5,108.4,100.6,309.7,165.9,243.3,80.7,376.0,365.0,165.9,309.7,575.1
"Lump, lumpsucker, raw",737,168,9.8,,0.3,0.0,14.2,0.0,0.2,11.00,0.00,3.90,3.90,,0.00,0.07,0.08,2.00,2.00,,,,,,,0.0,0.0,69,485,20,,0.50,,,0.0,0,3.014,7.740,2.353,,2.133,0.220,,,,,,,,,,,,,,,
"Duck, breast, flesh only, raw",738,116,19.4,17.3,0.0,0.0,4.3,0.0,0.1,16.00,0.00,0.40,,0.06,,0.42,0.31,8.02,3.40,0.63,,,48.0,,0.8,6.0,6.0,57,270,3,22,4.50,,0.74,0.0,0,1.572,1.184,0.576,,0.062,0.514,77.0,1018.9,1687.5,1687.5,541.3,305.7,827.8,764.2,859.7,277.0,1050.7,1273.6,541.3,1114.4,987.0
"Pork, loin, lean, raw",739,106,22.3,17.9,0.0,0.0,1.9,0.0,0.2,1.00,0.00,0.28,0.07,0.10,0.00,0.81,0.20,7.98,3.90,0.37,0.60,2.6,2.1,,0.7,0.0,0.0,83,400,7,26,0.71,0.10,3.60,0.0,0,0.756,0.852,0.139,,0.010,0.129,62.0,1115.3,1690.9,2014.7,575.6,151.1,827.5,755.5,971.4,244.6,1223.2,1331.2,863.5,1043.3,827.5
"Onions, spring, raw",740,33,1.8,,4.7,2.6,0.2,0.0,0.0,500.00,3000.00,0.00,0.00,,,0.06,0.08,0.87,0.53,0.06,0.08,,64.0,,0.0,22.1,22.1,16,276,72,20,1.48,0.08,0.39,2.8,0.2,0.032,0.027,0.074,0.000,0.004,0.070,0.0,79.1,111.3,93.8,20.5,,61.5,52.7,73.3,20.5,82.0,134.8,32.2,93.8,123.1
"Liver, ox, raw",742,122,20.3,,3.4,0.0,3.0,0.0,0.2,15658.50,951.00,0.13,0.13,0.42,104.00,0.17,3.00,22.72,17.00,1.00,7.70,33.0,2300.0,220.0,110.0,23.0,23.0,65,300,4,21,6.05,6.40,3.70,0.0,5,0.979,0.281,0.958,0.140,0.591,0.367,300.0,847.0,1790.0,1490.0,497.0,274.0,1040.0,664.0,896.0,343.0,1170.0,1160.0,541.0,1260.0,975.0
"Pork, loin fillet, smoked",743,112,19.4,15.8,0.2,0.0,3.8,0.0,4.3,0.00,0.00,0.22,0.00,0.33,0.00,1.04,0.11,11.22,7.70,0.30,0.84,2.3,0.7,,0.4,27.0,27.0,1725,357,5,24,0.40,0.04,1.28,0.0,0,1.347,1.664,0.276,0.000,0.000,0.276,47.0,962.2,1521.0,1738.2,527.7,136.6,713.9,620.8,838.1,211.1,1086.4,1148.5,713.9,869.1,838.1
"Pastry, napoleon hat",744,485,6.4,5.8,52.7,2.8,27.0,0.0,0.3,220.00,,0.20,,4.80,,0.10,0.10,3.49,2.20,0.00,,,18.0,,0.1,0.0,,132,140,24,38,1.00,,0.70,25.0,27.7,8.500,9.900,5.200,,0.800,,,336.9,527.8,303.2,146.0,123.5,359.4,168.5,235.8,77.5,381.8,314.4,157.2,235.8,539.0
"Wheat bread, with coarse meal, for toasting, industrially produced",745,256,8.4,7.4,46.3,4.1,3.2,0.0,1.1,0.00,0.00,0.00,0.00,0.50,,0.18,0.06,1.47,1.72,0.10,0.29,2.9,30.5,,0.0,0.0,0.0,430,140,48,27,1.17,0.12,0.85,3.1,43.1733333333333,0.880,1.032,0.960,0.000,0.102,0.858,0.0,367.7,632.5,205.9,136.8,161.8,441.3,205.9,250.1,88.3,426.6,338.3,191.2,353.0,970.8
"Pork, ham, silverside (M. Biceps Femoris), lean, raw",746,115,20.2,16.3,0.0,0.0,3.9,0.0,0.2,1.00,0.00,0.29,0.08,0.10,0.00,0.81,0.21,7.02,3.30,0.31,0.60,2.6,1.5,,0.7,0.0,0.0,66,280,6,18,0.66,0.10,3.60,0.0,0,1.533,1.727,0.285,,0.022,0.262,57.0,1016.8,1541.7,1836.9,524.8,137.8,754.4,688.8,885.6,223.0,1115.2,1213.6,787.2,951.2,754.4
"Liver, duck, raw",747,131,18.7,15.8,3.5,0.0,4.6,0.0,0.2,11997.00,78.00,2.75,,,,0.56,0.89,10.90,6.50,0.76,6.18,,738.0,,54.0,4.5,4.5,77,240,11,20,30.53,5.96,3.07,0.0,3.5,1.445,0.702,0.632,,0.000,0.632,515.0,989.3,1678.9,1409.1,449.7,251.8,929.4,659.6,839.4,263.8,1169.2,1139.2,509.7,1079.3,929.4
"Marzipanproduct, chocolatecover, average values",748,526,4.9,,59.0,2.5,29.5,0.0,0.0,2.00,,0.00,,8.40,,0.09,0.30,1.30,1.30,0.05,,,21.0,,0.0,0.0,,19,280,87,99,1.50,0.54,1.20,49.8,2.2,7.400,15.500,5.300,0.054,0.180,5.080,,,,,,,,,,,,,,,
"Pork, saddle, smoked, raw",749,121,18.4,14.7,1.1,0.0,4.8,0.0,3.9,13.00,0.00,0.30,0.08,0.10,,0.83,0.14,7.19,3.90,0.37,0.71,2.0,3.9,,0.7,0.0,0.0,1540,317,5,26,0.55,0.05,1.39,0.0,0,1.749,1.986,0.517,0.000,0.039,0.478,55.0,883.2,1354.2,1648.6,471.0,123.6,677.1,618.2,765.4,197.2,971.5,1089.3,677.1,912.6,706.6
"Pork, saddle, smoked, boiled",750,119,18.4,14.7,0.8,0.0,4.8,0.0,3.9,13.00,0.00,0.22,0.00,0.14,5.56,0.87,0.11,8.89,5.60,0.33,0.60,2.5,1.5,,0.4,40.0,40.0,1540,317,5,22,0.52,0.05,1.39,0.0,0,1.749,1.986,0.517,0.000,0.039,0.478,47.0,883.2,1354.2,1648.6,471.0,123.6,677.1,618.2,765.4,197.2,971.5,1089.3,677.1,912.6,706.6
"Tuna, in tomato sauce, canned",751,117,17.2,14.6,3.8,0.0,3.7,0.0,0.8,372.00,0.00,2.81,2.81,1.20,0.00,0.00,0.06,13.22,10.10,0.43,0.32,3.0,15.0,7.0,2.2,0.0,0.0,307,350,9,27,1.20,0.05,1.80,3.8,1.3,0.578,0.744,1.645,,0.359,1.286,47.0,935.7,1486.1,1541.1,550.4,82.6,715.5,633.0,853.1,187.1,1100.8,990.7,605.4,715.5,660.5
"Cabbage, savoy, raw",752,27,2.0,1.8,3.0,3.1,0.1,0.0,0.1,100.00,600.00,0.00,0.00,0.60,,0.07,0.03,0.52,0.19,0.19,0.19,,80.0,,0.0,57.5,57.5,28,230,35,28,0.40,0.06,0.27,2.8,0.1,0.013,0.007,0.049,0.000,0.027,0.021,0.0,102.4,102.4,92.8,19.8,17.0,64.0,35.2,70.4,19.8,86.4,115.2,41.6,44.8,393.6
"Asparagus, all types, raw",753,23,1.9,1.4,2.2,1.8,0.3,0.0,0.0,5.33,32.00,0.00,0.00,0.30,39.00,0.11,0.09,1.26,1.00,0.06,0.07,0.2,150.0,58.0,0.0,12.0,12.0,6,202,20,9,0.50,0.06,0.44,1.2,0,0.062,0.006,0.145,0.000,0.012,0.134,0.0,55.5,89.4,80.2,22.2,6.8,52.4,43.2,49.3,15.4,89.4,74.0,33.9,64.8,123.3
"Chicken, breast, boiled, sliced",754,113,20.6,16.3,0.4,0.0,3.2,0.0,2.8,11.00,0.00,0.00,0.00,0.31,,0.33,0.08,12.67,9.10,0.50,2.20,2.7,17.0,,0.4,51.0,51.0,1120,378,13,28,0.42,0.03,0.59,0.0,0,0.849,1.143,0.750,0.000,0.064,0.686,53.0,955.8,1450.2,1845.8,527.4,131.8,758.1,626.2,824.0,214.2,1087.7,1318.4,527.4,1153.6,922.9
"Lemon peel, raw",756,52,1.5,,5.4,10.6,0.3,0.0,0.0,5.00,30.00,0.00,0.00,0.00,,0.06,0.08,0.40,0.40,0.17,0.32,,,,0.0,129.0,129.0,6,160,250,15,1.00,,0.00,5.4,0,0.044,0.013,0.103,0.000,0.030,0.073,0.0,,,,,,,,,,,,,,
"Pistachio nuts, dry roasted with salt",757,589,21.3,20.8,17.3,10.3,46.0,0.0,0.0,23.33,140.00,0.00,0.00,5.20,,0.84,0.16,6.33,1.43,1.27,0.51,,50.0,,0.0,2.3,2.3,10,1042,110,120,4.20,1.33,2.30,7.7,1.38,5.835,31.032,6.942,0.000,0.245,6.697,0.0,1007.0,1732.0,1329.2,394.7,523.6,1208.4,725.0,765.3,294.0,1450.1,2255.7,563.9,1127.8,966.7
"Cherry juice, concentrated, sugar added",760,171,0.5,,41.0,0.0,0.5,0.0,0.1,0.00,,0.00,,,,,,0.33,0.20,,,,,,,,,24,,8,,0.10,,0.00,41.0,0,0.098,0.120,0.133,0.000,0.065,0.068,0.0,26.0,38.0,50.0,6.0,5.0,26.0,16.0,29.0,8.0,36.0,22.0,18.0,31.0,43.0
"Currant, red, juice, concentrated, sugar added",761,171,0.5,,41.0,0.0,0.5,0.0,0.1,0.00,,,,0.00,,,,0.47,0.20,,,,,,,,,24,,15,,,,,41.0,0,0.112,0.081,0.208,0.000,0.091,0.117,,18.0,30.0,26.0,8.0,3.0,17.0,8.0,17.0,16.0,22.0,30.0,9.0,19.0,18.0
"Raspberry juice, concentrated, sugar added",762,171,0.5,,41.0,0.0,0.5,0.0,0.1,0.00,,,,,,,,0.55,0.30,,,,,,,,,24,,,,,,,41.0,0,0.000,0.000,0.000,0.000,0.000,0.000,,,,,,,,,,15.0,,,,,
"Strawberry juice, concentrated, sugar added",763,171,0.5,0.4,41.0,0.0,0.5,0.0,0.1,0.00,,,,,,,,0.30,0.20,,,,,,,9.0,9.0,24,,,,,,,41.0,0,0.041,0.069,0.290,0.000,0.138,0.152,,18.4,29.6,26.4,7.7,2.8,16.8,8.0,16.8,6.2,21.6,30.4,8.8,19.2,17.6
"Beans, green, raw",764,30,1.9,1.3,3.6,3.0,0.2,0.0,0.0,17.33,104.00,0.00,0.00,0.30,14.40,0.09,0.11,1.05,0.70,0.10,0.05,0.7,64.0,39.0,0.0,15.0,15.0,2,237,60,17,1.00,0.06,0.39,2.6,3.1,0.068,0.007,0.112,0.000,0.060,0.052,0.0,73.0,106.4,115.5,27.7,7.6,51.7,39.5,79.0,21.0,94.2,69.9,36.5,63.8,57.8
"Dill weed, dried",765,319,20.0,,43.9,11.9,4.4,0.0,0.5,583.33,3500.00,0.00,0.00,,,0.42,0.28,2.81,2.81,1.71,,,,,0.0,,,208,3308,1784,451,48.78,,3.30,37.6,4.6,0.230,0.500,2.000,0.000,1.000,0.600,0.0,,,,,,,,,,,,,,
"Bread, white, for sausages",766,253,8.7,7.7,44.6,2.9,3.8,0.0,0.6,0.00,0.00,0.00,0.00,0.50,0.00,0.17,0.07,1.52,1.00,0.06,0.50,2.3,38.0,,0.0,0.0,0.0,258,136,42,18,1.11,0.09,0.63,6.0,37.9,0.776,0.854,0.933,0.000,0.120,0.813,0.0,381.0,655.4,213.4,141.7,167.7,457.3,213.4,259.1,91.5,442.0,350.6,198.1,365.8,1006.0
"Celeriac, celery leaves, raw",767,34,1.8,1.2,4.1,3.9,0.3,0.0,0.2,200.00,1200.00,,,2.70,,0.06,0.34,0.25,,0.20,,,36.0,,,13.0,,80,431,325,21,4.00,,0.30,4.1,0,0.067,0.012,0.177,0.000,0.018,0.159,,53.5,76.0,73.2,17.7,3.9,45.1,26.8,47.9,14.9,87.3,45.1,26.8,45.1,45.1
"Whitefish, raw",768,113,21.6,,0.0,0.0,3.0,0.0,0.1,8.00,0.00,3.00,3.00,2.70,0.00,0.07,0.07,4.00,4.00,,,,,,,0.0,0.0,49,380,60,30,0.50,0.03,0.54,0.0,0,1.424,1.081,0.345,,0.210,0.135,60.0,,,,,,,,,,,,,,
"Lingonberry, raw",769,54,0.8,,10.4,2.5,0.5,0.0,0.0,3.50,21.00,0.00,0.00,1.60,,0.05,0.04,0.63,0.50,0.01,0.12,2.4,2.0,0.0,0.0,11.0,11.0,2,89,20,9,0.40,0.07,0.18,7.0,0.1,0.018,0.056,0.326,0.000,0.183,0.143,0.0,,,,,,,,,7.6,,,,,
"Beef, topside, cap off, raw",770,118,22.3,18.6,0.0,0.0,3.1,0.0,0.1,0.29,0.00,0.42,0.06,0.30,3.91,0.04,0.24,10.54,5.66,0.24,2.92,2.3,10.0,4.0,1.4,0.0,0.0,41,353,3,23,2.27,0.06,3.58,0.0,0,1.178,1.165,0.000,0.000,0.000,0.000,54.9,1038.3,1823.3,2101.7,512.0,196.2,993.3,750.2,1022.2,293.0,1109.2,1375.0,867.3,958.3,838.5
"Pork, tenderloin, trimmed, raw",771,115,21.2,16.9,0.1,0.0,3.3,0.0,0.3,2.00,0.00,0.29,0.08,0.10,0.00,1.13,0.25,8.05,4.20,0.38,0.79,2.6,2.3,,0.6,0.0,0.0,100,480,8,25,1.02,0.10,1.83,0.0,0,1.144,1.110,0.578,,0.070,0.508,60.0,1052.9,1596.4,1902.1,543.4,142.7,781.2,713.3,917.1,231.0,1154.8,1256.7,815.2,985.0,781.2
"Crispbread, knackebrot, wheat, fine",772,399,11.3,9.9,67.2,4.8,8.4,0.0,1.0,52.17,7.00,0.00,0.00,1.40,0.00,0.33,0.11,2.45,4.80,0.16,,,84.0,,0.0,0.0,0.0,394,147,116,65,1.92,0.26,1.51,1.6,61,1.180,0.671,3.777,0.000,0.224,3.553,0.0,497.5,835.8,557.2,218.9,141.3,557.2,258.7,457.7,147.3,716.4,616.9,278.6,517.4,1094.5
"Hare, raw",773,112,21.6,,1.8,0.0,2.1,0.0,0.2,0.00,0.00,0.00,0.00,0.10,0.00,0.09,0.06,12.07,8.07,0.30,0.80,0.1,10.0,4.0,1.0,0.0,0.0,77,318,9,26,0.80,0.24,1.70,0.0,0,0.701,0.251,0.971,0.011,0.575,0.395,60.0,,,,,,,,,240.0,,,,,
"Rainbow trout, raw",774,153,18.5,,0.0,0.0,8.8,0.0,0.1,19.55,0.00,18.66,18.66,,5.41,,,,,,,,,,4.7,,,51,,,,,,,0.0,0,1.474,2.586,1.926,0.035,1.672,0.255,,,,,,,,,,,,,,,
Coriander seed,775,358,12.4,,19.4,35.6,17.8,0.0,0.1,0.00,0.00,0.00,,,,0.24,0.29,2.13,2.13,,,,,,0.0,,,35,1267,709,330,16.32,,4.70,8.8,1.7,0.941,13.619,1.752,0.000,,1.752,0.0,,,,,,,,,,,,,,
"Heart, chicken, raw",776,149,15.6,13.4,0.7,0.0,9.3,0.0,0.2,9.00,0.00,0.40,,1.19,,0.31,0.73,8.20,4.88,0.23,2.56,,45.0,,7.3,3.2,3.2,64,177,12,17,5.96,0.35,6.59,0.0,0.7,2.411,2.493,2.840,,0.074,2.766,136.0,821.0,1343.5,1293.8,373.2,211.5,696.6,547.4,696.6,199.0,870.8,995.2,398.1,870.8,796.2
"Pork, meat, lean, approx. 3 % fat, raw",777,114,21.8,17.5,0.0,0.0,3.0,0.0,0.3,1.00,0.00,0.28,0.07,0.10,0.00,1.07,0.31,8.19,4.20,0.40,0.79,2.6,2.1,,0.7,0.0,0.0,100,480,9,33,1.07,0.10,3.60,0.0,0,1.193,1.345,0.222,,0.017,0.204,61.0,1091.2,1654.4,1971.2,563.2,147.8,809.6,739.2,950.4,239.4,1196.8,1302.4,844.8,1020.8,809.6
"Cod, roe, raw",778,120,23.2,18.2,1.1,0.0,2.6,0.0,0.3,27.75,0.00,5.20,5.20,10.25,0.00,0.77,0.66,5.49,1.15,0.26,4.45,15.0,22.0,,19.5,19.3,19.3,101,272,8,13,0.92,0.12,4.46,0.0,1.5,0.362,0.323,0.769,,0.699,0.069,323.0,1301.5,1970.8,1822.0,557.8,193.4,855.2,929.6,855.2,260.3,1487.4,1189.9,483.4,780.9,1227.1
"Liver, pig, raw",781,122,21.1,17.3,1.9,0.0,3.4,0.0,0.2,14125.94,11.00,0.20,0.20,0.20,24.25,0.30,2.95,20.94,16.00,0.67,6.40,44.0,1000.0,59.0,40.0,25.0,25.0,80,271,6,18,13.42,1.01,6.78,0.0,3,1.036,0.386,0.563,,0.211,0.352,300.0,976.9,1785.4,1684.4,471.6,232.4,1044.3,774.8,976.9,296.4,1280.1,1246.4,539.0,1179.1,1044.3
"Crab claws, meat, raw",783,112,22.9,20.3,1.0,0.0,1.8,0.0,0.5,650.00,0.00,0.00,0.00,2.40,0.00,0.05,0.40,5.97,1.70,0.30,0.71,0.0,20.0,3.0,13.5,0.0,0.0,215,152,120,51,3.50,0.44,11.90,0.0,0,0.247,0.402,0.611,0.034,0.555,0.056,78.0,1062.6,1978.6,1795.4,659.5,293.1,916.0,842.7,1062.6,256.5,1099.2,1905.3,439.7,1502.2,989.3
"Crab claws, meat, canned",784,112,22.9,20.3,1.0,0.0,1.8,0.0,2.5,650.00,0.00,0.00,0.00,2.40,0.00,0.05,0.40,5.97,1.70,0.30,0.71,0.0,20.0,3.0,13.5,0.0,0.0,1000,110,120,32,3.50,0.44,11.90,0.0,1.1,0.247,0.402,0.611,0.034,0.555,0.056,78.0,1062.6,1978.6,1795.4,659.5,293.1,916.0,842.7,1062.6,256.5,1099.2,1905.3,439.7,1502.2,989.3
"Turkey, flesh and skin, raw",785,126,20.2,15.6,0.0,0.0,5.0,0.0,0.2,2.00,0.00,0.00,0.00,0.50,0.00,0.06,0.16,7.53,4.09,0.41,0.75,2.0,10.0,5.0,1.0,0.0,0.0,93,230,10,21,0.80,0.14,1.35,0.0,0,1.747,1.304,1.673,,0.459,1.214,64.0,905.0,1389.8,1713.0,517.1,129.3,743.4,581.8,808.0,206.8,1098.9,1228.2,614.1,1098.9,872.6
"Bread, white, coarse grain",786,259,8.3,,47.0,4.2,3.3,0.0,1.0,0.00,0.00,0.00,0.00,0.50,0.00,0.17,0.12,1.35,1.00,0.10,0.50,1.9,30.8,,0.0,0.0,0.0,399,172,26,34,1.39,0.22,0.84,0.5,42.3,0.786,1.188,0.820,0.000,0.121,0.699,,340.0,580.0,190.0,130.0,150.0,410.0,190.0,230.0,81.0,390.0,310.0,180.0,320.0,890.0
Marzipan,787,478,11.0,,47.4,3.0,26.5,0.0,0.1,13.00,6.00,0.00,0.00,12.00,,0.11,0.35,5.55,1.60,,0.30,0.3,60.0,20.0,0.0,0.0,0.0,33,270,59,140,1.90,0.45,1.50,42.0,0,2.196,17.027,6.160,0.000,0.000,6.160,0.0,853.0,1580.0,666.0,187.0,284.0,1210.0,691.0,663.0,237.0,1010.0,2570.0,574.0,1500.0,986.0
"Pork, hand, lean, raw",789,126,19.6,15.6,0.0,0.0,5.3,0.0,0.2,1.00,0.00,0.30,0.08,0.10,0.00,0.62,0.23,7.26,3.70,0.35,0.60,2.6,2.1,,0.7,0.0,0.0,76,360,7,24,0.83,0.10,3.60,0.0,0,2.106,2.380,0.390,,0.029,0.361,56.0,973.6,1476.1,1758.7,502.5,131.9,722.3,659.5,848.0,213.6,1067.8,1162.0,753.7,910.8,722.3
"Wheat bread, white, with cracked chestnuts",790,258,8.0,,45.1,4.7,4.1,0.0,1.0,1.00,6.00,,,,,0.24,0.13,1.62,,0.15,,,58.0,,,,,392,187,60,33,1.58,,0.80,0.3,44.7,0.966,0.797,1.074,0.000,0.229,0.845,,360.0,640.0,210.0,140.0,150.0,450.0,190.0,240.0,97.0,420.0,330.0,190.0,310.0,1000.0
"Elderberry, juice, concentrated, sugar added",791,219,0.5,0.4,53.2,0.0,0.5,0.0,0.1,0.00,,0.00,0.00,0.00,,,,0.20,,,,,,,0.0,8.0,8.0,24,,19,,0.40,,0.10,43.0,0,0.033,0.029,0.288,0.000,0.131,0.157,0.0,20.8,45.6,20.0,10.4,11.2,30.4,38.4,20.8,12.0,24.8,36.0,11.2,27.2,19.2
Fennel seed,793,327,15.8,13.1,12.5,39.8,14.9,0.0,0.2,14.00,84.00,0.00,0.00,,0.00,0.41,0.35,10.26,6.05,,,,,,0.0,,,88,1694,1196,385,18.54,,3.70,12.5,0,0.449,9.330,1.597,0.000,,1.597,0.0,682.6,985.9,758.4,303.4,222.5,657.3,404.5,606.7,252.8,910.1,682.6,328.6,1112.3,910.1
"Marmalade, English type",794,277,0.1,,68.7,0.7,0.0,0.0,0.0,8.33,50.00,0.00,0.00,0.00,,0.00,0.00,0.00,0.00,0.00,0.00,0.0,5.0,5.0,0.0,10.0,10.0,18,44,35,4,0.60,0.12,0.03,66.2,0,0.000,0.000,0.000,0.000,,,0.0,,,,,,,,,,,,,,
"Chicken, flesh only, raw",795,128,19.3,15.8,0.0,0.0,5.6,0.0,0.2,16.00,0.00,0.20,0.20,0.29,0.00,0.10,0.16,11.72,8.24,0.39,1.06,2.0,21.2,10.0,0.4,2.3,2.3,76,281,11,24,0.58,0.04,0.97,0.0,0,0.980,1.915,1.506,,0.282,1.225,70.0,930.9,1412.4,1797.6,513.6,128.4,738.3,609.9,802.5,208.7,1059.3,1284.0,513.6,1123.5,898.8
"Lamb, leg, trimmed, raw",796,128,19.6,17.0,0.0,0.0,5.5,0.0,0.2,45.00,0.00,0.40,0.40,0.70,0.00,0.18,0.31,7.42,4.30,0.20,0.55,1.0,1.4,0.7,1.2,0.0,0.0,78,350,13,27,2.20,0.12,3.30,0.0,0,2.212,1.650,0.146,0.208,0.053,0.093,71.0,1001.9,1648.3,1842.2,517.1,171.3,808.0,808.0,872.6,187.5,1098.9,1357.4,581.8,1066.6,937.3
"Whale meat, raw",797,111,22.3,,0.0,0.0,2.4,0.0,0.2,90.00,0.00,,,,,0.10,0.22,,,,,,,,,0.0,0.0,93,320,,33,3.70,,1.40,0.0,0,0.450,0.820,0.460,,,,,,,,,,,,,,,,,,
"Veal, thin fat, raw",798,121,18.6,16.5,0.0,0.0,5.2,0.0,0.2,0.00,0.00,0.20,0.20,0.15,0.00,0.06,0.13,9.64,6.00,0.41,0.90,0.0,10.0,3.0,1.3,1.0,1.0,68,322,8,20,1.40,0.06,4.30,0.0,0,2.147,2.431,0.206,,0.056,0.150,60.0,1008.0,1579.2,1646.4,504.0,168.0,806.4,705.6,840.0,218.4,1041.6,1310.4,672.0,1075.2,907.2
"Cauliflower, Danish, raw",799,19,1.7,1.2,2.1,1.9,0.0,0.0,0.0,0.00,0.00,0.00,0.00,0.01,4.76,0.03,0.05,0.67,0.33,0.19,0.64,6.3,54.2,32.0,0.0,24.4,,12,268,21,11,0.28,0.02,0.23,2.0,0.01,0.000,0.000,0.000,0.000,0.000,0.000,0.0,58.9,93.6,97.4,16.1,25.1,58.6,46.6,63.8,20.4,87.4,76.3,33.6,59.1,44.3
"Crab, boiled",800,129,20.1,17.8,0.4,0.0,5.2,0.0,0.9,650.00,0.00,0.00,0.00,2.40,0.00,0.10,0.15,6.25,2.50,0.30,0.60,0.0,20.0,3.0,10.0,0.0,0.0,370,270,29,48,1.30,4.80,5.50,0.0,0.5,0.693,1.130,1.713,0.098,1.556,0.156,78.0,932.6,1736.6,1575.8,578.9,257.3,804.0,739.7,932.6,225.1,964.8,1672.3,385.9,1318.6,868.3
"Potato, boiled",801,85,1.7,,18.6,1.4,0.1,0.0,0.0,0.33,2.00,,,0.01,,0.10,0.02,1.31,1.31,0.27,,,9.0,,0.0,8.3,7.0,5,328,8,20,0.31,0.17,0.27,0.8,16.7,0.029,0.002,0.049,0.000,0.012,0.037,,,,,,,,,,,,,,,
"Ptarmigan, flesh, raw",802,112,23.5,,0.1,0.0,2.0,0.0,0.2,49.00,0.00,,,,0.00,0.22,0.53,11.00,7.10,,,,,,,0.0,0.0,89,390,40,36,7.50,0.39,1.50,0.0,0,0.504,0.831,0.325,,0.000,0.325,,,,,,,,,,234.0,,,,,
"Marmalade, apricot",803,221,0.4,,53.7,1.3,0.2,0.0,0.0,13.67,82.00,,,,,,,0.25,,,,,,,,,,18,,,,,,,49.0,0,0.041,0.110,0.000,0.000,,,,41.0,77.0,97.0,6.0,3.0,52.0,29.0,47.0,15.0,47.0,45.0,27.0,40.0,101.0
"Chocolate, milk, with nuts",804,572,8.8,7.3,49.0,1.7,37.5,0.0,0.3,107.50,45.00,0.00,0.00,0.25,0.00,0.14,0.30,2.00,0.50,0.04,0.19,3.0,7.0,4.0,0.0,0.0,0.0,127,442,310,55,0.90,0.37,1.55,40.0,2.9,22.790,11.201,1.259,0.130,0.101,1.157,18.0,436.5,802.6,689.9,197.1,39.4,422.4,281.6,253.4,90.1,591.4,295.7,211.2,211.2,844.8
"Beef, rumpsteak, cap off, raw",805,123,21.3,17.7,0.0,0.0,4.2,0.0,0.1,0.66,0.00,0.65,0.06,0.42,5.63,0.04,0.29,9.89,5.27,0.22,3.24,2.7,11.8,4.0,1.8,0.0,0.0,43,360,3,24,2.45,0.08,3.47,0.0,0,1.604,1.494,0.025,0.000,0.000,0.025,55.7,984.7,1741.7,1991.7,468.8,183.0,922.0,712.2,977.0,277.7,1057.5,1310.0,840.3,934.5,811.7
"Pine nuts, dried",806,678,14.0,13.4,13.0,6.4,61.9,0.0,0.0,3.00,18.00,0.00,0.00,11.85,4.90,0.49,0.26,6.01,3.33,0.22,0.41,17.1,63.4,,0.0,0.8,0.8,1,603,10,205,4.85,1.30,5.75,4.9,4.97338425,4.339,15.666,25.669,0.000,0.147,25.521,0.0,546.0,1080.0,626.0,313.0,227.0,596.0,605.0,484.0,161.0,723.0,2460.0,361.0,730.0,700.0
"Rabbit, flesh only, raw",807,118,20.4,19.7,0.0,0.0,4.0,0.0,0.1,10.00,0.00,0.00,0.00,0.40,0.00,0.12,0.14,14.68,10.00,0.60,0.78,1.0,5.0,4.0,10.0,3.0,3.0,58,383,13,28,0.80,0.15,1.70,0.0,0,1.645,0.788,1.287,0.073,0.424,0.864,71.0,1243.2,1847.0,2237.8,674.9,163.4,923.5,923.5,1065.6,280.6,1314.2,1491.8,674.9,1136.6,888.0
"Pepper, hot chili, raw",808,44,2.0,1.4,7.7,1.8,0.2,0.0,0.0,731.67,4390.00,0.00,0.00,2.90,,0.09,0.09,1.33,0.90,0.28,0.06,,23.0,,0.0,166.0,166.0,7,340,14,25,1.20,0.17,0.30,5.3,0,0.019,0.011,0.110,0.000,0.005,0.105,0.0,64.0,105.6,89.6,24.0,38.4,60.8,41.6,73.6,25.9,83.2,96.0,41.6,73.6,86.4
"Seal meat, loin, raw",812,114,22.6,,0.0,0.0,2.6,0.0,0.5,120.00,0.00,3.50,3.50,3.50,,0.20,0.88,6.00,6.00,,,,,,,0.0,0.0,183,285,16,30,12.10,,2.50,0.0,0,0.400,1.400,0.600,,,,,,,,,,,,,,,,,,
"Baguette, with rye, industrially produced",813,259,8.1,7.2,48.6,4.0,2.6,0.0,1.1,0.00,0.00,0.00,0.00,0.50,,0.19,0.07,1.42,1.57,0.10,0.39,2.8,39.3,,0.1,0.0,0.0,460,161,35,28,1.16,0.13,0.82,2.6,46.0363636363636,0.942,0.728,0.657,0.000,0.085,0.573,0.0,356.1,612.5,199.4,132.5,156.7,427.3,199.4,242.1,85.5,413.0,327.6,185.2,341.8,940.0
"Cashew nuts, dry roasted",815,603,15.3,14.5,29.7,3.0,46.4,0.0,0.0,0.00,0.00,0.00,0.00,0.84,,0.20,0.20,5.35,1.40,0.26,1.22,,69.0,,0.0,0.0,0.0,16,565,45,260,6.00,2.22,5.60,5.9,23.5,8.812,27.578,7.921,0.000,0.162,7.759,0.0,722.3,1271.2,808.9,274.5,283.1,780.0,491.1,577.8,236.9,1040.0,1733.4,404.5,808.9,693.4
"Rolls, italien type, industrially produced",816,256,8.9,7.9,49.3,3.1,1.9,0.0,1.3,0.00,0.00,0.00,0.00,0.50,,0.17,0.05,1.56,1.26,0.09,0.34,2.1,27.0,,0.0,0.0,0.0,505,133,28,22,1.00,0.13,0.74,1.8,47.51,0.392,0.605,0.688,0.000,0.048,0.639,0.0,389.0,669.1,217.8,144.7,171.2,466.8,217.8,264.5,93.4,451.2,357.9,202.3,373.4,1027.0
"Beef, meat, lean (<5 % fat), raw",818,125,21.5,17.6,0.0,0.0,4.3,0.0,0.1,0.00,0.00,0.40,0.40,0.23,0.00,0.06,0.19,9.96,6.20,0.32,0.62,0.0,7.0,4.0,1.4,0.0,0.0,50,360,5,22,2.10,0.09,3.60,0.0,0,1.808,2.048,0.173,,0.052,0.121,62.0,1041.6,1701.3,1840.2,555.5,145.8,868.0,729.1,937.4,225.7,1145.8,1319.4,763.8,1076.3,868.0
"Beef, thick flank (top rump), cap off, raw",819,147,20.8,16.9,0.0,0.0,7.1,0.0,0.1,0.00,0.00,0.38,0.03,0.24,3.74,0.04,0.19,9.11,4.54,0.24,3.49,2.4,9.6,4.0,1.6,0.0,0.0,44,356,4,23,1.82,0.03,3.92,0.0,0,2.664,2.761,0.155,0.141,0.000,0.155,59.1,946.8,1653.3,1876.7,424.3,167.2,890.8,689.7,924.2,274.3,1001.7,1268.3,735.5,915.7,835.2
"Caviar, made from capelin roe",821,185,9.1,,5.7,0.0,14.0,0.0,5.5,0.00,0.00,0.00,0.00,,0.00,,,,,,,,,,,0.0,0.0,2200,,,,,,,5.7,0,2.420,3.820,4.970,,,,312.0,,,,,,,,,,,,,,
"Breakfast cereal, Guldkorn",823,386,6.7,,85.1,3.5,1.3,0.0,0.0,0.00,0.00,0.00,0.00,0.02,,1.73,1.45,,16.80,0.11,,,14.0,,0.0,0.0,0.0,5,205,17,56,5.88,0.27,1.28,50.2,27.9,0.200,0.170,0.630,0.000,0.050,0.590,0.0,,,,,,,,,,,,,,
"Leek, raw",824,35,2.0,1.3,4.7,3.2,0.2,0.0,0.0,35.67,214.00,0.00,0.00,0.51,,0.08,0.07,0.80,0.50,0.29,0.14,2.8,82.0,,0.0,24.0,23.3,7,260,48,10,0.51,0.03,0.28,3.7,0,0.053,0.009,0.121,0.000,0.026,0.095,0.0,59.3,103.0,109.3,22.5,10.3,50.0,29.0,59.3,18.4,74.9,93.7,30.0,56.2,56.2
"Tuna, in water, canned",825,107,23.9,19.5,0.0,0.0,1.2,0.0,0.7,5.05,0.00,2.81,2.81,0.60,0.00,0.00,0.06,16.23,11.75,0.25,0.10,1.8,15.0,7.0,3.4,0.0,,275,225,9,27,1.00,0.05,0.58,0.0,0,0.230,0.110,0.310,,0.270,0.040,30.0,1268.0,1806.0,2190.2,691.7,165.2,960.6,845.4,1037.5,269.0,1421.7,1344.9,1191.2,1037.5,806.9
"Cream pastry, cream puff",827,324,4.1,,24.9,0.9,22.9,0.0,0.3,134.40,,,,1.19,,,,,,,,,,,,,,111,95,47,11,0.62,,0.39,13.0,11.9,14.174,6.083,1.421,,0.220,1.201,,,,,,,,,,,,,,,
"Roastbeef, sliced",828,120,21.7,,0.3,0.0,3.5,0.0,3.8,2.00,0.00,0.00,0.00,0.20,,0.05,0.12,8.17,3.60,0.40,0.30,1.2,9.1,,1.7,45.0,45.0,1505,280,5,21,2.10,0.07,3.61,0.0,0,1.198,1.415,0.180,0.017,0.025,0.155,57.0,946.8,1653.3,1876.7,424.3,167.2,890.8,689.7,924.2,274.3,1001.7,1268.3,735.5,915.7,835.2
"Cream pastry, average values",830,312,2.7,,28.1,1.5,20.6,0.0,0.3,130.00,,0.50,,0.50,,0.00,0.10,0.70,0.70,0.00,,,9.0,,0.4,1.0,,111,100,40,12,0.50,,0.30,18.0,11.6,12.080,5.990,1.398,,0.200,1.198,,,,,,,,,,,,,,,
"Beef, tenderloin, defatted, raw",831,138,20.5,16.5,0.0,0.0,6.2,0.0,0.2,1.50,0.00,0.40,0.40,0.20,0.00,0.08,0.22,9.71,6.00,0.33,0.90,0.0,12.3,4.0,2.4,0.0,0.0,60,340,5,23,2.47,0.09,2.97,0.0,0,2.694,2.575,0.590,,0.162,0.428,59.0,982.0,1571.2,1702.1,523.7,140.8,818.3,687.4,883.8,222.6,1080.2,1243.9,687.4,1047.5,851.1
"Mutton, round, raw",832,134,20.1,16.9,0.0,0.0,6.0,0.0,0.2,45.00,0.00,0.40,0.40,,0.00,0.16,0.22,8.31,5.20,0.29,0.55,1.0,2.0,1.0,3.0,1.0,1.0,78,380,8,23,2.40,0.10,3.70,0.0,0,2.910,2.271,0.279,,0.139,0.139,70.0,997.0,1640.2,1833.1,514.6,170.4,804.0,804.0,868.3,186.5,1093.4,1350.7,578.9,1061.3,932.6
Dried fig spread,833,316,2.5,1.7,62.7,7.5,4.5,0.0,0.1,7.81,46.84,0.00,0.00,0.81,0.00,0.05,0.10,1.60,0.95,0.12,0.59,0.5,14.7,8.4,0.0,2.1,2.1,43,787,114,69,1.51,0.24,2.97,32.1,0.138,1.154,1.213,0.768,0.000,0.202,0.566,0.0,68.7,109.1,88.9,25.0,44.4,64.6,80.8,72.7,39.2,92.9,68.7,36.4,97.0,157.6
"Coriander, leaf, dried",835,318,21.9,,41.5,10.4,4.8,0.0,0.5,568.33,3410.00,,,,,1.25,1.50,10.71,10.71,,,,,,0.0,566.7,566.7,211,4466,1246,694,42.46,,,7.3,34.2,0.253,3.664,0.471,0.000,0.000,0.471,0.0,,,,,,,,,,,,,,
"Wheat bread, with whole kernels",836,264,9.0,7.9,44.9,5.3,4.2,0.0,1.2,0.00,0.00,0.00,0.00,0.44,20.00,0.19,0.09,1.57,,0.10,,,36.9,,0.0,0.0,0.0,470,186,38,41,1.46,0.18,1.07,3.5,41.425,0.480,0.960,1.616,0.000,0.474,1.141,,393.2,676.4,220.2,146.3,173.0,471.9,220.2,267.4,94.4,456.1,361.8,204.5,377.5,1038.1
"Rye bread, fine with wheat flour and high fat seeds, industrially produced",837,235,7.5,,37.1,8.0,4.6,0.0,1.2,0.00,0.00,0.00,0.00,0.20,,0.20,0.06,1.27,1.11,0.12,0.23,,21.5,,0.0,0.0,0.0,475,195,38,47,1.47,0.22,1.22,3.9,33.2,0.630,0.959,2.870,0.000,0.482,2.388,0.0,,,,,,,,,76.0,,,,,
"Rolls, white, industrially produced",838,270,8.6,7.6,51.0,2.8,2.9,0.0,1.2,0.00,0.00,0.00,0.00,0.50,3.04,0.18,0.05,1.51,1.47,0.06,0.34,2.0,28.5,,0.0,0.0,0.0,461,133,26,22,0.99,0.13,0.73,2.3,48.6625,0.610,0.919,1.087,0.000,0.082,1.005,0.0,378.4,650.9,211.9,140.8,166.5,454.1,211.9,257.3,90.8,439.0,348.2,196.8,363.3,999.1
Potato crisps,839,532,5.4,3.6,54.3,3.4,31.9,0.0,1.5,0.00,0.00,0.00,0.00,6.10,,0.39,0.08,6.60,5.30,0.48,0.82,1.5,82.0,4.0,0.0,38.4,38.4,606,1050,24,60,1.38,0.26,1.01,0.7,44.2,13.655,13.133,3.008,0.000,0.000,3.008,0.0,224.6,328.3,293.8,86.4,69.1,233.3,164.2,207.4,77.8,276.5,267.8,103.7,181.4,207.4
"Marmalade, orange",840,202,0.5,0.3,49.0,0.7,0.3,0.0,0.0,8.33,50.00,0.00,0.00,0.30,,0.00,0.03,0.15,0.10,0.02,0.00,0.0,5.0,5.0,0.0,3.0,3.0,18,44,20,4,0.50,0.12,0.03,47.0,0,0.140,0.130,0.030,0.000,,,0.0,9.6,16.0,20.0,2.7,1.7,11.2,6.6,9.6,3.3,16.0,42.4,6.6,11.2,68.8
"Pork, hind leg without rind, raw",841,143,18.9,,0.0,0.0,7.5,0.0,0.2,6.00,0.00,0.32,0.10,0.40,,0.90,0.29,8.81,8.81,0.54,,,3.0,,0.6,0.0,,84,366,7,25,0.89,,3.60,0.0,0,2.240,2.140,0.570,,0.050,0.460,51.0,,,,,,,,,,,,,,
"Lake trout, raw",842,145,18.7,,0.0,0.0,7.8,0.0,0.2,16.91,0.00,,,,0.00,0.16,0.09,,,,,,22.0,,,0.0,0.0,80,370,,30,0.75,0.04,0.44,0.0,0,,,,,,,48.0,,,,,,,,,,,,,,
"Spinach, chopped, frozen",843,26,2.3,1.5,2.0,2.0,0.5,0.0,0.1,755.59,4533.53,0.00,0.00,2.90,340.00,0.09,0.22,1.12,0.51,0.19,0.13,1.6,220.0,176.0,0.0,19.0,16.0,41,449,219,26,2.00,0.10,0.41,0.1,0.09,0.059,0.028,0.314,0.000,0.258,0.056,0.0,73.6,132.5,106.7,23.2,3.3,106.7,55.2,81.0,36.8,106.7,125.1,40.5,92.0,73.6
"Pheasant, flesh only, raw",844,122,22.2,20.2,0.0,0.0,3.6,0.0,0.1,53.00,0.00,0.40,,,0.00,0.08,0.15,12.04,6.76,0.74,0.96,,6.0,,0.8,6.0,6.0,37,262,13,20,1.15,0.07,0.97,0.0,0,1.235,1.605,0.375,,0.041,0.333,66.0,1282.1,1923.2,2074.1,678.8,316.8,905.0,754.2,1169.0,316.8,1282.1,1470.7,905.0,1282.1,980.5
"Yam, raw",845,111,1.5,1.1,23.8,4.1,0.2,0.0,0.0,13.83,83.00,0.00,0.00,3.30,,0.11,0.03,0.76,0.55,0.29,0.31,,23.0,,0.0,17.1,17.1,9,816,17,21,0.54,0.18,0.24,0.5,23.3,0.038,0.006,0.075,0.000,0.012,0.063,0.0,53.9,98.0,61.3,21.3,19.4,73.5,41.7,53.9,12.3,63.7,129.9,34.3,53.9,53.9
"Potato, new (May to September), raw",846,76,1.8,1.4,15.8,1.3,0.3,0.0,0.0,4.50,27.00,0.00,0.00,,,,,0.46,,,,,,,0.0,22.0,22.0,7,,,,,,,1.3,14.8,0.058,0.015,0.167,0.000,0.096,0.072,0.0,66.2,97.9,103.7,24.5,14.7,72.0,34.6,60.5,27.4,106.6,74.9,31.7,51.8,63.4
"Hamburger sandwich with salad and dressing, fast food",847,227,9.3,,20.0,1.6,11.8,0.0,1.1,,,,,,,0.09,0.08,,,,,,,,,,,441,213,26,21,1.34,0.08,1.64,3.0,17,3.531,5.515,1.578,0.248,0.371,1.207,,,,,,,,,,,,,,,
"Egg, duck, whole, raw",848,181,12.8,11.2,1.4,0.0,13.8,0.0,0.4,194.33,14.00,,,,,0.16,0.40,4.64,0.20,0.25,1.86,,80.0,,5.4,0.0,0.0,146,222,64,17,3.85,,1.41,0.9,0,3.759,6.670,1.001,,0.102,0.899,884.0,594.5,1107.0,943.0,574.0,287.0,840.5,615.0,738.0,266.5,881.5,758.5,328.0,430.5,471.5
"Tongue, pig, raw",854,182,17.0,18.0,6.0,0.0,10.0,0.0,0.2,0.00,0.00,0.93,0.70,0.10,0.00,0.33,0.42,8.70,5.30,0.35,2.00,2.0,8.0,3.0,3.7,2.7,2.7,92,282,7,18,2.15,0.23,2.60,0.0,0,3.973,4.490,0.737,,0.059,0.678,101.0,897.6,1604.8,1768.0,489.6,625.6,870.4,625.6,870.4,204.0,1115.2,1468.8,516.8,1632.0,1169.6
"Marmalade, kiwi",855,225,0.4,,54.7,1.3,0.2,0.0,0.0,2.42,14.50,,,,,,,0.05,,,,,,,,,,18,,,,,,,47.0,0,0.043,0.053,0.083,0.000,,,,7.0,12.0,16.0,2.0,,7.0,4.0,7.0,3.0,10.0,7.0,5.0,8.0,7.0
"Tongue, pig, cured",856,182,17.0,18.0,5.9,0.0,10.0,0.0,4.2,0.00,0.00,0.93,0.70,0.10,0.00,0.33,0.42,8.70,5.30,0.35,2.00,2.0,8.0,3.0,3.7,2.7,2.7,1690,180,9,16,2.15,0.23,2.60,0.0,0,3.973,4.490,0.737,,0.059,0.678,65.0,897.6,1604.8,1768.0,489.6,625.6,870.4,625.6,870.4,204.0,1115.2,1468.8,516.8,1632.0,1169.6
"Dried fruits spread, average values",859,320,2.7,1.9,61.1,7.9,5.6,0.0,0.1,9.49,56.91,0.00,0.00,1.02,0.00,0.06,0.10,1.42,0.86,0.12,0.53,0.6,12.4,6.4,0.0,0.8,0.8,57,844,138,75,1.71,0.24,2.20,55.9,0.189,1.373,1.534,0.983,0.000,0.257,0.727,0.0,78.5,117.7,100.3,24.9,48.0,69.8,95.9,78.5,33.6,104.6,69.8,38.8,100.3,170.0
"Squab (pigeon), flesh, raw",860,142,18.5,15.8,0.0,0.0,7.5,0.0,0.2,28.00,0.00,0.40,,,,0.28,0.29,10.13,6.86,0.53,0.79,,13.0,,0.5,7.2,7.2,69,270,13,22,4.51,0.59,2.70,0.0,0,2.030,2.761,1.427,,0.134,1.293,90.0,964.8,1511.5,1833.1,514.6,141.5,804.0,611.0,836.2,196.2,1189.9,1222.1,514.6,997.0,836.2
"Bread, white",861,271,8.8,7.8,48.5,3.6,3.9,0.0,1.1,0.00,0.00,0.00,0.00,0.50,0.00,0.17,0.07,1.54,1.00,0.06,0.50,2.3,40.2,,0.0,0.0,0.0,424,138,39,20,1.08,0.12,0.64,0.4,46.7,0.789,0.868,0.948,0.000,0.122,0.826,0.0,384.8,661.9,215.5,143.2,169.3,461.8,215.5,261.7,92.4,446.4,354.0,200.1,369.4,1016.0
"Currant, black, juice, concentrated, sugar added",862,199,0.5,,48.0,0.0,0.5,0.0,0.1,12.17,73.00,,,0.00,,,,0.38,0.15,,,,,,,66.0,66.0,24,,12,,,,,47.0,0,0.092,0.031,0.277,0.000,0.092,0.185,,18.0,30.0,26.0,8.0,3.0,17.0,8.0,17.0,14.0,22.0,30.0,9.0,19.0,18.0
"Wheat bread, white, with walnuts",863,280,8.9,,47.3,4.1,5.2,0.0,1.3,0.17,1.00,,,0.50,,0.19,0.09,2.15,,0.09,,,47.4,,,,,535,186,53,30,1.19,0.18,0.91,3.1,44.225,0.600,0.917,3.127,0.000,,,,368.0,752.5,247.5,168.5,238.0,538.0,310.0,296.0,129.0,448.0,418.0,234.0,401.0,1265.0
"Nut, pea, oilroasted and salted",864,632,24.6,25.2,9.5,7.7,53.3,0.0,1.3,0.00,0.00,0.00,0.00,8.10,,0.14,0.09,16.13,12.20,0.47,1.22,114.0,124.0,,0.0,0.8,0.8,503,700,45,190,1.46,0.57,3.27,3.1,5,9.781,25.276,14.490,0.000,0.000,14.490,0.0,1135.0,1906.8,998.8,299.6,317.8,1589.0,998.8,771.8,236.1,1498.2,3632.0,726.4,1725.2,1407.4
"Sprat, raw",866,136,10.3,,0.0,0.0,10.5,0.0,0.2,150.00,0.00,20.30,,2.50,0.00,0.04,0.26,5.00,5.00,,,,,,,0.0,0.0,68,230,280,20,0.70,0.05,1.60,0.0,0,3.320,5.440,3.160,,,,38.0,,,,,,,,,,,,,,
"Coriander, leaf, raw",867,22,2.1,,0.9,2.8,0.5,0.0,0.1,655.00,3930.00,,,2.50,310.00,0.07,0.16,1.11,1.11,0.15,0.57,,62.0,,0.0,27.0,27.0,46,521,67,26,1.77,0.23,0.50,0.9,0.3,0.013,0.275,0.040,0.000,0.000,0.040,0.0,,,,,,,,,,,,,,
"Bamboo shoots, canned, salted",868,23,2.6,,2.0,1.7,0.1,0.0,1.5,0.00,0.00,0.00,0.00,0.20,,0.01,0.04,0.10,0.10,0.10,,,36.0,,0.0,0.0,0.0,600,85,24,4,0.20,,0.20,0.7,0,0.110,0.010,0.200,0.000,0.030,0.170,0.0,,,,,,,,,,,,,,
"Bamboo shoots, canned, nonsalted",869,23,2.6,,2.0,1.7,0.1,0.0,0.0,0.00,0.00,0.00,0.00,0.20,,0.01,0.04,0.10,0.10,0.10,,,36.0,,0.0,0.0,0.0,3,85,24,4,0.20,,0.20,0.7,0,0.110,0.010,0.200,0.000,0.030,0.170,0.0,,,,,,,,,,,,,,
"Beef, shin + leg (shank), raw",870,140,21.4,17.2,0.0,0.0,6.0,0.0,0.2,3.00,0.00,0.40,0.40,0.22,0.00,0.04,0.18,9.88,6.00,0.50,0.87,0.0,7.0,4.0,1.4,0.0,0.0,75,310,5,22,2.20,0.10,5.30,0.0,0,2.534,2.864,0.242,,0.073,0.169,63.0,1027.2,1643.5,1780.5,547.8,147.2,856.0,719.0,924.5,232.8,1129.9,1301.1,719.0,1095.7,890.2
"Beef, striploin ""cap off"", raw",871,173,20.9,17.5,1.2,0.0,9.4,0.0,0.1,0.75,0.00,0.73,0.18,0.31,0.00,0.04,0.16,9.74,5.88,0.32,2.07,1.0,8.2,4.0,1.4,0.0,0.0,54,320,5,19,2.02,0.06,4.47,0.0,0,3.778,3.193,0.133,0.103,0.016,0.117,67.1,995.7,1665.7,1832.9,526.3,158.1,862.4,703.3,923.6,232.0,1094.3,1305.7,746.6,1107.3,884.0
"Dock (US), sorrel (UK), raw",872,23,2.0,,1.2,2.0,0.7,0.0,0.0,400.00,2400.00,0.00,0.00,,,0.04,0.10,0.50,0.50,0.12,0.04,,13.0,,0.0,48.0,48.0,4,390,44,103,2.40,0.13,0.20,0.7,0.4,0.100,0.040,0.260,0.000,,,0.0,102.4,166.4,115.2,35.2,,115.2,83.2,92.8,,134.4,108.8,54.4,115.2,115.2
"Cheese, Quarg, 45 % fidm.",874,197,11.2,9.9,2.8,0.0,15.4,0.0,0.2,142.33,68.00,0.19,0.19,0.39,0.00,0.04,0.23,2.75,0.17,0.05,0.26,1.5,27.0,2.0,0.5,1.0,1.0,98,143,230,12,0.02,0.01,0.48,3.6,0,9.972,4.141,0.440,,0.120,0.320,51.0,614.3,1035.5,895.1,315.9,40.4,579.2,614.3,386.1,154.4,754.7,351.0,315.9,228.2,1175.9
"Egg, goose, whole, raw",875,180,13.9,12.1,1.4,0.0,13.3,0.0,0.3,187.17,13.00,,,,,0.15,0.38,5.00,0.19,0.24,1.76,,76.0,,5.1,0.0,0.0,138,210,60,16,3.64,,1.33,0.9,0,3.654,5.827,1.533,,0.558,0.975,852.0,643.5,1198.3,1020.7,621.3,310.7,909.8,665.7,798.8,288.5,954.2,821.0,355.0,466.0,510.4
"Sugar, brown",876,382,0.0,0.0,95.5,0.0,0.0,0.0,0.1,0.00,0.00,0.00,0.00,0.00,0.00,0.00,0.00,0.00,0.00,0.00,0.00,0.0,0.0,0.0,0.0,0.0,0.0,55,320,185,28,3.10,0.05,0.06,94.0,0,0.000,0.000,0.000,0.000,0.000,0.000,0.0,0.0,0.0,0.0,0.0,0.0,0.0,0.0,0.0,0.0,0.0,0.0,0.0,0.0,0.0
"Coffee, instant, decaffeinated, powder",877,352,11.6,4.8,76.0,0.0,0.2,0.0,0.1,0.00,0.00,0.00,0.00,0.00,0.00,0.00,1.36,28.55,28.08,0.00,0.10,,0.0,,0.0,0.0,0.0,23,3501,140,311,3.80,0.07,0.11,0.0,4,0.069,0.015,0.075,0.000,0.006,0.069,0.0,164.2,459.7,91.9,21.9,192.6,240.8,157.6,135.7,28.5,262.7,50.3,157.6,415.9,328.4
"Asparagus, white, raw",878,26,2.4,1.7,2.5,1.8,0.3,0.0,0.0,1.17,7.00,0.00,,1.98,,0.11,0.12,0.32,,0.07,,,150.0,,0.0,18.0,18.0,8,169,17,7,0.70,,0.90,1.9,0.1,0.069,0.007,0.164,0.000,0.013,0.151,0.0,69.1,111.4,99.8,27.6,8.4,65.3,53.8,61.4,19.2,111.4,92.2,42.2,80.6,153.6
"Beef, outside, round, raw",879,146,20.5,17.2,0.0,0.0,7.1,0.0,0.2,3.00,0.00,0.40,0.40,0.22,0.00,0.06,0.19,9.88,6.00,0.50,0.90,0.0,7.0,4.0,1.4,0.0,0.0,60,340,5,22,2.10,0.08,4.50,0.0,0,2.223,3.233,0.163,0.085,0.012,0.151,63.0,1027.2,1643.5,1780.5,547.8,147.2,856.0,719.0,924.5,232.8,1129.9,1301.1,719.0,1095.7,890.2
"Raisin , seedless",880,333,3.2,1.5,74.7,3.6,1.6,0.0,0.0,4.67,28.00,0.00,0.00,0.00,,0.09,0.03,0.60,0.50,0.11,0.14,0.0,4.0,4.0,0.0,3.3,3.3,9,785,45,35,2.40,0.32,0.30,68.9,0,0.525,0.063,0.469,0.000,0.108,0.361,0.0,62.1,98.3,93.1,16.6,7.8,62.1,13.5,72.4,6.2,93.1,403.6,62.1,82.8,212.2
"Currant, black, jam",881,197,0.6,,46.5,2.5,0.4,0.0,0.0,5.83,35.00,0.00,,0.35,,,,0.09,,,,,,,,,,12,,32,12,0.40,,0.20,49.0,0,0.074,0.025,0.221,0.000,0.074,0.148,,,,,,,,,,5.3,,,,,
"Chicken, leg, flesh and skin, raw",882,152,18.4,15.2,0.0,0.0,8.7,0.0,0.2,28.00,0.00,1.50,1.50,0.50,0.00,0.07,0.18,8.75,5.40,0.30,,,9.0,,0.4,3.0,3.0,83,210,11,21,1.03,,2.00,0.0,0,2.460,3.640,1.860,,0.114,1.746,81.0,895.5,1358.7,1729.3,494.1,123.5,710.2,586.7,772.0,200.7,1019.0,1235.2,494.1,1080.8,864.6
"Marmalade, black currant",884,199,0.5,,47.1,2.5,0.4,0.0,0.0,8.33,50.00,0.00,0.00,0.25,0.00,0.00,0.04,0.22,0.15,0.03,0.00,0.0,5.0,5.0,0.0,70.0,70.0,18,44,20,4,0.50,0.12,0.03,48.0,0,0.074,0.025,0.221,0.000,0.074,0.148,0.0,,,,,,,,,4.4,,,,,
"Chicken, drumstick, flesh and skin, raw",886,155,18.7,14.9,0.0,0.0,8.9,0.0,0.2,42.00,0.00,1.50,1.50,0.50,,0.06,0.15,8.68,5.40,0.26,,,7.0,,0.3,2.0,2.0,76,192,9,20,1.80,,1.60,0.0,0,2.525,3.715,1.904,,0.116,1.788,84.0,877.0,1330.6,1693.4,483.8,121.0,695.5,574.6,756.0,196.6,997.9,1209.6,483.8,1058.4,846.7
"Baguette, wheat with rye, high fat seeds, industrially produced",887,270,8.5,7.6,49.3,4.5,3.3,0.0,1.4,0.00,0.00,0.00,0.00,0.50,,0.21,0.06,1.50,1.22,0.15,0.33,3.7,36.3,,0.0,0.0,0.0,568,163,62,36,1.39,0.17,1.01,2.2,47.0833333333333,0.495,0.552,1.553,0.000,0.666,0.887,0.0,374.6,644.3,209.8,139.3,164.8,449.5,209.8,254.7,89.9,434.5,344.6,194.8,359.6,988.9
"Kale, frozen",888,24,2.1,1.6,0.8,3.5,0.6,0.0,0.0,432.29,2593.75,0.00,0.00,1.89,46.04,0.00,0.08,1.06,0.43,0.07,0.09,2.9,24.8,44.0,0.0,18.4,,13,151,175,15,0.64,0.04,0.21,0.1,0,0.076,0.017,0.378,0.000,0.277,0.101,0.0,82.5,166.0,134.6,37.9,28.8,107.3,75.8,96.4,37.9,115.2,117.6,45.9,106.0,120.6
"Chervil, chopped, frozen",889,24,2.2,1.6,1.4,2.0,0.6,0.0,0.0,498.33,2990.00,0.00,0.00,2.90,,0.13,0.34,1.98,1.50,0.03,0.30,1.6,220.0,176.0,0.0,37.0,37.0,10,597,145,,1.60,0.07,1.10,0.0,0,0.078,0.015,0.387,0.000,0.263,0.124,0.0,95.0,161.9,126.7,35.2,1.1,102.1,66.9,81.0,28.9,123.2,95.0,42.2,98.6,84.5
"Beef, eye of round, raw",891,145,21.5,17.3,0.0,0.0,6.5,0.0,0.2,3.00,0.00,0.40,0.40,0.23,0.00,0.04,0.13,9.90,6.00,0.50,0.90,0.0,7.0,4.0,1.4,0.0,0.0,60,340,5,22,1.40,0.08,4.50,0.0,0,2.740,3.108,0.262,,0.079,0.183,63.0,1032.0,1651.2,1788.8,550.4,147.9,860.0,722.4,928.8,233.9,1135.2,1307.2,722.4,1100.8,894.4
"Cooking banana, Plantain, raw",892,131,1.3,0.8,29.6,2.3,0.4,0.0,0.0,113.33,680.00,0.00,0.00,,,0.05,0.05,0.94,0.69,0.30,0.26,,22.0,,0.0,18.4,18.4,4,499,3,37,0.60,0.08,0.14,15.0,14.6,0.140,0.032,0.069,0.000,,,0.0,35.4,58.2,60.3,17.1,20.0,43.7,31.2,33.3,15.0,45.8,108.2,64.5,45.8,49.9
"Chewing gum, sugar added, all types",894,358,0.2,,88.2,2.4,0.0,0.0,0.1,0.00,0.00,,,,,,,,,,,,,,,,,22,24,1756,94,5.00,0.17,,68.3,0,0.000,0.000,0.000,0.000,,,,,,,,,,,,,,,,,
"Cherimoya, raw",895,78,1.7,,15.4,2.3,0.6,0.0,0.0,1.00,6.00,0.00,0.00,,,0.09,0.12,0.57,0.57,,,,,,0.0,11.5,11.5,7,,8,,0.30,,,14.9,1.2,0.233,0.055,0.188,0.000,,,0.0,,,,,,,,,,,,,,
"Halibut, greenland, gravad",896,178,12.3,,0.0,0.0,14.3,0.0,4.8,19.90,0.00,5.00,5.00,1.76,0.00,0.05,0.03,0.80,0.80,0.07,0.20,,12.0,4.0,0.9,0.3,0.3,1930,257,8,21,0.07,,0.30,0.0,0,2.236,9.220,1.075,,0.935,0.141,50.0,,,,,,,,,,,,,,
"Halibut, greenland, raw",897,178,12.3,,0.0,0.0,14.3,0.0,0.2,19.90,0.00,4.25,4.25,1.76,0.00,0.05,0.03,0.80,0.80,0.07,0.20,3.1,12.0,4.0,0.9,0.3,0.3,79,257,8,21,0.07,0.03,0.28,0.0,0,2.236,9.220,1.075,,0.935,0.141,50.0,,,,,,,,,,,,,,
"Crispbread, wheat",898,361,9.1,,68.0,15.8,2.3,0.0,1.0,0.00,0.00,0.00,0.00,1.40,,0.34,0.15,2.17,1.30,0.16,,,84.0,,0.0,0.0,0.0,394,147,45,65,3.20,,1.51,1.6,66.4,0.700,0.700,1.400,0.000,,,0.0,370.0,660.0,320.0,150.0,150.0,450.0,260.0,310.0,130.0,500.0,480.0,240.0,420.0,920.0
"Wheat bread, sandwich/toast type, high fat seeds, industrially produced",899,268,8.1,7.2,44.4,3.8,5.6,0.0,1.0,0.00,0.00,0.00,0.00,0.50,,0.21,0.07,1.43,1.51,0.06,0.35,3.9,28.5,,0.1,0.0,0.0,416,154,29,38,1.37,0.20,1.05,4.4,40.74,1.147,1.383,2.520,0.000,0.236,2.284,0.0,356.3,612.8,199.5,132.5,156.8,427.5,199.5,242.3,85.5,413.3,327.8,185.3,342.0,940.5
"Pork, sausage, frankfurter, canned",900,201,10.6,8.6,1.4,0.2,17.0,0.0,1.8,7.00,0.00,0.41,0.15,0.10,0.00,0.14,0.20,3.27,1.80,0.15,0.57,5.2,4.0,2.0,1.1,0.0,0.0,727,121,73,14,0.90,0.09,1.88,0.0,0.6,5.820,8.120,1.360,,,,45.0,441.0,763.2,881.9,220.5,66.1,390.1,305.3,390.1,88.2,542.7,610.6,237.4,949.8,814.1
"Dogfish, piked, raw",902,161,19.1,,1.0,0.0,8.9,0.0,0.3,239.00,0.00,0.38,0.38,0.65,0.00,0.05,0.14,5.20,5.20,,0.69,,3.2,,1.8,0.0,0.0,100,223,13,20,1.32,0.10,0.52,0.0,0,1.400,2.600,2.700,,,,52.0,,,,,,,,,,,,,,
"Sweets, boiled",903,390,0.0,0.0,97.5,0.0,0.0,0.0,0.0,0.00,0.00,0.00,0.00,0.00,0.00,0.00,0.00,0.00,0.00,0.00,0.00,0.0,0.0,0.0,0.0,0.0,0.0,9,1,7,3,0.54,0.03,0.03,69.0,0.36,0.000,0.000,0.000,0.000,0.000,0.000,0.0,0.0,0.0,0.0,0.0,0.0,0.0,0.0,0.0,0.0,0.0,0.0,0.0,0.0,0.0
"Tuna, raw",904,117,26.8,22.3,0.0,0.0,1.1,0.0,0.1,372.00,0.00,2.81,2.81,1.20,0.00,0.16,0.08,13.63,8.50,1.00,0.66,1.5,15.0,7.0,4.8,2.6,2.6,43,363,10,50,1.50,0.05,0.08,0.0,0,0.210,0.190,0.130,,0.090,0.040,47.0,1452.0,2068.0,2508.0,792.0,189.2,1100.0,968.0,1188.0,308.0,1628.0,1540.0,1364.0,1188.0,924.0
"Turkey, mince, 0-5% fat, raw",905,131,22.1,,0.0,0.0,4.8,0.0,0.1,24.50,0.00,0.00,,0.20,,0.07,0.12,9.38,9.38,0.46,0.75,1.6,26.8,,1.2,,,54,362,6,26,0.56,0.05,1.27,0.0,0,1.364,2.053,0.976,0.023,0.171,0.805,59.0,,,,,,,,,,,,,,
"Liqueur, coffee with cream",906,332,2.8,2.6,20.8,0.0,15.7,13.8,0.2,176.00,30.00,,,,,0.01,0.06,0.76,0.08,0.01,0.09,,2.0,,0.1,0.2,0.2,92,32,16,2,0.13,0.02,0.15,20.0,0,7.718,4.179,0.664,0.637,0.233,0.431,58.0,174.7,282.2,228.5,71.7,26.4,138.9,138.9,129.9,40.8,192.6,103.0,76.2,58.2,277.8
"Chicken, breast, flesh and skin, raw",907,149,21.5,17.0,0.1,0.0,6.9,0.0,0.2,24.00,0.00,1.50,1.50,0.50,0.00,0.06,0.09,13.63,9.90,0.53,,,4.0,,0.3,1.0,1.0,63,220,11,25,0.90,,0.80,0.0,0,1.955,2.883,1.476,,0.088,1.388,64.0,997.6,1513.6,1926.4,550.4,137.6,791.2,653.6,860.0,223.6,1135.2,1376.0,550.4,1204.0,963.2
Wiener nougat,908,560,8.7,,48.6,3.2,36.0,0.0,0.4,5.08,30.50,0.00,,7.00,,0.10,0.30,2.10,2.10,0.10,,,28.7,,0.0,2.0,,145,419,120,93,2.00,,1.60,47.0,0,11.000,18.000,2.200,0.000,0.100,,,,,,,,,,,,,,,,
"Beef, meat, 5-10 % fat, raw",909,152,20.4,17.0,0.0,0.0,7.8,0.0,0.2,0.00,0.00,0.50,0.50,0.23,0.00,0.05,0.17,10.03,6.20,0.32,0.62,0.9,7.3,4.0,1.4,0.0,0.0,65,325,5,22,2.10,0.08,4.80,0.0,0,3.284,3.711,0.314,,0.095,0.219,64.0,1012.8,1620.5,1755.5,540.2,145.2,844.0,709.0,911.5,229.6,1114.1,1282.9,709.0,1080.3,877.8
"Tongue, ox, raw",911,187,16.2,13.5,2.6,0.0,12.4,0.0,0.2,0.00,0.00,0.00,0.00,0.10,0.00,0.08,0.34,6.75,4.24,0.13,2.00,2.0,19.0,4.0,4.9,2.7,2.7,80,290,7,18,2.50,0.13,3.40,0.0,0.4,5.857,5.021,0.531,,0.088,0.443,87.0,673.9,1296.0,1529.3,414.7,158.1,673.9,544.3,751.7,150.3,881.3,1062.7,414.7,959.0,959.0
"Tongue, calf, cured",913,157,13.1,12.4,0.0,0.0,11.6,0.0,4.5,0.00,0.00,0.00,0.00,0.10,0.00,0.08,0.28,6.11,3.00,0.13,2.00,3.3,19.0,4.0,4.0,2.7,2.7,1815,201,5,19,2.30,0.16,3.40,0.0,0.9,4.788,5.424,0.459,,0.125,0.335,100.0,676.0,1135.7,1460.2,378.6,143.3,621.9,486.7,649.0,186.6,811.2,946.4,351.5,973.4,757.1
"Broccoli, boiled",914,35,2.4,,3.9,3.3,0.4,0.0,0.1,154.83,929.00,,,1.45,,0.06,0.12,1.00,0.55,0.20,,,108.0,,0.0,39.6,37.0,41,293,40,21,0.67,0.06,0.45,2.0,0.8,0.092,0.043,0.193,0.000,0.136,0.058,0.0,91.4,125.7,121.9,34.3,26.7,87.6,,102.9,26.7,114.3,148.6,53.3,,
"Marmalade, all types",915,202,0.5,,48.7,1.0,0.3,0.0,0.0,8.33,50.00,0.00,0.00,0.20,,0.00,0.04,0.00,0.00,0.03,0.00,0.0,5.0,5.0,0.0,5.0,5.0,18,44,35,4,0.50,0.12,0.03,50.0,0,0.055,0.130,0.073,0.000,,,0.0,,,,,,,,,,,,,,
"Marmalade, cherry",916,202,0.5,,48.7,1.0,0.3,0.0,0.0,8.33,50.00,0.00,0.00,0.04,,0.00,0.04,0.33,0.20,0.03,0.00,0.0,5.0,5.0,0.0,5.0,5.0,18,44,15,4,0.50,0.12,0.03,50.0,0,0.069,0.086,0.094,0.000,0.046,0.048,0.0,26.0,38.0,50.0,6.0,5.0,26.0,16.0,29.0,8.0,36.0,22.0,18.0,31.0,43.0
"Herring, breaded, fried, in vinegar with sugar",917,272,12.8,,23.5,0.2,14.0,0.0,0.7,5.00,,8.06,8.06,0.45,0.00,0.00,0.12,1.30,1.30,0.11,0.22,5.3,8.8,,6.3,0.0,0.0,277,107,23,12,0.77,0.10,0.62,10.0,4.7,1.620,4.747,2.171,,1.270,0.900,58.0,,,,,,,,,,,,,,
"Salmon, Atlantic, wild, canned",921,228,20.3,17.9,18.2,0.0,8.2,0.0,1.4,90.00,0.00,13.00,13.00,1.50,0.00,0.04,0.18,10.79,7.00,0.45,0.55,5.0,12.0,4.0,3.1,0.0,0.0,570,300,270,42,0.45,0.04,0.70,0.0,0,2.115,3.270,1.996,,1.850,0.146,90.0,1071.8,1721.4,1981.3,584.6,227.4,844.5,714.6,974.4,227.4,1169.3,1299.2,584.6,941.9,844.5
"Tomato ketchup, hot, bottled",922,102,2.0,,23.2,0.8,0.0,0.0,5.8,0.00,0.00,0.00,0.00,,0.00,,,,,,,,,,,,,2300,,,,0.00,,,0.0,0.8,0.000,0.000,0.000,0.000,,,0.0,,,,,,,,,,,,,,
"Horse, meat, raw",923,166,19.0,16.1,0.0,0.0,10.0,0.0,0.2,27.67,40.00,0.30,0.30,0.23,0.00,0.14,0.27,7.74,4.50,0.50,0.60,2.6,8.0,,3.1,0.6,0.6,62,291,10,20,3.50,0.14,4.61,0.0,0.6,3.643,3.350,2.408,0.571,1.057,1.350,75.0,912.0,1489.6,1641.6,456.0,136.8,729.6,668.8,729.6,194.6,912.0,1155.2,729.6,1033.6,1672.0
"Sardine, in tomato sauce, canned",924,156,16.4,12.8,2.8,0.0,8.8,0.0,1.2,18.00,0.00,12.00,12.00,2.30,0.00,0.03,0.17,5.87,3.30,0.15,0.70,4.0,16.0,6.0,7.8,0.0,0.0,461,376,400,37,2.40,0.24,2.80,2.8,0,2.625,2.338,3.050,,2.332,0.718,80.0,784.8,1203.4,1360.3,470.9,70.6,627.8,627.8,706.3,154.3,941.8,915.6,549.4,837.1,601.7
"Chicken, sausage",925,194,12.8,9.5,1.9,0.2,15.0,0.0,2.5,52.00,0.00,0.00,0.00,0.71,,0.08,0.17,6.57,4.90,0.15,1.08,9.0,23.0,,1.0,23.3,23.3,999,223,56,18,1.82,0.04,1.10,0.1,1.8,3.285,6.172,3.498,0.000,0.500,2.999,104.0,532.5,880.6,983.0,225.3,127.0,471.0,307.2,450.6,100.4,614.4,716.8,266.2,1003.5,696.3
"Mushroom, canned",927,22,2.5,,0.7,2.4,0.5,0.0,0.0,1.67,10.00,0.00,0.00,0.00,0.00,0.08,0.40,4.10,3.61,0.06,1.00,16.0,23.0,20.0,0.0,2.1,2.1,5,190,18,8,0.84,0.48,0.93,0.1,0,0.114,0.007,0.264,0.000,0.214,0.050,0.0,68.3,110.7,88.5,3.3,9.1,65.3,7.3,85.8,29.5,87.1,53.5,39.2,74.9,105.8
"Wheat bread, white, with sunflower kernels",929,269,9.0,,44.4,5.0,5.1,0.0,0.9,0.17,1.00,,,,,0.26,0.13,1.62,,0.15,,,58.0,,,,,377,186,59,45,1.50,,1.00,0.3,44,0.725,0.865,2.104,0.000,0.101,2.003,,360.0,640.0,210.0,140.0,150.0,450.0,190.0,240.0,97.0,420.0,330.0,190.0,310.0,1000.0
"Chives, raw",930,26,2.4,1.6,1.5,2.4,0.6,0.0,0.0,230.00,1380.00,0.00,0.00,1.60,310.00,0.07,0.20,1.18,0.60,0.22,0.30,0.4,80.0,41.0,0.0,41.0,41.0,14,253,57,13,1.30,0.09,0.46,1.3,0,0.084,0.018,0.378,0.000,0.259,0.119,0.0,92.2,157.4,134.4,32.6,12.3,99.8,65.3,96.0,34.9,122.9,99.8,42.2,111.4,92.2
"Kumquats, raw",932,65,1.1,,9.5,4.4,1.5,0.0,0.0,18.83,113.00,0.00,0.00,,,0.04,0.09,0.43,0.43,0.04,,,17.0,,0.0,45.5,45.5,6,129,69,15,0.47,0.10,0.09,6.5,0,0.247,0.399,0.432,0.000,0.119,0.313,0.0,,,,,,,,,,,,,,
"Tongue, calf, raw",933,160,12.6,12.4,0.0,0.0,12.2,0.0,0.2,0.00,0.00,0.00,0.00,0.10,0.00,0.08,0.28,6.11,3.00,0.13,2.00,3.3,19.0,4.0,4.0,2.7,2.7,93,241,4,17,2.30,0.16,3.40,0.0,0.9,5.044,5.638,0.570,,0.110,0.459,62.0,676.0,1135.7,1460.2,378.6,143.3,621.9,486.7,649.0,186.6,811.2,946.4,351.5,973.4,757.1
"Pork, ham, silverside, 2 mm fat, raw",935,162,19.0,,0.0,0.0,9.6,0.0,0.2,9.00,0.00,0.35,0.11,,,,,,,,,,,,,,,66,,,,,,,0.0,0,3.910,4.410,0.720,,,,58.9,,,,,,,,,,,,,,
"Pork, ham, spiced, deboned",936,203,12.0,9.6,4.6,0.0,15.2,0.0,3.6,1.00,0.00,0.39,0.14,0.10,0.00,0.75,0.23,5.94,3.80,0.44,0.60,2.6,1.5,,0.7,0.0,0.0,1448,245,7,25,0.96,0.08,2.40,4.6,0,6.039,6.825,1.120,,0.090,1.030,47.0,576.0,883.2,1075.2,307.2,80.6,441.6,403.2,499.2,128.6,633.6,710.4,441.6,595.2,460.8
"Parsnip, raw",937,63,2.0,1.3,10.3,4.5,0.5,0.0,0.0,3.33,20.00,0.00,0.00,2.30,,0.09,0.18,3.53,3.20,0.11,0.60,0.1,67.0,57.0,0.0,6.0,6.0,6,635,55,30,0.80,0.14,0.85,4.6,5.2,0.075,0.028,0.297,0.000,0.024,0.273,0.0,66.4,91.6,85.3,19.9,5.1,60.0,31.3,60.0,19.9,85.3,189.6,31.6,50.6,116.9
"Potato, automn (October to January), raw",938,86,2.2,1.7,18.1,1.4,0.2,0.0,0.0,0.83,5.00,0.00,0.00,,,,,0.56,,,,,,,0.0,19.0,19.0,7,,,,,,,1.0,16.65,0.039,0.010,0.112,0.000,0.064,0.048,0.0,81.0,119.7,126.7,29.9,18.0,88.0,42.2,73.9,33.4,130.2,91.5,38.7,63.4,77.4
"Cassava, raw",939,157,1.4,0.7,36.3,1.8,0.3,0.0,0.0,1.00,6.00,0.00,0.00,,,0.09,0.05,1.17,0.85,0.09,0.11,,27.0,,0.0,20.6,20.6,14,271,16,21,0.27,0.10,0.34,1.5,35.3,0.074,0.074,0.048,0.000,0.016,0.031,0.0,26.2,39.2,43.6,11.3,28.3,26.2,17.7,28.3,19.0,34.9,137.3,19.8,28.3,32.7
"Beef, topside ""cap on"", raw",940,162,21.1,17.0,0.0,0.0,8.6,0.0,0.2,6.00,0.00,0.50,0.50,0.29,0.00,0.05,0.17,9.83,6.00,0.50,0.80,0.0,6.0,4.0,1.4,0.0,0.0,61,330,5,22,2.20,0.08,4.50,0.0,0,3.631,4.106,0.348,,0.105,0.243,64.0,1012.8,1620.5,1755.5,540.2,145.2,844.0,709.0,911.5,229.6,1114.1,1282.9,709.0,1080.3,877.8
"Beef, mince, 10-15% fat, raw",942,164,19.4,,0.0,0.0,9.7,0.0,0.2,11.70,0.00,0.50,0.50,0.39,,0.04,0.17,7.79,3.93,0.26,0.34,1.3,9.6,,2.0,,,65,302,7,19,2.25,0.07,4.40,0.0,0,2.796,5.730,0.185,0.140,0.039,0.147,62.8,995.7,1665.7,1832.9,526.3,158.1,862.4,703.3,923.6,232.0,1094.3,1305.7,746.6,1107.3,884.0
"Chewing gum, no sugar added, all types",943,342,0.6,,83.6,2.4,0.0,0.0,0.3,0.00,0.00,0.00,,0.00,,0.00,0.00,0.00,0.00,0.00,,,0.0,,0.0,0.0,,102,87,2355,186,10.00,0.05,0.09,2.4,0,0.000,0.000,0.000,0.000,0.000,0.000,,,,,,,,,,,,,,,
"Beef, neck, raw",944,164,20.8,16.7,0.0,0.0,9.0,0.0,0.2,7.00,0.00,0.50,0.50,0.30,0.00,0.03,0.19,9.67,5.90,0.48,0.80,0.0,6.0,4.0,1.4,0.0,0.0,69,325,5,22,2.20,0.07,5.80,0.0,0,3.803,4.293,0.364,,0.110,0.254,64.0,998.4,1597.4,1730.6,532.5,143.1,832.0,698.9,898.6,226.3,1098.2,1264.6,698.9,1065.0,865.3
"Pork, mince, 5-10% fat, raw",945,168,19.3,,0.3,0.0,9.9,0.0,0.2,5.40,0.00,0.35,0.11,0.52,,0.69,0.21,9.63,5.80,0.31,0.70,3.0,4.3,,0.8,,,63,320,8,20,0.99,0.08,2.34,0.0,0,3.548,4.253,1.090,0.043,0.104,0.985,70.6,1030.0,1560.0,1850.0,530.0,140.0,760.0,700.0,890.0,230.0,1130.0,1230.0,790.0,960.0,760.0
"Potato, old (February to June), raw",946,81,2.2,1.7,16.8,1.4,0.3,0.0,0.0,0.83,5.00,0.00,0.00,,,,,0.56,,,,,,,0.0,9.0,9.0,7,,,,,,,1.7,15.4,0.058,0.015,0.167,0.000,0.096,0.072,0.0,81.0,119.7,126.7,29.9,18.0,88.0,42.2,73.9,33.4,130.2,91.5,38.7,63.4,77.4
"Bacalao, cod, split, salted and dried, raw",948,99,24.3,,0.0,0.0,0.2,0.0,5.1,0.00,0.00,0.00,0.00,0.50,0.00,0.08,0.09,5.72,2.00,0.20,0.34,0.0,0.0,0.0,0.9,0.0,0.0,2033,78,70,12,0.50,0.02,0.38,0.0,0,0.035,0.014,0.083,,0.082,0.000,82.0,1215.2,1803.2,2195.2,744.8,168.6,901.6,940.8,980.0,223.4,1293.6,1489.6,509.6,1411.2,823.2
"Pork, collar, defatted, raw",949,182,17.4,14.4,0.0,0.0,12.5,0.0,0.1,6.23,0.00,0.38,0.12,0.55,11.78,0.75,0.21,8.40,5.18,0.26,0.92,3.2,4.4,,0.8,0.0,0.0,45,327,6,20,0.99,0.10,2.65,0.0,0,5.151,5.513,0.810,0.028,0.048,0.762,65.8,866.6,1328.7,1617.6,462.2,121.3,664.4,606.6,751.0,193.5,953.2,1068.8,664.4,895.4,693.2
"Jerusalem artichoke, raw",950,79,2.1,,15.1,2.6,0.6,0.0,0.0,1.50,9.00,0.00,0.00,0.15,,0.07,,0.24,,0.09,0.38,0.5,36.0,10.0,0.0,6.0,6.0,3,561,28,16,0.60,0.12,0.10,4.1,8.3,0.145,0.012,0.324,0.000,0.067,0.256,0.0,,,,,,,,,14.4,,,,,
"Liqueur, coffee",952,342,0.1,,46.8,0.0,0.3,21.7,0.0,0.00,0.00,0.00,0.00,0.00,0.00,0.00,0.01,0.10,0.10,0.00,0.00,,0.0,,0.0,0.0,0.0,8,30,1,3,0.10,0.02,0.15,46.8,0,0.101,0.022,0.110,0.000,0.008,0.101,0.0,,,,,,,,,,,,,,
"Goose, flesh only, raw",955,158,22.8,19.8,0.7,0.0,7.1,0.0,0.2,30.00,0.00,1.00,1.00,0.00,0.00,0.13,0.38,9.56,4.28,0.64,1.97,,11.0,,0.5,7.2,7.2,69,315,13,24,2.57,0.31,2.34,0.0,0,2.611,1.972,0.957,,0.107,0.851,84.0,1164.8,1929.2,1929.2,618.8,349.4,946.4,873.6,982.8,316.7,1201.2,1456.0,618.8,1274.0,1128.4
"Bread, white, roll",956,281,9.4,8.4,54.7,3.4,2.0,0.0,1.3,0.00,0.00,0.00,0.00,,0.00,0.18,0.08,1.65,1.20,0.07,0.50,1.9,69.7,8.0,0.0,0.0,0.0,502,145,49,21,1.31,0.12,0.75,0.4,53.4,0.652,0.610,0.463,0.000,0.043,0.420,0.0,413.7,711.6,231.7,153.9,182.0,496.4,231.7,281.3,99.3,479.9,380.6,215.1,397.2,1092.2
"Kale, canned",957,30,2.2,1.6,1.4,3.5,0.9,0.0,0.6,740.00,4440.00,0.00,0.00,2.80,,0.02,0.05,0.99,0.40,,,,,,0.0,,,252,,110,,2.80,,,1.0,0,0.116,0.026,0.579,0.000,0.424,0.154,0.0,98.6,169.0,105.6,33.8,7.4,109.1,73.9,95.0,35.2,133.8,105.6,45.8,109.1,133.8
"Spinach, canned",958,22,2.7,1.7,0.7,2.0,0.5,0.0,0.1,416.67,2500.00,0.00,0.00,1.35,360.00,0.01,0.06,1.02,0.30,0.07,0.07,1.0,91.0,60.0,0.0,14.0,14.0,27,346,225,63,1.00,0.10,0.41,0.4,0.09,0.059,0.028,0.314,0.000,0.258,0.056,0.0,86.4,155.5,125.3,27.2,3.9,125.3,64.8,95.0,43.2,125.3,146.9,47.5,108.0,86.4
"Chicken, flesh and skin, raw",959,174,18.0,14.8,0.0,0.0,11.3,0.0,0.2,9.00,0.00,0.20,0.20,0.20,,0.09,0.14,11.26,8.00,0.36,1.20,2.0,23.6,10.0,0.4,1.6,1.6,76,281,11,22,0.58,0.04,0.92,0.0,0,3.396,3.893,3.079,,0.339,2.740,75.0,872.4,1323.6,1684.6,481.3,120.3,691.9,571.6,752.1,195.5,992.7,1203.3,481.3,1052.9,842.3
"Mackerel, in tomato sauce, canned",960,154,11.7,9.4,3.7,0.0,10.2,0.0,0.9,29.05,0.00,2.60,2.60,1.52,2.43,0.05,0.17,6.81,4.75,0.17,0.18,6.1,19.0,3.0,5.9,0.0,0.0,346,357,16,23,0.70,0.11,0.59,3.7,0,2.188,4.051,2.965,,2.631,0.335,75.0,561.8,861.4,1029.9,318.3,73.0,468.1,449.4,524.3,123.6,730.3,580.5,580.5,636.7,430.7
"Mushroom, raw",961,23,1.6,1.2,3.4,0.8,0.1,0.0,0.0,0.00,0.00,0.00,0.00,0.00,0.00,0.04,0.35,3.50,3.01,0.07,1.32,9.8,23.1,20.0,0.0,0.0,,4,349,3,9,0.16,0.20,0.36,0.1,0,0.028,0.002,0.066,0.000,0.054,0.013,0.0,68.3,110.7,88.5,3.3,9.1,65.3,7.3,85.8,29.5,87.1,53.5,39.2,74.9,105.8
"Swiss roll, apricot stuffing",962,327,3.6,,61.3,1.0,7.3,0.0,0.4,2.00,12.00,,,,,,,,,,,,,,,,,142,119,,,1.41,,,44.0,17.3,3.190,2.700,0.910,,,,,,,,,,,,,,,,,,
"Beef, rumpsteak ""cap on"", raw",966,171,19.4,16.4,0.0,0.0,10.4,0.0,0.1,9.00,0.00,0.50,0.50,0.34,0.00,0.06,0.19,9.60,5.90,0.50,0.80,0.0,6.0,4.0,1.4,0.0,0.0,50,340,5,21,2.20,0.09,3.40,0.0,0,4.379,4.968,0.429,,0.130,0.299,64.0,979.2,1566.7,1697.3,522.2,140.4,816.0,685.4,881.3,222.0,1077.1,1240.3,685.4,1044.5,848.6
"Biscuit, sweet",967,435,7.0,6.3,76.6,2.6,10.6,0.0,1.1,0.00,0.00,0.00,0.00,0.40,0.00,0.09,0.02,2.25,1.08,0.07,0.00,1.6,9.6,,0.0,0.0,0.0,432,130,37,19,0.86,0.11,0.46,17.8,54.61,4.499,3.563,1.436,0.061,0.076,1.360,3.0,307.0,528.0,109.3,109.3,97.0,368.4,147.4,208.8,70.0,368.4,245.6,171.9,294.7,835.0
"Cress, garden, raw",969,27,2.8,1.8,1.9,1.6,0.5,0.0,0.2,413.33,2480.00,0.00,0.00,3.60,,0.18,0.20,3.17,2.50,0.30,0.30,0.4,110.0,41.0,0.0,35.0,35.0,63,129,70,44,2.30,0.09,0.46,0.2,0,0.070,0.037,0.293,0.000,0.220,0.073,0.0,98.6,143.4,156.8,35.4,4.5,112.0,67.2,103.0,40.3,134.4,143.4,58.2,103.0,98.6
"Bean sprouts, mung, raw",970,34,3.0,,4.1,1.8,0.2,0.0,0.0,2.00,12.00,0.00,0.00,,33.00,0.08,0.12,1.37,0.75,0.09,0.38,,100.0,,0.0,13.2,13.2,6,149,26,21,0.91,0.16,0.41,2.2,1.8,0.047,0.026,0.067,0.000,0.019,0.049,0.0,131.2,175.0,170.1,34.5,17.0,116.6,53.5,77.8,37.4,131.2,199.3,72.9,63.2,
"Liquorice, sweet",971,345,6.8,,74.9,0.0,2.0,0.0,0.1,0.00,0.00,0.00,0.00,0.00,0.00,0.00,0.00,0.00,0.00,0.00,,,0.0,,0.0,0.0,0.0,22,11,0,26,0.35,0.05,0.00,42.7,0,0.050,0.100,0.300,0.000,0.020,0.210,0.0,,,,,,,,,,,,,,
"Marmalade, raspberry",972,203,0.6,,48.1,1.2,0.6,0.0,0.0,8.33,50.00,0.00,0.00,0.15,0.00,0.00,0.04,0.45,0.20,0.03,0.21,1.8,5.0,5.0,0.0,5.0,5.0,18,44,15,4,0.50,0.12,0.03,46.0,0,0.000,0.000,0.000,0.000,0.000,0.000,0.0,,,,,,,,,15.0,,,,,
"Pork, ham, silverside with rind, raw",973,182,18.5,,0.0,0.0,12.0,0.0,0.1,0.00,0.00,0.36,0.12,0.10,,0.75,0.23,3.80,3.80,0.44,,,1.5,,0.7,0.0,,52,366,7,25,0.89,,3.60,0.0,0,4.690,5.290,0.870,,,,60.1,,,,,,,,,,,,,,
"Herring, pickled, canned",975,192,12.0,10.2,0.0,0.0,16.0,0.0,7.1,42.00,0.00,0.00,0.00,0.90,0.00,0.03,0.08,4.50,2.50,0.15,,,,,4.5,0.0,0.0,2826,123,60,13,0.70,,,0.0,0,2.370,6.600,3.320,,,,58.0,629.8,964.3,1200.5,393.6,63.0,511.7,413.3,570.7,120.0,767.5,708.5,255.8,649.4,492.0
"Parsley root, raw",976,55,2.3,1.7,8.0,4.3,0.6,0.0,0.0,5.00,30.00,0.00,0.00,1.70,,0.10,0.08,2.36,2.00,0.23,,,180.0,,,41.0,41.0,17,562,49,36,1.20,0.23,1.40,5.6,1.7,0.097,0.057,0.325,0.000,0.042,0.283,0.0,69.9,92.0,92.0,26.5,9.2,55.2,36.8,66.2,21.7,110.4,69.9,33.5,69.9,161.9
"Whey, sweet, dried",977,359,12.9,10.7,74.5,0.0,1.1,0.0,2.7,10.00,6.00,,,,,0.52,2.21,4.57,1.26,0.58,5.62,,12.0,12.0,2.4,1.5,1.5,1079,2080,796,176,0.88,,1.97,74.5,0,0.676,0.300,0.035,0.000,0.010,0.026,6.0,709.5,1195.9,1033.8,243.2,263.5,405.4,364.9,831.1,198.6,709.5,385.1,243.2,283.8,790.5
"Bean sprouts, average values, raw",978,37,3.0,,5.1,1.2,0.3,0.0,0.0,5.33,32.00,0.00,0.00,0.20,33.00,0.08,0.12,1.36,0.75,0.08,0.38,,100.0,,0.0,13.2,13.2,6,149,26,21,0.91,0.16,0.41,2.2,1.8,0.068,0.037,0.099,0.000,0.027,0.072,0.0,129.2,172.3,167.5,34.0,16.7,114.9,52.6,76.6,36.8,129.2,196.2,71.8,62.2,
"Margarine, 30 % fat, vegetable fat",979,319,0.5,,11.2,0.0,30.2,0.0,1.9,840.00,360.00,0.00,0.00,14.00,0.00,0.01,0.03,0.14,0.02,0.00,0.05,0.0,,2.0,0.1,0.0,0.0,747,16,10,,,0.00,,0.4,0,5.317,6.922,16.351,0.000,0.401,15.950,0.0,31.0,50.0,40.0,13.0,5.0,25.0,25.0,23.0,7.0,35.0,18.0,14.0,11.0,49.0
"Beef, shoulder, ventral part",980,182,19.9,15.9,0.0,0.0,11.4,0.0,0.2,11.00,0.00,0.60,0.60,0.37,0.00,0.04,0.17,9.57,5.80,0.46,0.78,0.0,6.0,4.0,1.4,0.0,0.0,61,320,5,21,2.10,0.08,4.40,0.0,0,4.803,5.453,0.460,,0.140,0.320,64.0,955.2,1496.5,1655.7,477.6,143.3,764.2,636.8,827.8,226.1,1018.9,1178.1,668.6,1082.6,891.5
"Cod, roe, smoked",981,145,26.8,,0.1,0.0,4.2,0.0,0.7,8.70,0.00,27.20,27.20,,,,,,,,,,,,,,,290,280,8,13,1.11,0.08,4.30,0.1,0,0.560,0.653,1.307,,1.213,0.093,,,,,,,,,,,,,,,
"Pork, sausage, Danish, raw",982,219,12.2,9.8,3.2,0.2,17.4,0.0,1.8,5.00,0.00,0.41,0.15,0.13,0.00,0.20,0.16,3.79,1.80,0.20,0.68,3.7,3.7,1.5,0.8,0.0,0.0,705,218,41,15,1.60,0.08,1.70,1.6,3.1,6.592,7.715,1.607,,0.202,1.404,49.0,509.2,881.3,959.7,293.8,99.9,450.5,372.1,489.6,119.5,626.7,763.8,332.9,920.5,724.6
"Veal, medium fat, raw",984,184,20.0,15.8,0.6,0.0,11.3,0.0,0.2,0.00,0.00,0.20,0.20,0.15,0.00,0.07,0.17,9.47,6.00,0.41,0.90,0.0,6.0,3.0,1.3,1.0,1.0,65,320,8,20,1.60,0.06,4.20,0.0,0,4.729,5.330,0.451,,0.120,0.331,65.0,960.0,1504.0,1568.0,480.0,160.0,768.0,672.0,800.0,208.0,992.0,1248.0,640.0,1024.0,864.0
"Pork, hand with rind, raw",985,189,18.2,15.0,0.0,0.0,12.9,0.0,0.1,1.00,0.00,0.37,0.13,0.44,0.00,0.83,0.14,9.74,6.38,0.32,0.71,3.1,3.9,,0.8,0.0,0.0,48,320,6,20,0.49,0.05,1.40,0.0,0,4.690,5.290,0.870,,,,62.2,902.4,1383.7,1684.5,481.3,126.3,691.8,631.7,782.1,201.5,992.6,1113.0,691.8,932.5,721.9
"Blended spread, 80% fat",986,731,0.2,0.2,0.7,0.0,80.8,0.0,0.9,595.92,236.22,0.73,0.34,5.76,12.90,0.01,0.03,0.13,0.07,0.00,0.08,0.0,2.1,0.0,0.1,0.0,0.0,363,36,14,1,0.01,0.01,0.04,0.5,0,40.806,24.085,6.289,1.059,1.740,4.328,147.9,13.0,21.4,19.6,5.3,1.8,11.2,9.5,9.5,3.1,15.1,7.7,6.3,4.6,21.4
"Marshmellows, unspecified",987,345,5.2,,79.0,0.1,0.9,0.0,0.1,0.00,0.00,0.00,,0.00,,0.00,0.00,0.08,0.08,0.00,,,1.0,,0.0,0.0,,21,2,3,1,0.30,,0.04,69.2,9.8,0.056,0.080,0.047,0.000,0.002,0.045,,,,,,,,,,,,,,,
"Pork, meat, approx. 10 % fat, raw",988,183,18.7,16.0,0.0,0.0,12.0,0.0,0.2,1.00,0.00,0.36,0.12,0.10,0.00,0.75,0.23,7.37,3.80,0.44,0.60,2.6,1.5,,0.7,0.0,0.0,84,366,7,25,0.89,0.10,3.60,0.0,0,4.768,5.388,0.884,,0.071,0.813,65.0,960.0,1472.0,1792.0,512.0,134.4,736.0,672.0,832.0,214.4,1056.0,1184.0,736.0,992.0,768.0
"Pork, brawn, head cheese",989,217,13.0,10.4,0.2,0.0,18.2,0.0,2.1,13.00,0.00,0.42,0.16,0.08,0.00,0.49,0.10,2.73,1.10,0.09,0.90,,3.0,0.0,0.5,0.0,0.0,830,107,10,9,0.95,0.10,1.50,0.0,0.2,8.658,6.825,1.261,,0.202,1.059,53.0,478.4,811.2,1040.0,249.6,81.1,457.6,332.8,457.6,97.8,395.2,873.6,270.4,1456.0,1164.8
"Chicken, wing, flesh and skin, raw",990,187,19.2,15.2,0.1,0.0,12.2,0.0,0.2,44.00,0.00,1.50,1.50,0.50,0.00,0.05,0.09,9.23,5.90,0.35,,,4.0,,0.3,0.7,0.7,73,156,14,18,1.40,,1.33,0.0,0,3.462,5.100,2.601,,0.154,2.448,77.0,890.9,1351.7,1720.3,491.5,122.9,706.6,583.7,768.0,199.7,1013.8,1228.8,491.5,1075.2,860.2
"Wheat bread, high fat seeds, industrially produced",991,267,9.6,8.5,40.0,5.3,6.4,0.0,1.1,0.00,0.00,0.00,0.00,0.50,,0.22,0.08,1.68,1.12,0.21,0.31,3.7,26.0,,0.1,0.0,0.0,439,195,33,43,1.50,0.21,1.14,3.2,36.76,1.313,1.546,2.050,0.000,0.940,1.110,0.0,420.1,722.5,235.2,156.3,184.8,504.1,235.2,285.7,100.8,487.3,386.5,218.4,403.3,1109.0
"Sprat (sardine), in tomato sauce, canned",993,206,15.1,11.8,0.5,0.0,16.0,0.0,1.2,18.00,0.00,12.00,12.00,2.30,0.00,0.03,0.17,5.68,3.30,0.15,0.70,4.0,16.0,6.0,7.8,0.0,0.0,461,376,400,37,2.40,0.24,2.80,0.5,0,4.549,5.895,3.637,,3.137,0.499,38.0,724.8,1111.4,1256.3,434.9,65.2,579.8,579.8,652.3,142.5,869.8,845.6,507.4,773.1,555.7
"Lamb, shoulder, raw",994,231,18.5,15.6,0.0,0.0,17.4,0.0,0.2,45.00,0.00,0.40,0.40,0.70,0.00,0.18,0.30,7.16,4.30,0.20,0.55,1.0,2.6,1.0,1.2,1.0,1.0,66,218,13,17,1.50,0.12,3.42,0.0,0,6.944,5.483,0.459,0.517,0.164,0.294,73.0,917.6,1509.6,1687.2,473.6,156.9,740.0,740.0,799.2,171.7,1006.4,1243.2,532.8,976.8,858.4
"Pheasant, flesh and skin, raw",995,170,21.7,19.8,0.0,0.0,9.3,0.0,0.1,73.00,0.00,1.40,,,0.00,0.07,0.14,11.93,6.43,0.66,0.93,,6.0,,0.8,5.3,5.3,40,243,12,20,1.15,0.07,0.96,0.0,0,3.092,3.991,1.203,,0.041,1.162,71.0,1162.2,1852.3,1888.6,690.1,399.5,944.3,980.6,1089.6,330.5,1198.6,1489.1,799.0,1816.0,1017.0
"Marmalade, strawberry",997,226,0.5,0.4,54.3,1.2,0.5,0.0,0.0,8.33,50.00,,,0.20,0.00,0.00,0.04,0.30,0.20,0.03,0.21,1.8,5.0,5.0,0.0,14.0,14.0,18,44,25,4,0.50,0.12,0.03,58.0,0,0.041,0.069,0.290,0.000,0.138,0.152,0.0,18.4,29.6,26.4,7.7,2.8,16.8,8.0,16.8,6.2,21.6,30.4,8.8,19.2,17.6
"Salmon, Atlantic, wild, cold smoked",998,162,21.4,17.4,0.1,0.0,8.4,0.0,3.7,15.00,0.00,5.00,5.00,1.30,0.00,0.23,0.10,13.48,10.00,1.00,0.71,5.0,26.0,4.0,5.0,0.0,0.0,1466,329,15,30,0.50,0.09,0.40,0.0,0,1.605,2.712,3.411,,3.262,0.150,70.0,1061.4,1575.0,1849.0,856.0,188.3,856.0,719.0,924.5,208.9,1266.9,1746.2,582.1,993.0,719.0
"Pastilles, sugarfree, unspecified",1001,247,1.0,,88.6,1.5,1.1,0.0,0.2,0.00,0.00,,,,,,,,,,,,,,,,,62,222,156,74,3.30,0.18,0.05,10.5,0,0.860,0.280,0.050,0.000,,,,,,,,,,,,,,,,,
"Halibut, greenland, smoked",1002,202,14.3,10.8,0.0,0.0,16.1,0.0,5.8,51.00,0.00,5.00,5.00,0.85,0.00,0.06,0.15,2.67,0.96,0.04,0.72,,12.0,4.0,0.6,0.0,0.0,2336,212,,18,0.20,,0.30,0.0,0,3.177,9.960,1.312,,1.132,0.180,50.0,691.4,1049.0,1239.7,453.0,83.4,548.3,429.1,596.0,102.5,786.7,786.7,262.2,667.5,500.6
"Pork, loin, defatted (approx. 3 mm fat), raw",1003,196,19.2,15.4,0.0,0.0,13.2,0.0,0.1,4.60,0.00,0.36,0.12,0.44,8.15,0.83,0.14,9.82,6.38,0.32,0.71,3.1,3.9,,0.8,0.0,0.0,48,320,6,20,0.49,0.05,1.40,0.0,0,5.011,5.465,1.394,0.060,0.116,1.278,62.2,923.7,1416.4,1724.3,492.6,129.3,708.2,646.6,800.6,206.3,1016.1,1139.2,708.2,954.5,739.0
"Cauliflower, imported, raw",1005,31,3.1,2.0,2.5,2.7,0.4,0.0,0.0,6.67,40.00,0.00,0.00,0.20,16.00,0.06,0.07,1.19,0.60,0.15,0.60,1.5,165.2,32.0,0.0,56.0,56.0,17,286,24,13,0.40,0.04,0.26,1.9,0.01,0.076,0.026,0.217,0.000,0.187,0.030,0.0,109.1,163.7,148.8,38.2,18.4,104.2,64.5,104.2,35.2,178.6,119.0,54.6,109.1,133.9
Fructose,1006,399,0.0,,99.8,0.0,0.0,0.0,0.0,0.00,0.00,0.00,0.00,0.00,0.00,0.00,0.00,0.00,0.00,0.00,0.00,0.0,0.0,,0.0,0.0,0.0,0,0,0,0,0.07,0.01,0.01,95.0,0,0.000,0.000,0.000,0.000,0.000,0.000,0.0,,,,,,,,,,,,,,
"Salt, block",1007,0,0.0,0.0,0.0,0.0,0.0,0.0,96.8,0.00,0.00,0.00,0.00,0.00,0.00,0.00,0.00,0.00,0.00,0.00,0.00,0.0,0.0,0.0,0.0,0.0,0.0,38700,0,230,140,0.30,0.39,0.08,0.0,0,0.000,0.000,0.000,0.000,0.000,0.000,0.0,0.0,0.0,0.0,0.0,0.0,0.0,0.0,0.0,0.0,0.0,0.0,0.0,0.0,0.0
"Toffees, mixed",1008,482,2.1,,71.4,0.0,20.9,0.0,0.8,0.00,0.00,0.00,0.00,0.00,0.00,0.00,0.00,0.40,0.00,0.00,0.00,0.0,0.0,0.0,0.0,0.0,0.0,320,210,95,25,1.50,0.40,0.32,66.8,0.91,11.200,8.900,0.800,0.000,0.070,,0.0,,,,,,,,,23.9,,,,,
"Liver pâté, pork, Danish",1010,238,11.3,9.2,4.9,0.4,19.2,0.0,1.8,3950.00,0.00,0.00,0.00,0.26,13.58,0.13,1.02,6.50,4.40,0.21,1.60,24.0,170.0,20.0,9.9,29.0,29.0,718,170,26,13,5.57,0.41,2.50,3.7,1,6.899,8.199,2.259,0.000,0.198,2.061,110.0,522.8,973.4,775.1,234.3,90.1,522.8,360.5,468.7,126.2,667.0,667.0,288.4,775.1,667.0
Apple jelly,1011,243,0.5,0.4,59.0,0.0,0.5,0.0,0.1,0.00,,,,,,,,0.08,,,,,,,,,,20,,,,,,,59.0,0,0.098,0.016,0.286,0.000,0.060,0.226,,16.0,25.6,24.0,4.8,1.6,12.8,8.0,14.4,4.8,19.2,11.2,8.0,14.4,15.2
"Currant, black, jelly",1013,243,0.5,,59.0,0.0,0.5,0.0,0.1,0.00,,0.00,0.00,,,,,0.07,,,,,,,,,,20,,,,,,,59.0,0,0.092,0.031,0.277,0.000,0.092,0.185,,,,,,,,,,4.4,,,,,
"Bread, white, roll, coarse grain",1014,286,9.6,,50.3,5.0,4.0,0.0,1.3,0.00,,,,0.50,,0.19,0.10,2.15,,0.10,,,57.7,,,,,526,193,53,37,1.52,0.21,1.00,2.7,43.0266666666667,0.923,0.820,1.050,0.000,0.255,0.795,,368.0,752.5,247.5,168.5,238.0,538.0,310.0,296.0,129.0,448.0,418.0,234.0,401.0,1265.0
"Butter, salt not added",1015,743,0.2,0.4,0.0,0.0,82.5,0.0,0.0,738.83,365.00,0.73,0.73,1.90,0.00,0.01,0.04,0.21,0.10,0.00,0.11,0.0,3.0,0.0,0.0,0.0,0.0,14,20,15,2,0.04,0.00,0.15,0.6,0,53.413,21.234,3.277,,1.559,1.718,220.0,28.9,47.6,44.5,12.5,3.8,25.0,21.1,21.1,6.7,34.3,17.2,14.0,10.1,48.4
Goose fat,1016,898,0.0,0.0,0.0,0.0,99.8,0.0,0.0,144.00,0.00,,,2.70,,0.00,0.00,0.00,0.00,0.00,0.00,,0.0,,0.0,0.0,0.0,0,0,0,0,0.00,,0.00,0.0,0,27.700,57.227,10.481,,0.507,9.974,100.0,0.0,0.0,0.0,0.0,0.0,0.0,0.0,0.0,0.0,0.0,0.0,0.0,0.0,0.0
"Lamb, leg with fat, raw",1017,201,18.4,15.6,0.0,0.0,14.1,0.0,0.2,45.00,0.00,0.40,0.40,0.70,0.00,0.18,0.31,7.16,4.30,0.20,0.55,1.0,2.0,0.7,1.2,0.0,0.0,70,270,5,22,1.40,0.12,2.60,0.0,0,6.851,5.320,0.660,,0.330,0.330,74.0,917.6,1509.6,1687.2,473.6,156.9,740.0,740.0,799.2,171.7,1006.4,1243.2,532.8,976.8,858.4
"Plant margarine, 80%, fry/bake",1018,726,0.1,,0.9,0.0,80.2,0.0,1.5,840.00,360.00,0.00,0.00,8.50,0.00,0.01,0.03,0.18,0.00,0.00,0.00,0.0,2.0,2.0,0.0,0.0,0.0,592,52,10,2,0.06,0.01,0.05,0.0,0,31.284,27.544,15.922,0.000,3.120,12.802,0.0,46.0,74.0,60.0,19.0,7.0,38.0,38.0,34.0,11.0,51.0,28.0,21.0,16.0,74.0
"Beef, chuck, raw",1019,193,18.8,15.6,0.0,0.0,13.1,0.0,0.2,13.00,0.00,0.60,0.60,0.43,0.00,0.04,0.19,9.39,5.70,0.46,0.75,0.0,6.0,4.0,1.4,0.0,0.0,62,310,5,21,2.20,0.07,4.40,0.0,0,5.195,4.798,0.213,0.314,0.036,0.177,65.0,935.0,1464.8,1620.7,467.5,140.3,748.0,623.3,810.3,221.3,997.3,1153.2,654.5,1059.7,872.7
"Margarine, 80 % fat, table use, soft, vegetable fat",1020,727,0.8,,1.4,0.0,79.8,0.0,1.4,840.00,360.00,0.00,0.00,32.50,0.00,0.01,0.03,0.21,0.02,0.00,0.08,0.0,2.0,2.0,0.1,0.0,0.0,550,38,10,2,0.09,0.00,0.05,0.0,0,17.544,18.074,41.686,0.000,0.700,40.986,0.0,46.0,74.0,60.0,19.0,7.0,38.0,38.0,34.0,11.0,51.0,28.0,21.0,16.0,74.0
"Pork, ham, smoked, boiled",1021,199,18.3,15.5,0.0,0.0,14.0,0.0,5.1,3.00,0.00,0.38,0.13,0.10,0.00,0.75,0.23,7.22,3.80,0.44,0.60,2.6,1.5,,0.6,0.0,0.0,2040,261,7,25,1.77,0.08,1.80,0.0,0,5.535,6.247,1.028,,0.081,0.946,62.0,966.2,1434.7,1639.7,497.8,155.2,732.0,673.4,849.1,205.0,1054.1,1171.2,644.2,1024.8,790.6
"Chocolate, bitter",1022,549,4.3,3.3,61.0,0.9,31.8,0.0,0.0,6.17,37.00,0.00,0.00,0.00,0.00,0.08,0.15,1.48,0.60,0.05,0.19,3.0,7.0,4.0,0.0,0.0,0.0,13,417,64,121,2.76,0.95,2.20,54.3,5.3,18.913,10.029,1.238,0.000,0.086,1.152,5.0,173.8,265.3,228.7,49.4,43.9,201.2,74.1,164.6,53.1,265.3,228.7,74.1,182.9,237.8
"Soup, tomato, ready to eat",1023,72,1.6,1.3,12.7,0.4,1.5,0.0,1.7,0.00,,0.00,,,,0.07,0.04,1.37,1.10,0.09,0.12,,12.0,,0.0,53.0,53.0,695,210,11,6,1.40,0.20,0.19,7.3,1.7,0.263,0.345,0.769,0.000,0.132,0.637,0.0,47.2,78.6,39.3,18.1,22.0,55.0,34.1,41.9,16.0,52.4,47.2,28.8,41.9,107.4
"Herring, pickled, spiced, canned",1024,229,12.4,9.8,10.7,0.0,15.2,0.0,3.0,17.00,,13.00,13.00,1.60,,0.03,0.17,2.31,,0.20,,,1.8,,6.2,0.0,,1180,44,30,6,0.92,,0.64,11.0,0,3.430,7.362,2.919,,2.753,0.166,,615.0,1011.8,1091.2,357.1,61.5,535.7,357.1,555.5,138.9,753.9,714.2,317.4,575.4,476.2
"Pork, minced and bound with flour and egg, boiled, frozen",1025,218,15.8,,3.9,0.0,15.5,0.0,0.6,,,,,,,0.06,0.10,2.50,2.50,0.14,0.21,,,,1.1,,,247,,35,,1.25,,,0.0,3.9,6.350,6.350,1.780,0.071,,,,,,,,,,,,,,,,,
"Herring, smoked",1026,216,20.5,17.3,0.0,0.0,14.9,0.0,1.5,15.90,0.00,13.65,13.65,1.10,0.00,0.00,0.26,8.48,4.85,0.31,0.67,6.8,10.0,,13.0,0.0,0.0,614,290,43,30,0.90,0.10,0.87,0.0,0,3.083,7.091,3.135,,2.871,0.263,58.0,1037.5,1673.3,2041.5,669.3,150.6,836.7,736.3,970.5,217.5,1238.3,1171.3,468.5,937.1,769.7
"Pork, ham, silverside (M. Biceps Femoris), 5 mm rind, raw",1029,222,19.2,15.3,5.3,0.0,13.8,0.0,0.2,1.00,0.00,0.38,0.13,0.10,0.00,0.81,0.21,6.73,3.30,0.31,0.60,2.6,1.5,,0.7,0.0,0.0,66,280,6,18,0.66,0.10,3.60,0.0,0,5.488,6.190,1.018,,0.081,0.937,65.0,921.6,1413.1,1720.3,491.5,129.0,706.6,645.1,798.7,205.8,1013.8,1136.6,706.6,952.3,737.3
"Salmon, Atlantic, wild, gravad",1031,178,21.2,18.0,2.7,0.0,9.2,0.0,4.8,30.00,0.00,30.00,30.00,1.30,0.00,0.20,0.15,10.73,7.00,,,,,,,0.0,0.0,1930,295,26,,0.38,,,2.8,0,1.738,2.603,2.376,,2.067,0.310,70.0,1051.5,1662.1,1899.5,644.5,135.7,848.0,712.3,949.8,223.9,1221.1,2374.4,474.9,1017.6,746.2
"Margarine, 80 % fat, table use, vegetable fat",1032,731,0.8,,0.6,0.0,80.6,0.0,1.4,840.00,360.00,0.00,0.00,32.50,0.00,0.01,0.03,0.21,0.02,0.00,0.08,0.0,2.0,2.0,0.1,0.0,0.0,550,38,10,2,0.09,0.00,0.05,0.0,0,31.563,23.447,18.790,0.000,1.499,17.291,0.0,46.0,74.0,60.0,19.0,7.0,38.0,38.0,34.0,11.0,51.0,28.0,21.0,16.0,74.0
"Anchovy, pickled, canned",1034,215,13.4,10.5,11.0,0.0,13.0,0.0,9.0,390.00,0.00,14.00,14.00,0.90,0.00,0.01,0.12,3.42,1.10,0.18,,,16.0,13.0,3.5,0.0,0.0,3606,165,145,18,1.80,0.16,3.40,10.0,0,3.339,4.331,2.677,,2.099,0.579,90.0,707.5,1050.6,1072.0,407.4,42.9,578.9,493.1,557.4,139.4,793.3,707.5,300.2,793.3,536.0
"Sprat, pickled, canned",1035,215,13.4,10.5,11.0,0.0,13.0,0.0,9.0,390.00,0.00,14.00,14.00,2.31,0.00,0.01,0.12,3.42,1.10,0.18,,,16.0,13.0,3.5,0.0,0.0,3606,165,145,18,1.80,0.16,3.40,0.0,0,3.339,4.331,2.677,,2.099,0.579,38.0,707.5,1050.6,1072.0,407.4,42.9,578.9,493.1,557.4,139.4,793.3,707.5,300.2,793.3,536.0
"Margarine, 80 % fat, for frying/baking, animal and vegetable fat",1036,737,0.0,,0.0,0.0,81.9,0.0,1.5,840.00,360.00,0.00,0.00,8.50,0.00,0.01,0.03,0.00,0.00,0.00,0.00,0.0,2.0,2.0,0.0,0.0,0.0,592,52,10,2,0.06,0.01,0.05,0.1,0,31.442,21.329,11.916,5.407,2.503,9.413,0.0,,,,,,,,,,,,,,
"Chicken, hen, flesh and skin, raw",1037,214,17.1,14.0,0.6,0.0,15.9,0.0,0.1,38.00,0.00,,,0.30,0.00,0.06,0.12,9.73,6.57,0.32,0.89,2.0,9.0,3.0,0.3,0.0,0.0,51,187,10,17,1.01,0.14,1.35,0.0,0,4.470,6.700,3.396,,0.205,3.191,73.0,850.0,1233.9,1398.4,466.1,230.3,658.1,548.4,712.9,189.2,822.6,1069.4,493.6,1124.2,850.0
"Margarine, 80 % fat, table use, animal and vegetable fat",1038,739,0.0,,0.0,0.0,82.1,0.0,1.1,840.00,360.00,0.00,0.00,17.20,0.00,0.01,0.03,0.00,0.00,0.00,0.00,0.0,2.0,2.0,0.0,0.0,0.0,454,29,10,,0.06,0.00,0.05,0.0,0,33.698,31.098,8.599,2.600,0.900,7.700,,,,,,,,,,0.0,,,,,
"Beef, brisket, anterior part, raw",1040,167,18.9,16.3,0.0,0.0,10.2,0.0,0.1,2.43,0.00,0.31,0.04,0.22,7.38,0.03,0.20,9.23,5.17,0.17,2.59,2.1,10.4,4.0,1.2,0.0,0.0,53,318,4,20,1.60,0.05,3.30,0.0,0,3.726,4.297,0.144,0.170,0.000,0.144,58.1,886.8,1571.7,1748.3,399.0,158.3,848.7,647.0,902.5,243.8,961.3,1215.0,682.2,1012.0,786.3
"Poularde, flesh and skin, raw",1041,190,19.0,15.5,3.7,0.0,11.0,0.0,0.1,38.00,0.00,1.50,1.50,,0.00,0.06,0.12,10.30,6.80,0.35,0.91,,6.0,,0.3,1.6,1.6,39,101,11,8,0.90,0.05,1.31,0.0,0,3.101,4.652,2.367,,0.143,2.224,75.0,942.4,1368.0,1550.4,516.8,255.4,729.6,608.0,790.4,209.8,912.0,1185.6,547.2,1246.4,942.4
"Beef, shoulder, dorsal part, raw",1042,205,19.2,15.4,0.0,0.0,14.2,0.0,0.2,15.00,0.00,0.60,0.60,0.45,0.00,0.04,0.17,9.34,5.70,0.45,0.74,0.0,6.0,4.0,1.4,0.0,0.0,69,309,5,21,2.00,0.07,4.60,0.0,0,5.999,6.779,0.570,,0.170,0.400,65.0,921.6,1443.8,1597.4,460.8,138.2,737.3,614.4,798.7,218.1,983.0,1136.6,645.1,1044.5,860.2
"Pork, ham sausage",1043,222,15.1,,2.7,0.0,16.8,0.0,2.1,0.00,0.00,,,,0.00,,,,,,,,,,,0.0,0.0,821,278,,,1.00,0.11,1.70,0.0,3.8,5.740,7.270,1.570,,,,57.0,,,,,,,,,,,,,,
"Margarine, (more than 50 % fat), average",1044,742,0.0,,0.0,0.0,82.4,0.0,1.1,840.00,360.00,0.00,0.00,17.20,0.00,0.01,0.03,0.00,0.00,0.00,0.00,0.0,2.0,2.0,0.0,0.0,0.0,454,29,10,2,0.06,0.00,0.05,0.6,0,23.594,21.894,23.494,6.698,1.700,21.794,,,,,,,,,,0.0,,,,,
"Cream pastry, with jam, marzipan-covered",1045,359,3.1,,36.6,1.2,22.0,0.0,0.2,107.33,,0.80,,0.79,,0.10,0.20,1.60,1.60,0.00,,,18.0,,0.4,1.1,,96,110,52,30,0.90,,0.70,31.1,5.5,12.522,6.824,1.444,,0.099,1.345,,,,,,,,,,,,,,,
"Rolls, wheat with coarse meal, high fat seeds, industrially produced",1047,280,9.0,8.0,46.2,4.4,5.5,0.0,1.0,0.00,0.00,0.00,0.00,0.50,,0.22,0.08,1.58,1.72,0.12,0.37,4.9,38.4,,0.1,0.0,0.0,380,186,45,39,1.31,0.19,1.01,4.1,42.0947368421053,0.953,1.288,2.652,0.000,0.449,2.203,0.0,395.5,680.3,221.5,147.1,174.0,474.6,221.5,269.0,94.9,458.8,363.9,205.7,379.7,1044.2
"Milk, skimmed, organic",1048,35,3.5,3.2,4.5,0.0,0.3,0.0,0.1,3.17,1.00,0.01,0.01,0.01,0.00,0.04,0.17,0.88,0.09,0.05,0.36,2.0,4.8,4.0,0.5,1.3,1.3,44,158,124,12,0.03,0.01,0.41,4.8,0,0.194,0.081,0.008,,0.002,0.006,3.0,203.1,334.9,312.9,87.8,26.9,175.7,148.2,148.2,47.2,241.6,120.8,98.8,71.4,340.4
"Milk, skimmed",1049,35,3.5,3.2,4.5,0.0,0.3,0.0,0.1,3.17,1.00,0.01,0.01,0.01,0.00,0.04,0.17,0.88,0.09,0.05,0.36,2.0,4.8,4.0,0.5,1.3,1.3,44,158,124,12,0.03,0.01,0.41,4.8,0,0.194,0.081,0.008,,0.002,0.006,3.0,203.1,334.9,312.9,87.8,26.9,175.7,148.2,148.2,47.2,241.6,120.8,98.8,71.4,340.4
"Bamboo shoots, raw",1051,37,3.6,,3.9,2.8,0.1,0.0,0.0,1.33,8.00,0.00,0.00,,,0.04,0.12,0.50,0.50,,,,,,0.0,11.0,11.0,0,500,18,,0.30,,,3.8,0,0.040,0.000,0.090,0.000,,,0.0,,,,,,,,,,,,,,
"Butter, salt added",1052,741,0.7,0.6,1.2,0.0,81.5,0.0,0.9,779.42,362.00,0.64,0.20,1.78,0.00,0.01,0.04,0.25,0.10,0.00,0.11,0.0,3.0,0.0,0.2,0.0,0.0,372,29,17,2,0.01,0.02,0.04,0.6,0,53.536,16.980,2.202,3.520,0.536,1.345,220.0,37.7,62.2,58.1,16.3,5.0,32.6,27.5,27.5,8.8,44.9,22.4,18.4,13.3,63.2
"Beef, meat, approx. 15 % fat, raw",1053,242,19.7,15.8,8.9,0.0,14.2,0.0,0.2,15.00,0.00,0.70,0.70,0.35,0.00,0.05,0.20,9.33,5.60,0.32,0.47,0.0,5.5,4.0,1.4,1.0,1.0,69,309,5,22,2.20,0.07,4.60,0.0,0,5.930,6.715,0.561,,0.168,0.393,66.0,945.6,1481.4,1639.0,472.8,141.8,756.5,630.4,819.5,223.8,1008.6,1166.2,661.9,1071.7,882.6
"Herring, pickled, in madeira sauce, canned",1054,232,14.0,,8.0,0.0,16.0,0.0,3.0,50.00,0.00,11.02,11.02,0.60,0.00,0.00,0.20,5.30,5.30,0.10,,,1.8,,,0.0,0.0,1180,290,150,15,2.00,,0.39,8.0,0,2.370,6.600,3.320,,2.530,0.890,58.0,,,,,,,,,,,,,,
"Passion fruit, raw",1055,104,2.8,,15.2,8.0,1.8,0.0,0.0,105.25,631.50,0.00,0.00,1.80,,0.00,0.13,1.50,1.50,0.02,,,10.0,,0.0,39.5,39.5,3,226,6,31,0.74,,0.75,7.3,0,0.080,0.120,0.360,0.000,0.150,0.210,0.0,,,,,,,,,,,,,,
"Pork sausage, bierwurst",1056,228,14.6,,3.7,0.2,17.2,0.0,9.0,0.00,0.00,,,,0.00,,,,,,,,,,,0.0,0.0,3583,287,,,2.86,0.09,5.50,0.0,3.8,5.870,7.440,1.600,,,,56.0,,,,,,,,,,,,,,
"Jam, fruit, average values",1057,267,0.6,,65.7,1.0,0.0,0.0,0.0,0.00,0.00,0.00,0.00,0.00,,0.00,0.00,0.00,0.00,0.00,0.00,0.0,0.0,0.0,0.0,10.0,10.0,16,110,24,10,0.50,0.23,0.10,65.7,0,0.000,0.000,0.000,0.000,0.000,0.000,0.0,,,,,,,,,,,,,,
"Pork, flank, raw",1058,217,17.9,14.3,0.0,0.0,16.1,0.0,0.2,1.00,0.00,0.40,0.14,0.10,0.00,0.43,0.15,6.10,2.80,0.26,0.60,2.6,1.5,,0.7,0.0,0.0,60,200,6,14,0.58,0.10,3.60,0.0,0,6.403,7.218,1.191,,0.092,1.099,73.0,873.6,1310.4,1601.6,436.8,119.4,669.8,611.5,757.1,198.0,961.0,1077.4,669.8,931.8,728.0
"Swiss roll, raspberry stuffing",1059,379,3.6,,56.9,1.4,14.9,0.0,0.5,0.00,,0.47,,2.33,,0.02,0.07,0.46,0.46,0.04,,,13.6,,0.1,0.0,,184,84,45,4,0.39,,0.24,40.2,16.7,7.790,4.900,1.490,,0.350,1.150,,,,,,,,,,,,,,,
"Pork, ham, bayonne style, deboned",1060,193,20.8,16.6,0.4,0.0,12.0,0.0,3.6,0.00,0.00,0.36,0.12,0.10,0.00,0.75,0.23,7.52,3.80,0.44,0.60,2.6,1.5,,0.7,0.0,0.0,1457,231,7,25,0.95,0.08,1.90,0.0,0,4.768,5.388,0.884,,0.071,0.813,67.0,998.4,1530.9,1863.7,532.5,139.8,765.4,698.9,865.3,223.0,1098.2,1231.4,765.4,1031.7,798.7
"Sugar pea (Snow pea, Mangetout) raw",1061,48,3.8,,6.4,2.3,0.3,0.0,0.0,49.54,297.25,0.00,,,,0.19,,,,0.11,,,60.3,,,66.8,66.8,2,190,45,27,1.13,,0.66,2.7,0.8,0.040,0.010,0.110,0.000,0.020,0.090,,,,,,,,,,,,,,,
"Swiss roll, unspecified",1062,351,3.5,,61.9,1.0,9.7,0.0,0.5,0.00,,0.94,,,,0.04,0.07,0.40,0.40,,,,,,0.0,0.0,0.0,194,103,42,12,1.38,0.15,0.66,44.0,15.99,4.237,3.585,1.210,0.029,0.092,1.118,,,,,,,,,,,,,,,
"Bread, roll, danish",1063,294,9.7,8.7,54.0,3.5,3.6,0.0,1.1,0.00,0.00,0.00,0.00,0.50,0.00,0.16,0.09,1.81,1.20,0.08,0.50,1.9,62.1,8.0,0.0,0.0,0.0,435,153,67,26,1.32,0.14,0.79,0.4,51.1705555555556,0.676,0.631,1.288,0.000,0.052,1.236,0.0,406.4,694.2,270.9,159.2,169.3,524.9,203.2,287.9,108.4,524.9,406.4,220.1,372.5,1134.5
"Beef, top, end of rump, raw",1064,271,17.0,13.6,1.0,0.0,22.1,0.0,0.2,14.00,0.00,0.60,0.60,0.44,0.00,0.06,0.18,8.91,5.70,0.45,0.70,0.0,5.6,4.0,1.4,0.0,0.0,62,310,5,21,2.10,0.07,4.30,0.0,0,8.070,9.208,0.336,0.264,0.041,0.295,65.0,814.5,1276.1,1411.8,407.3,122.2,651.6,543.0,705.9,192.8,868.8,1004.6,570.2,923.1,760.2
"Liquorice, average values",1065,359,3.8,,83.2,0.0,1.2,0.0,0.4,0.00,0.00,0.00,0.00,0.00,0.00,0.04,0.11,0.20,0.20,0.00,,,0.0,,0.0,0.0,0.0,154,217,74,38,3.50,0.13,0.10,51.4,31.9,0.000,0.000,0.000,0.000,0.000,0.000,0.0,,,,,,,,,,,,,,
"Milk, skimmed, 0.5 % fat",1066,37,3.5,3.2,4.5,0.0,0.5,0.0,0.1,4.57,2.21,0.08,0.08,0.01,0.00,0.04,0.17,0.87,0.09,0.05,0.36,1.9,5.8,3.4,0.5,1.3,1.3,44,157,124,12,0.03,0.01,0.41,4.8,0,0.351,0.115,0.007,,0.002,0.005,3.5,200.0,340.0,310.0,88.0,27.0,180.0,150.0,150.0,47.0,240.0,120.0,99.0,71.2,340.0
"Beef, mince, 15-20% fat, raw",1067,217,17.8,,0.0,0.0,16.2,0.0,0.2,12.37,0.00,0.60,0.60,0.40,,0.04,0.15,3.74,3.74,0.24,0.31,1.3,9.2,,1.8,,,65,277,8,18,1.97,0.06,3.91,0.0,0,6.921,6.893,0.416,0.433,0.084,0.331,67.0,,,,,,,,,,,,,,
"Milk, buttermilk with lemon",1068,50,3.3,2.9,7.5,0.0,0.5,0.0,0.1,4.33,2.00,0.01,0.01,0.01,0.00,0.04,0.18,0.87,0.09,0.04,0.30,1.4,2.9,,0.3,0.4,0.4,41,147,114,11,0.04,0.01,0.41,7.5,0,0.324,0.135,0.014,,0.004,0.010,2.0,186.1,299.9,274.0,82.7,21.2,165.4,144.8,139.6,46.5,222.3,108.6,93.1,62.0,320.5
"Beef, T-bone steak, raw",1069,211,20.3,16.2,0.0,0.0,14.4,0.0,0.2,15.00,0.00,0.60,0.60,0.46,0.00,0.06,0.20,9.54,5.70,0.45,0.70,0.0,6.0,4.0,1.4,0.0,0.0,62,310,5,21,1.90,0.07,4.30,0.0,0,6.068,6.878,0.590,,0.180,0.410,68.0,974.4,1526.6,1689.0,487.2,146.2,779.5,649.6,844.5,230.6,1039.4,1201.8,682.1,1104.3,909.4
"Veal and pork, mince, 15-20% fat, raw",1070,218,17.6,,0.0,0.0,16.4,0.0,0.2,8.95,0.00,1.10,1.10,0.50,,0.41,0.18,4.71,4.71,0.27,0.56,2.7,8.3,,1.3,,,64,293,8,18,1.20,0.07,2.78,0.0,0,6.266,6.998,1.345,0.224,0.136,1.209,67.8,,,,,,,,,,,,,,
"Cream pastry, shortbread with chocolate glaze",1071,370,3.6,,38.8,0.9,22.0,0.0,0.3,155.83,,0.50,,1.34,,0.00,0.10,0.90,0.90,0.00,,,7.1,,0.2,0.1,,130,96,38,12,0.58,,0.32,22.0,16.8,11.723,7.150,1.942,,0.317,1.625,,,,,,,,,,,,,,,
"Pork sausage, jagdwurst",1074,237,13.1,,1.2,0.0,20.0,0.0,2.8,0.00,0.00,0.60,,0.20,0.00,0.20,0.10,2.80,2.80,0.10,,,2.7,,0.4,0.0,0.0,1115,208,7,20,0.60,0.07,2.60,0.1,0.8,8.100,9.000,1.500,,0.100,,55.0,,,,,,,,,,,,,,
"Coffee bean, roasted, ground",1075,399,11.7,,43.6,19.8,15.4,0.0,0.2,1.00,6.00,0.00,0.00,2.70,0.00,0.07,0.20,125.00,15.00,0.00,0.23,,22.0,,0.0,0.0,0.0,74,2020,120,240,4.10,1.55,0.79,0.0,28.5,6.100,1.400,6.600,0.000,,,0.0,,,,,,,,,6600.0,,,,,
"Pork, mince, 15-20% fat, raw",1076,224,17.1,,0.0,0.0,17.2,0.0,0.2,8.95,0.00,0.41,0.15,0.58,,0.64,0.19,8.89,5.06,0.28,4.05,3.5,5.5,,0.9,,,61,301,7,19,0.92,0.08,2.24,0.0,0,6.322,7.627,1.849,0.087,0.174,1.674,70.3,1030.0,1560.0,1850.0,530.0,140.0,760.0,700.0,890.0,230.0,1130.0,1230.0,790.0,960.0,760.0
"Pork, thin belly, lean, approx. 2 mm rind, raw",1077,228,17.4,13.9,0.0,0.0,17.6,0.0,0.2,8.95,0.00,0.41,0.15,0.10,0.00,0.48,0.18,5.99,2.80,0.26,0.60,2.6,1.5,,0.7,0.0,0.0,60,200,6,14,0.60,0.10,3.60,0.0,0,7.002,7.887,1.303,,0.102,1.201,68.0,845.4,1268.1,1549.9,422.7,115.5,648.2,591.8,732.7,191.6,930.0,1042.7,648.2,901.8,704.5
"Herring, pickled, in curry sauce, canned",1078,279,7.7,,11.6,0.0,22.4,0.0,2.3,3.30,,6.30,6.30,,0.00,,,,,,,,1.8,,,0.0,0.0,900,72,19,7,0.86,0.08,0.34,14.3,0,3.001,10.504,7.103,,2.601,4.502,58.0,,,,,,,,,,,,,,
"Cocoa, instant, med milk, powder",1079,382,5.5,4.0,82.0,0.5,3.4,0.0,0.7,0.00,0.00,0.00,0.00,0.10,0.00,0.06,0.04,1.88,0.50,0.02,0.89,,23.0,9.0,0.0,0.0,0.0,270,1470,33,155,7.00,1.10,1.90,70.3,3.3,1.470,0.830,0.070,,0.000,0.070,0.0,189.2,299.2,198.0,82.7,101.2,220.0,149.6,198.0,82.7,290.4,347.6,82.7,220.0,290.4
"Plaice, fillet, battered, deepfried",1080,251,15.2,,17.0,1.7,13.2,0.0,0.8,0.00,0.00,,,,0.00,,,,,,,,,,,0.0,0.0,308,246,,,,0.05,0.89,1.0,16,3.600,5.400,2.900,,,,71.5,,,,,,,,,,,,,,
Rice bran,1081,398,13.4,10.6,28.7,21.0,20.9,0.0,0.0,0.00,,,,,,2.75,0.28,3.14,34.00,,,,,,,0.0,0.0,5,1485,57,,18.54,,,0.9,27.8,4.170,7.550,7.460,0.000,,,0.0,583.4,1032.2,493.7,314.2,157.1,718.1,381.5,448.8,188.5,875.2,1009.8,291.7,605.9,605.9
"Beef, sirloin, raw",1082,212,19.9,15.9,0.4,0.0,14.5,0.0,0.1,4.22,0.00,1.09,0.17,0.44,0.00,0.03,0.18,9.37,5.29,0.21,2.95,2.5,10.6,4.0,1.1,0.0,0.0,46,305,7,19,1.52,0.03,3.00,0.0,0,5.553,6.130,0.195,0.271,0.000,0.195,56.7,867.8,1526.7,1711.7,408.7,161.0,835.7,622.0,853.3,244.7,946.5,1185.0,728.2,977.2,801.3
"Pastry, garland cake",1083,443,9.2,,57.7,2.1,19.0,0.0,0.2,8.90,,0.00,,8.50,,0.10,0.20,4.10,4.10,0.00,,,43.0,,0.0,0.0,0.0,61,201,43,100,1.40,,1.10,55.0,2.7,1.300,10.000,3.600,,0.000,,,,,,,,,,,,,,,,
"Wheat germ, raw",1084,379,27.9,24.5,39.1,12.3,9.6,0.0,0.0,0.00,0.00,0.00,0.00,11.00,39.00,1.45,0.61,5.58,5.80,1.42,1.20,,190.0,,0.0,0.0,0.0,6,1046,41,259,5.00,1.10,17.80,15.7,26.1,1.359,1.089,4.272,0.000,0.273,3.999,0.0,1005.0,2010.0,717.9,473.8,765.7,1340.0,909.3,813.6,335.0,1340.0,1387.8,622.1,1196.4,3158.5
"Haddock, breaded, fried",1087,198,25.0,22.0,1.8,0.2,10.0,0.0,1.3,10.00,0.00,1.93,,2.71,0.00,0.04,0.11,8.67,4.00,0.08,,,18.6,,0.9,2.0,2.0,530,300,100,32,0.50,,0.53,1.0,0.2,0.970,4.370,2.050,,0.550,1.490,63.0,1320.0,2120.0,2440.0,720.0,280.0,1040.0,880.0,1200.0,280.0,1440.0,1600.0,720.0,1160.0,1040.0
"Tuna, in oil, canned",1088,202,24.5,19.9,2.5,0.0,10.4,0.0,1.5,6.00,0.00,2.10,2.10,1.20,0.00,0.03,0.10,16.98,12.40,0.43,0.32,3.0,15.0,7.0,2.2,0.0,0.0,580,288,10,32,1.38,0.05,1.24,0.0,0,1.642,2.330,5.650,,0.675,4.975,100.0,1295.4,1844.9,2237.4,706.6,168.8,981.3,863.6,1059.8,274.8,1452.4,1373.9,1216.9,1059.8,824.3
"Black salsify, raw",1089,75,3.3,,11.6,7.0,0.2,0.0,0.0,3.33,20.00,0.00,0.00,0.80,,0.15,0.05,18.30,0.30,0.07,,,31.0,,0.0,3.0,3.0,5,387,24,32,0.70,0.12,0.20,6.6,3.9,0.000,0.100,0.200,0.000,0.022,0.131,0.0,,,,,,,,,1080.0,,,,,
"Mutton, shoulder, raw",1090,228,18.7,15.7,0.0,0.0,17.0,0.0,0.2,45.00,0.00,0.40,0.40,0.43,0.00,0.17,0.27,8.29,5.40,0.20,0.55,1.0,2.0,1.0,5.0,1.0,1.0,84,301,8,16,1.80,0.10,3.50,0.0,0,8.244,6.435,0.790,,0.395,0.395,78.0,926.9,1524.9,1704.3,478.4,158.5,747.5,747.5,807.3,173.4,1016.6,1255.8,538.2,986.7,867.1
"Chicken, flesh and skin, grilled",1091,194,24.2,19.3,0.0,0.0,10.8,0.0,2.2,47.00,0.00,1.50,1.50,0.50,0.00,0.06,0.17,12.75,8.50,0.40,,,5.0,,0.3,0.0,0.0,870,280,23,23,0.91,,1.94,0.0,0,3.074,4.534,2.328,,0.143,2.185,89.0,1136.8,1724.8,2195.2,627.2,156.8,901.6,744.8,980.0,254.8,1293.6,1568.0,627.2,1372.0,1097.6
"Chocolate, plain, couverture",1092,562,5.7,3.3,57.2,0.9,34.3,0.0,0.0,6.17,37.00,0.00,0.00,0.45,0.00,0.07,0.07,1.48,0.60,0.05,0.19,3.0,7.0,4.0,0.0,0.0,0.0,13,417,80,121,2.80,0.95,2.20,54.3,5.3,19.981,10.935,1.634,0.000,0.123,1.511,5.0,173.8,265.3,228.7,49.4,43.9,201.2,74.1,164.6,53.1,265.3,228.7,74.1,182.9,237.8
"Frankfurt sausage, boiled, fast food",1093,261,12.7,10.3,6.6,0.2,20.3,0.0,1.8,7.00,0.00,0.45,0.17,0.10,0.00,0.34,0.10,3.56,1.80,0.15,0.57,5.2,4.0,2.0,1.1,0.0,0.0,727,121,19,16,0.72,0.09,1.88,2.8,1.5,7.584,9.025,2.111,0.000,0.166,1.945,53.0,528.1,914.0,1056.1,264.0,79.2,467.1,365.6,467.1,105.6,649.9,731.2,284.3,1137.4,974.9
"Cream pastry, puff pastry with jam",1094,359,2.8,,32.0,0.9,24.2,0.0,0.4,167.50,,,,1.52,,,,,,,,,,,,,,170,87,41,10,0.50,,0.25,17.0,15,12.984,7.577,2.304,,0.367,1.937,,,,,,,,,,,,,,,
"Dandelion, leaves, raw",1095,46,3.0,,2.3,7.7,1.0,0.0,0.2,1500.00,9000.00,0.00,0.00,,,0.19,0.14,0.80,0.80,,,,,,0.0,40.0,40.0,76,,150,,3.10,,,2.0,0.1,0.200,0.014,0.500,0.000,,,0.0,,,,,,,,,,,,,,
Cinnamon stick,1096,246,4.0,,28.1,53.1,1.2,0.0,0.0,18.67,112.00,0.00,0.00,2.32,0.00,0.02,0.04,1.33,1.33,0.16,,,6.0,,0.0,3.8,3.8,10,431,1002,,8.32,0.34,1.83,0.0,24.4,0.564,0.410,0.018,0.000,0.018,0.000,0.0,,,,,,,,,,,,,,
"Syrup, kitchen",1098,308,0.3,,76.6,0.0,0.0,0.0,0.2,0.00,0.00,0.00,0.00,0.00,0.00,0.00,0.01,0.10,0.10,0.00,0.00,0.0,0.0,,0.0,0.0,0.0,75,220,75,34,2.50,0.24,0.13,76.7,0,0.000,0.000,0.000,0.000,0.000,0.000,0.0,,,,,,,,,,,,,,
"Pate, liver",1099,257,13.0,10.6,2.3,0.2,21.7,0.0,2.4,8800.00,,0.00,0.00,1.07,,0.20,1.11,8.03,5.60,0.20,1.67,27.0,252.0,,9.9,21.3,21.3,944,180,11,14,6.08,0.49,2.68,0.4,0.8,7.091,9.219,2.793,0.101,0.201,2.592,127.0,603.2,1123.2,894.4,270.4,104.0,603.2,416.0,540.8,145.6,769.6,769.6,332.8,894.4,769.6
"Chanterelle, raw",1100,27,1.4,0.9,2.4,3.5,0.6,0.0,0.0,50.08,300.50,7.74,0.00,0.00,0.00,0.03,0.28,4.42,4.05,0.02,0.80,4.0,9.7,,0.0,0.0,,0,501,4,11,0.94,0.41,0.95,0.5,0.2,0.100,0.000,0.300,0.000,,,0.0,53.0,87.9,62.4,0.0,7.8,51.7,35.5,65.4,22.2,61.4,128.0,36.0,57.4,56.7
"Pork sausage, saveloy type",1101,272,11.2,8.9,1.8,0.3,24.4,0.0,2.7,0.00,0.00,0.28,0.00,0.34,0.00,0.31,0.13,4.27,2.60,0.12,0.52,4.8,3.7,2.0,0.6,75.0,75.0,1065,219,27,17,0.69,0.06,1.05,0.3,0.5,8.333,10.561,2.273,0.000,0.187,2.086,52.0,519.5,841.9,841.9,215.0,71.7,429.9,340.3,429.9,100.3,591.1,609.0,304.5,752.3,698.6
"Sapotes, raw",1102,144,2.1,,31.2,2.6,0.6,0.0,0.0,41.67,250.00,0.00,0.00,,,0.01,0.02,2.18,1.80,,,,,,0.0,20.0,20.0,10,344,39,30,1.00,,,20.1,6.33,0.169,0.102,0.097,0.000,,,0.0,47.5,84.8,94.9,15.9,,54.2,54.2,57.6,23.1,78.0,54.2,40.7,57.6,57.6
Pork scratchings,1103,580,54.1,46.6,0.0,0.0,40.3,0.0,3.1,0.00,0.00,0.00,,,,0.00,0.13,2.80,1.82,0.02,0.34,14.0,23.0,,,,,1252,146,27,10,0.67,0.17,0.59,0.0,0,13.539,17.969,4.308,0.000,0.373,3.935,119.0,946.7,2049.6,2342.4,566.1,156.2,1366.4,644.2,1268.8,58.6,1659.2,4782.4,546.6,14249.6,8393.6
"Pork sausage, malakoff",1104,273,9.8,,5.1,0.2,23.7,0.0,2.8,0.00,0.00,,,,0.00,,,,,,,,,,,0.0,0.0,1139,131,,,1.37,0.11,1.70,0.0,3.8,,,,,,,50.0,,,,,,,,,,,,,,
"Mackerel, filet, in natural juices, canned",1105,224,19.0,15.8,0.0,0.0,16.4,0.0,1.5,22.17,0.00,2.70,2.70,0.90,0.00,0.06,0.16,10.08,6.60,0.25,0.43,5.4,10.0,3.0,7.7,0.2,0.2,590,315,15,24,1.10,0.11,1.60,0.0,0,3.561,6.894,3.779,0.011,3.520,0.259,80.0,948.6,1454.5,1739.0,537.5,123.3,790.5,758.9,885.3,208.7,1233.1,980.2,980.2,1075.0,727.2
"Sandwich, rib roast",1106,277,12.3,,24.4,1.7,14.1,0.0,0.9,,,,,,,,,,,,,,,,,,,366,217,,,,0.23,1.60,8.1,16.27,3.840,6.040,2.680,,,,,,,,,,,,,,,,,,
"Milk, skimmed, with chocolate",1107,58,3.5,3.2,9.5,0.5,0.5,0.0,0.1,4.33,2.00,0.01,0.01,0.01,0.00,0.04,0.16,0.93,0.13,0.02,0.32,2.2,4.7,4.0,0.1,0.0,0.0,37,178,108,16,0.36,0.06,0.44,9.3,0,0.318,0.133,0.014,,0.004,0.010,6.0,205.1,338.2,316.0,88.7,27.2,177.4,149.7,149.7,47.7,244.0,122.0,99.8,72.1,343.8
"Milk, skimmed, with chocolate (UHT)",1108,59,3.6,3.2,9.7,0.5,0.5,0.0,0.1,4.33,2.00,0.01,0.01,0.01,0.00,0.03,0.16,0.94,0.14,0.03,0.36,2.0,4.7,4.0,0.1,0.0,0.0,45,211,119,22,0.03,0.01,0.50,9.3,0,0.324,0.135,0.014,,0.004,0.010,6.0,208.7,344.0,321.5,90.2,27.6,180.5,152.3,152.3,48.5,248.2,124.1,101.5,73.3,349.7
"Beef, striploin ""cap on"", raw",1109,214,20.1,16.4,0.0,0.0,14.9,0.0,0.2,19.00,0.00,0.70,0.70,0.54,0.00,0.04,0.13,9.39,5.50,0.44,0.70,0.0,5.5,4.0,1.4,0.0,0.0,63,300,5,20,1.70,0.07,4.20,0.0,0,6.292,7.111,0.603,,0.181,0.422,69.0,987.0,1546.3,1710.8,493.5,148.1,789.6,658.0,855.4,233.6,1052.8,1217.3,690.9,1118.6,921.2
"Cheese, Camembert, 30 % fidm.",1110,199,25.0,22.0,0.0,0.0,11.0,0.0,3.2,101.00,48.00,0.14,0.14,0.28,0.00,0.05,0.45,7.55,1.80,0.25,1.36,6.0,62.0,,1.1,0.0,0.0,1297,187,720,20,0.18,0.07,2.38,0.1,0,7.123,2.961,0.310,,0.080,0.230,33.0,1371.3,2311.6,1998.2,705.2,90.1,1292.9,1371.3,862.0,344.8,1684.7,783.6,705.2,509.3,2625.1
"Alfalfa seeds, sprouted, raw",1111,27,4.0,,0.2,1.9,0.7,0.0,0.0,16.00,96.00,0.00,0.00,0.20,,0.08,0.13,0.48,0.48,0.03,0.56,,36.0,,0.0,8.2,8.2,6,79,32,27,0.96,0.16,0.92,0.3,0,0.069,0.056,0.410,0.000,0.175,0.234,0.0,140.4,268.0,210.5,,,,,134.0,,146.7,,,,
"Pork, meat, approx. 20 % fat, raw",1112,243,17.9,14.2,0.0,0.0,19.0,0.0,0.2,8.95,0.00,0.43,0.16,0.10,0.00,0.72,0.22,6.76,3.50,0.32,0.60,2.6,1.5,,0.7,0.0,0.0,68,301,9,20,0.75,0.10,3.60,0.0,0,7.504,8.428,1.388,,,,67.0,864.0,1296.0,1584.0,432.0,118.1,662.4,604.8,748.8,195.8,950.4,1065.6,662.4,921.6,720.0
"Liquorice, salt",1114,349,6.7,,76.7,3.1,1.0,0.0,1.3,0.00,0.00,0.00,0.00,0.00,0.00,0.00,0.00,0.00,0.00,0.00,,,0.0,,0.0,0.0,0.0,519,415,30,25,3.10,0.14,0.31,43.4,31.9,0.000,0.000,0.000,0.000,0.000,0.000,0.0,,,,,,,,,,,,,,
"Biscuit, 20-30% wholemeal, digestive type",1115,460,6.5,5.5,69.5,3.6,16.5,0.0,1.3,0.00,0.00,0.00,0.00,1.30,0.00,0.10,0.04,3.03,1.83,0.09,0.00,2.3,12.7,,0.0,0.0,0.0,519,174,26,30,1.17,0.13,0.67,18.3,48.24,7.122,5.630,1.972,0.116,0.053,1.919,0.0,285.8,491.5,94.9,94.9,84.6,331.5,137.2,182.9,72.0,320.0,228.6,137.2,251.5,743.0
"Pork, loin with rind, raw",1117,268,18.3,14.4,0.1,0.0,21.7,0.0,0.1,9.53,0.00,0.33,0.13,0.41,0.00,0.63,0.12,8.80,5.49,0.29,0.55,4.1,4.6,,0.9,0.0,0.0,52,292,6,18,0.43,0.05,1.26,0.0,0,8.612,9.597,1.663,0.051,0.109,1.554,64.6,876.3,1314.4,1606.5,438.1,119.8,671.8,613.4,759.4,198.6,963.9,1080.7,671.8,934.7,730.2
Fruit gums,1118,349,5.5,,79.7,0.0,0.9,0.0,0.2,0.00,0.00,0.00,0.00,0.00,0.00,0.00,0.00,0.00,0.00,0.00,0.00,0.0,0.0,0.0,0.0,0.0,0.0,62,12,9,2,0.19,0.07,0.05,53.0,21.4,0.000,0.000,0.000,0.000,0.000,0.000,0.0,,,,,,,,,,,,,,
"Sprat (sardine), in oil, canned",1120,205,24.6,18.5,1.1,0.0,11.3,0.0,0.8,18.00,0.00,12.00,12.00,2.31,0.00,0.10,0.17,9.17,5.30,0.20,0.85,4.0,16.0,6.0,11.5,0.0,0.0,329,353,420,39,2.00,0.12,2.20,0.0,0,2.016,3.331,5.241,,1.026,4.215,38.0,1141.4,1692.5,1731.8,708.5,161.4,984.0,747.8,944.6,232.2,1298.9,1377.6,984.0,1377.6,905.3
"Sardine, in oil, canned",1121,205,24.6,18.5,1.1,0.0,11.3,0.0,0.8,18.00,0.00,12.00,12.00,1.70,0.00,0.10,0.17,9.17,5.30,0.20,0.85,4.0,16.0,6.0,11.5,0.0,0.0,329,353,420,39,2.00,0.12,2.20,0.0,0,2.016,3.331,5.241,,1.026,4.215,80.0,1141.4,1692.5,1731.8,708.5,161.4,984.0,747.8,944.6,232.2,1298.9,1377.6,984.0,1377.6,905.3
Cream Crackers,1122,443,9.4,,68.6,3.0,13.9,0.0,2.0,0.00,0.00,0.00,0.00,,0.00,0.13,0.08,3.65,1.50,0.06,,,,,0.0,0.0,0.0,800,120,110,25,1.70,0.19,0.87,5.0,59.2375,7.206,4.131,1.501,0.044,0.032,1.468,0.0,368.0,752.5,247.5,168.5,238.0,538.0,310.0,296.0,129.0,448.0,418.0,234.0,401.0,1265.0
"Pork, thin belly with rind, raw",1124,294,16.3,13.1,0.0,0.0,25.4,0.0,0.2,8.85,0.00,0.44,0.17,0.34,0.00,0.55,0.13,7.54,4.52,0.22,0.56,4.5,5.0,,0.8,0.0,0.0,61,239,6,15,0.51,0.05,1.49,0.0,0,9.318,11.059,2.583,0.107,0.263,2.320,71.4,800.0,1200.0,1466.7,400.0,109.3,613.3,560.0,693.3,181.3,880.0,986.7,613.3,853.3,666.7
"Human milk, colostrum",1125,58,2.0,,6.6,0.0,2.6,0.0,0.1,177.50,135.00,0.07,,1.30,,0.00,0.03,0.80,0.10,0.00,0.12,0.0,2.0,,0.1,7.0,7.0,47,70,28,3,,0.05,0.60,6.6,0,1.100,1.100,0.300,,,,31.0,,,,,,,,,42.0,,,,,
"Breakfast cereal, Havrefras",1126,377,13.2,,60.9,10.6,6.6,0.0,3.1,0.00,,0.00,,0.61,,1.22,1.38,,10.00,0.23,,,47.0,,0.2,0.0,,1225,484,49,102,6.43,0.48,3.44,8.6,47.8,0.780,1.730,1.941,0.000,0.098,1.843,0.0,,,,,,,,,,,,,,
"Pork/beef sausage, saveloy type",1128,277,11.1,8.9,4.5,0.3,23.7,0.0,2.9,0.00,0.00,0.47,0.19,,0.00,0.35,0.15,4.36,2.70,0.11,,,4.8,,0.7,0.0,0.0,1152,174,22,16,0.76,0.08,1.10,0.0,3.8,8.966,10.436,2.320,,0.201,2.120,53.0,516.7,837.5,837.5,213.8,71.3,427.6,338.6,427.6,99.8,588.0,605.8,302.9,748.4,694.9
Mint jelly,1131,266,0.5,,66.0,0.0,0.0,0.0,0.1,0.00,,,,,,,,,,,,,,,,,,20,,,,,,,57.0,0,0.000,0.000,0.000,0.000,,,,,,,,,,,,,,,,,
"Herring, autumn, raw",1132,248,19.3,15.9,0.0,0.0,19.0,0.0,0.1,45.00,0.00,8.30,8.30,1.80,0.00,0.06,0.20,7.74,4.50,0.37,0.97,10.0,10.0,3.0,5.2,0.5,0.5,47,317,50,26,1.30,0.08,0.85,0.0,0,4.582,6.308,6.590,,6.094,0.497,60.0,926.4,1574.9,1883.7,586.7,166.8,741.1,648.5,864.6,194.5,1142.6,1111.7,555.8,957.3,710.2
"Baby food, infant formula, low iron content, prepared",1134,66,1.2,,7.5,0.0,3.5,0.0,0.0,70.00,,1.00,,0.80,5.40,0.05,0.10,0.70,,0.05,0.30,1.5,6.0,,0.2,6.7,,15,59,41,5,0.40,0.04,0.50,7.5,0,0.800,1.100,1.400,,0.100,,,,,,,,,,,,,,,,
Vecao,1135,561,3.3,,60.5,0.5,33.9,0.0,0.0,0.00,,0.00,,1.40,,0.00,0.00,1.10,1.10,0.00,,,8.2,,0.0,0.0,,17,528,15,92,4.20,0.60,1.56,51.3,1.1,28.000,3.500,0.700,0.000,0.000,,,,,,,,,,,,,,,,
"Pork, mettwurst, smoked",1136,279,11.6,9.3,3.4,0.3,24.3,0.0,2.6,8.70,0.00,0.29,0.00,0.59,9.72,0.35,0.15,4.58,2.70,0.11,0.57,5.2,4.8,1.5,0.7,32.4,32.4,1050,203,22,16,0.84,0.06,1.19,1.6,2.5,8.413,10.958,2.416,0.000,0.218,2.198,59.0,480.7,832.0,905.9,277.3,94.3,425.2,351.3,462.2,112.8,591.6,721.0,314.3,868.9,684.1
"Bacon, sliced, raw",1137,263,15.9,12.9,0.6,0.0,21.9,0.0,3.1,3.50,0.00,0.27,0.00,0.44,10.80,0.70,0.14,8.24,5.40,0.24,0.71,4.8,1.3,,0.7,8.3,8.3,1225,283,6,18,0.52,0.10,1.68,0.0,0,7.686,9.490,2.152,0.000,0.182,1.970,63.0,788.6,1297.4,1399.2,483.4,104.3,585.1,534.2,712.3,170.4,788.6,992.2,508.8,763.2,585.1
"Sandwich with ham and cheese, toasted, fast food",1138,298,11.0,,32.8,1.7,13.2,0.0,1.9,44.50,,0.70,,0.60,,0.19,0.11,0.64,0.64,0.00,,,23.1,,0.4,1.7,,740,143,136,22,0.72,0.09,1.40,0.5,34,4.042,5.243,2.699,0.201,0.594,2.106,,,,,,,,,,,,,,,
Alfalfa seeds,1142,351,35.1,,6.7,35.1,12.6,0.0,0.2,0.00,,,,,,1.08,0.58,1.80,1.80,,,,,,,26.0,26.0,79,,136,,12.90,,6.90,1.1,5.62,1.820,3.790,5.110,0.000,,,,,,,,,,,,,,,,,
"Pork, sausage, frankfurter",1143,254,13.2,10.8,3.3,0.2,20.8,0.0,2.8,0.00,0.00,0.46,0.18,0.10,12.19,0.14,0.20,3.64,1.80,0.15,0.57,5.2,4.0,2.0,1.1,24.0,18.7,1116,156,25,21,1.30,0.07,1.40,2.8,1.5,7.432,9.552,2.152,,0.190,1.961,57.0,550.5,952.8,1101.0,275.3,82.6,487.0,381.1,487.0,110.1,677.5,762.2,296.4,1185.7,1016.3
"Salad dressing, mayonnaise",1147,348,1.2,1.0,12.6,0.0,32.5,0.0,1.7,3.50,,0.00,0.00,2.62,,0.02,0.05,0.48,0.19,0.00,,,0.0,,0.1,0.0,0.0,668,91,20,7,0.32,,0.21,12.4,0.1,4.067,12.121,14.882,,2.227,12.655,0.0,65.5,99.1,78.5,29.9,20.6,50.5,50.5,61.7,17.6,72.9,82.3,28.1,35.5,48.6
"Rye-flour, bolted (extraction rate 70 %)",1148,342,6.1,5.3,73.0,6.3,1.4,0.0,0.0,0.00,0.00,,,0.29,,0.23,0.05,1.30,,,0.37,,,,,,,2,204,18,26,1.08,0.16,0.89,1.5,72,0.200,0.200,0.800,0.000,,,,246.1,428.0,267.5,104.9,97.4,299.6,160.5,235.4,78.1,363.8,353.1,160.5,299.6,556.4
"Beef, entrecote ""cap on"", raw",1149,265,18.2,14.6,0.0,0.0,21.3,0.0,0.1,25.00,0.00,0.80,0.80,0.66,0.00,0.04,0.16,8.75,5.30,0.40,0.60,0.0,5.0,4.0,1.4,0.0,0.0,54,293,4,19,1.90,0.06,3.90,0.0,0,8.991,10.171,0.860,,0.260,0.600,69.0,873.6,1368.6,1514.2,436.8,131.0,698.9,582.4,757.1,206.8,931.8,1077.4,611.5,990.1,815.4
"Kippers, in oil, canned",1150,249,20.5,17.0,0.0,0.0,18.5,0.0,1.3,15.00,0.00,6.00,6.00,1.00,0.00,0.04,0.20,3.83,,0.35,0.90,4.5,2.0,0.0,10.0,0.0,0.0,500,360,50,35,0.80,0.10,0.70,0.0,0,6.120,6.350,6.250,,1.860,3.180,58.0,951.2,1672.8,1869.6,623.2,219.8,787.2,688.8,885.6,229.6,1049.6,1213.6,590.4,984.0,721.6
"Herring, salted, ripened",1152,264,13.1,10.9,0.0,0.0,23.5,0.0,13.5,48.00,0.00,11.02,11.02,2.30,0.00,0.03,0.22,5.34,3.00,0.22,0.50,,6.0,,6.1,0.0,0.0,5380,128,60,27,1.10,0.14,1.00,0.0,0,4.894,11.129,4.855,,4.392,0.463,58.0,691.7,1089.9,1236.6,419.2,62.9,503.0,461.1,586.9,140.4,796.5,817.4,335.4,649.8,503.0
"Milk, 1.5 % fat, cultured, kefir",1153,48,3.5,3.1,4.8,0.0,1.6,0.0,0.1,15.17,7.00,0.04,0.04,0.04,0.00,0.05,0.17,0.90,0.09,0.05,0.36,1.6,11.5,,0.4,1.3,1.3,43,153,121,12,0.03,0.01,0.41,3.8,0,1.032,0.429,0.045,,0.012,0.033,6.0,187.0,363.0,313.5,88.0,22.6,170.5,170.5,154.0,48.4,247.5,115.5,93.5,77.0,341.0
"Milk, partly skimmed, organic, 1.5 % fat",1154,47,3.4,,5.0,0.0,1.5,0.0,0.1,19.00,0.00,0.05,,0.04,,0.04,0.18,0.09,0.09,0.05,0.41,1.0,11.5,,0.4,,,36,161,126,12,0.01,0.01,0.37,4.6,0,0.910,0.270,0.040,0.050,0.010,0.020,6.9,,,,,,,,,,,,,,
"Salad dressing, oil and vinegar",1156,350,0.6,,9.8,0.0,34.3,0.0,2.6,0.40,,,,3.48,,,,,,,,,,,,,,1054,88,14,6,0.27,,0.15,7.5,0.3,4.193,12.012,16.586,0.000,2.756,13.830,,,,,,,,,,,,,,,
"Nutmeg, whole",1157,507,6.0,,28.6,20.8,36.3,0.0,0.0,2.67,16.00,0.00,0.00,0.00,0.00,0.35,0.06,1.30,1.30,0.16,,,76.0,,0.0,3.0,3.0,16,350,184,183,3.04,1.03,2.15,0.0,4,25.940,3.220,0.350,0.000,0.000,0.350,0.0,,,,,,,,,,,,,,
"Pork, flank, spiced, cooked",1158,272,15.3,13.5,0.7,0.0,23.1,0.0,2.9,0.00,0.00,0.28,0.00,0.44,9.54,0.48,0.12,6.86,4.00,0.21,0.41,5.3,2.2,,0.5,23.0,23.0,1160,206,7,16,0.88,0.11,1.59,0.0,0,8.255,10.324,2.334,0.000,0.208,2.127,65.0,783.4,1248.5,1493.3,440.6,134.6,636.5,587.5,758.9,171.4,930.2,1003.7,465.1,807.8,709.9
"Brussels sprouts, winter (January to April), raw",1159,51,4.4,3.5,5.1,4.1,0.5,0.0,0.0,0.00,,0.00,0.00,,,,,0.83,,,,,,,0.0,101.0,101.0,8,,,,,,,3.9,0.5,0.077,0.015,0.308,0.000,0.237,0.072,0.0,147.8,197.1,218.2,47.2,20.4,126.7,70.4,140.8,50.0,232.3,288.6,91.5,140.8,732.2
"Chervil, raw",1160,21,2.2,1.6,0.7,2.0,0.6,0.0,0.0,245.00,1470.00,0.00,0.00,2.90,,0.13,0.34,1.98,1.50,0.03,0.30,1.6,220.0,176.0,0.0,37.0,37.0,10,597,400,34,1.60,0.07,1.10,0.9,0,0.078,0.015,0.387,0.000,0.263,0.124,0.0,95.0,161.9,126.7,35.2,1.1,102.1,66.9,81.0,28.9,123.2,95.0,42.2,98.6,84.5
"Pork sausage, Thüringer bratwurst",1161,283,14.4,,1.1,0.2,24.5,0.0,2.2,0.00,0.00,0.50,,,0.00,0.35,0.15,2.70,2.70,0.11,,,4.8,,0.7,0.0,0.0,885,229,22,16,0.81,0.07,2.60,0.0,0.6,9.530,10.700,1.770,,,,63.0,,,,,,,,,,,,,,
Peanut butter,1162,637,22.6,22.6,12.0,7.6,53.7,0.0,0.9,0.00,0.00,0.00,0.00,4.70,0.00,0.17,0.10,21.27,15.00,0.50,1.04,,53.0,16.0,0.0,0.0,0.0,350,700,37,180,2.10,0.70,3.00,6.4,5.8,10.691,27.348,13.514,0.000,0.000,13.514,0.0,960.7,1754.3,877.2,334.2,334.2,1294.9,877.2,668.3,375.9,1169.6,3132.8,626.6,1503.7,1211.3
"Pork sausage, polony type",1163,284,15.2,,0.0,0.0,24.8,0.0,2.5,0.00,0.00,0.48,0.19,,0.00,,,,,,,,,,,0.0,0.0,982,240,,,1.02,0.22,2.00,0.0,0,,,,,,,65.0,,,,,,,,,,,,,,
"Sweetcorn, kernels, canned",1164,101,3.1,2.6,18.5,2.5,1.1,0.0,0.8,3.67,22.00,0.00,0.00,0.50,0.00,0.05,0.08,1.53,1.20,0.20,0.22,0.5,32.0,9.0,0.0,5.0,5.0,310,200,3,23,0.60,0.05,0.60,8.9,7.2,0.170,0.309,0.533,0.000,0.018,0.515,0.0,112.6,386.8,83.2,58.8,49.0,156.7,117.5,112.6,19.6,146.9,127.3,83.2,112.6,274.2
"Apple, dried",1166,253,0.9,0.7,57.2,8.7,0.3,0.0,0.2,0.00,0.00,0.00,0.00,,0.00,0.07,0.10,0.73,0.60,0.14,0.30,0.9,0.0,3.0,0.0,3.9,3.9,87,450,30,5,1.40,0.04,0.20,41.0,0,0.063,0.010,0.184,0.000,0.039,0.145,0.0,29.8,47.7,44.7,8.3,1.6,26.8,13.3,23.8,7.9,35.8,23.8,14.9,26.8,29.8
"Human milk, transitional (10th day post partum)",1167,67,1.5,,6.9,0.0,3.7,0.0,0.1,91.17,37.00,0.08,,0.09,,0.01,0.03,0.60,0.10,0.00,0.20,0.0,3.0,,0.0,6.0,6.0,30,57,25,3,0.07,0.04,0.30,6.9,0,1.500,1.500,0.500,,,,24.0,,,,,,,,,30.0,,,,,
"Yogurt, with fruit, 1.5 % fat",1169,72,3.6,3.2,11.5,0.5,1.3,0.0,0.1,15.17,7.00,0.04,0.04,0.04,0.00,0.04,0.16,0.97,0.16,0.06,0.28,1.6,12.0,,0.2,0.2,0.2,33,145,111,11,0.04,0.02,0.44,10.5,0,0.781,0.286,0.037,0.055,0.011,0.022,6.0,192.1,344.7,322.1,90.4,23.7,158.2,163.9,152.6,49.2,243.0,124.3,96.1,73.5,339.0
"Veal, fat, raw",1171,274,17.3,14.6,0.0,0.0,22.8,0.0,0.2,0.00,0.00,0.20,0.20,0.15,0.00,0.05,0.13,9.21,6.00,0.41,0.90,0.0,3.0,3.0,1.3,1.0,1.0,65,280,8,20,1.10,0.05,3.70,0.0,0,9.527,10.757,0.920,,0.250,0.670,72.0,888.0,1391.2,1450.4,444.0,148.0,710.4,621.6,740.0,192.4,917.6,1154.4,592.0,947.2,799.2
"Pork, neck, smoked, boiled",1172,264,19.5,15.4,0.1,0.0,20.6,0.0,2.1,0.00,0.00,0.44,0.17,0.41,0.00,0.63,0.12,9.03,5.49,0.29,,,4.6,,0.9,0.0,0.0,844,261,6,18,0.78,0.08,4.90,0.0,0,8.490,9.090,1.330,,,,72.0,936.0,1404.0,1716.0,468.0,127.9,717.6,655.2,811.2,212.2,1029.6,1154.4,717.6,998.4,780.0
"Biscuit, sweet",1173,502,5.3,4.6,60.0,3.0,26.1,0.0,0.5,279.00,,0.40,0.40,1.40,0.00,0.05,0.05,1.22,0.65,0.04,0.30,4.0,14.0,5.0,0.1,0.0,0.0,216,157,10,14,0.40,0.10,0.60,27.1,34.78,13.171,8.679,2.249,,0.433,1.816,65.0,241.8,409.2,85.6,91.1,91.1,260.4,102.3,158.1,34.4,260.4,176.7,120.9,195.3,604.5
"Cream, whipping, 38 % fat",1174,360,2.1,1.9,2.3,0.0,38.0,0.0,0.1,360.13,168.00,0.24,0.09,0.87,11.21,0.03,0.16,0.55,0.07,0.02,0.21,0.9,10.8,3.0,0.4,0.8,0.8,28,94,67,7,0.05,0.02,0.24,3.0,0,24.269,8.589,1.036,1.544,0.245,0.633,126.0,123.1,203.0,189.7,53.2,16.3,106.5,89.8,89.8,28.6,146.4,73.2,59.9,43.3,206.3
Honey,1176,327,0.3,,81.5,0.0,0.0,0.0,0.0,0.00,0.00,0.00,0.00,0.00,25.00,0.00,0.10,0.12,0.10,0.16,0.07,0.0,0.0,,0.0,1.1,1.1,11,51,5,3,0.40,0.03,0.35,75.1,0,0.000,0.000,0.000,0.000,0.000,0.000,0.0,,,,,,,,,1.5,,,,,
"Beverages, soy, commercially prepared, unfortified",1178,50,3.1,3.0,4.4,0.0,2.2,0.0,0.1,0.00,0.00,0.00,0.00,0.19,4.89,0.03,0.02,0.99,0.18,0.03,0.09,3.7,13.1,,0.0,1.0,1.0,35,110,11,16,0.45,0.12,0.28,3.1,0,0.344,0.377,1.073,0.000,0.171,0.903,0.0,153.0,262.5,232.0,42.5,47.0,181.0,132.5,136.5,48.8,155.0,272.0,92.8,145.5,177.0
"Human milk, mature",1180,71,1.3,,7.2,0.0,4.1,0.0,0.0,62.00,24.00,0.04,0.04,0.34,,0.02,0.03,0.70,0.20,0.01,0.25,0.7,5.0,,0.0,4.0,4.0,15,58,34,3,0.07,0.04,0.30,7.2,0,1.920,1.470,0.490,0.030,,,16.0,,,,,,,,,30.0,,,,,
"Cream, cultured, 38 % fat",1181,362,2.1,1.7,1.8,0.0,38.3,0.0,0.1,289.67,169.00,0.38,0.38,0.71,18.28,0.02,0.17,0.45,0.06,0.03,0.30,1.4,10.0,3.0,0.2,0.1,0.1,22,91,66,7,0.06,0.01,0.23,2.2,0,25.226,8.076,0.977,1.599,0.223,0.605,127.0,112.8,195.7,172.5,46.4,16.9,99.5,89.6,69.7,23.2,136.0,76.3,53.1,49.8,162.6
"Salmon, Atlantic, wild, salted",1182,198,8.5,,0.0,0.0,18.2,0.0,13.8,40.00,0.00,13.00,13.00,2.00,0.00,0.14,0.24,10.30,8.75,,,,,,,0.0,0.0,5510,390,16,25,0.40,0.06,0.43,0.0,0,5.808,9.881,1.055,,0.000,1.055,70.0,,,,,,,,,93.0,,,,,
"Black pudding, boiled",1184,312,10.7,8.7,18.1,5.0,20.8,0.0,1.1,6.00,0.00,1.00,1.00,0.15,,0.08,0.04,2.68,1.20,0.05,0.60,2.0,5.0,2.0,0.3,0.0,0.0,438,192,65,20,16.20,0.14,0.60,9.0,9,8.429,9.386,1.322,,0.114,1.207,68.0,255.7,869.3,801.1,127.8,80.1,545.5,187.5,289.8,88.6,698.9,562.5,392.0,988.6,886.4
"Eggs, chicken, yolk, salted, pasteurized",1187,269,14.0,11.8,1.6,0.0,23.0,0.0,9.5,480.00,0.00,3.95,3.95,10.11,0.70,0.13,0.43,3.47,0.04,0.26,3.52,,107.0,,2.5,0.0,0.0,3780,117,114,10,3.75,0.11,2.66,0.3,0,6.962,9.297,2.831,,0.066,2.765,955.0,806.4,1187.2,940.8,380.8,268.8,649.6,604.8,739.2,206.1,873.6,940.8,336.0,425.6,582.4
"Charr, fillet, smoked",1188,204,27.7,,0.0,0.0,10.3,0.0,5.9,0.00,0.00,9.00,9.00,1.90,0.00,0.08,0.10,4.10,4.10,0.36,,,5.5,,3.2,0.0,0.0,2340,460,20,26,0.26,,0.52,0.0,0,1.710,2.810,3.220,,2.150,0.630,48.0,,,,,,,,,,,,,,
"Milk, with chocolate, partly skimmed, 1.5 % fat (UHT)",1189,69,3.6,3.2,9.5,0.5,1.7,0.0,0.1,15.17,7.00,0.08,0.08,0.04,0.00,0.04,0.16,0.95,0.15,0.03,0.36,1.6,3.2,4.0,0.1,0.0,0.0,44,212,115,21,0.35,0.15,0.49,9.4,0,1.101,0.458,0.048,,0.013,0.035,7.0,208.7,344.0,321.5,90.2,27.6,180.5,152.3,152.3,48.5,248.2,124.1,101.5,73.3,349.7
Gelatin,1190,349,86.9,68.9,0.0,0.0,0.1,0.0,0.7,0.00,0.00,0.00,0.00,0.00,,0.00,0.07,0.00,0.00,0.01,0.00,0.0,0.0,0.0,0.0,0.0,0.0,298,12,280,11,1.20,,0.20,0.0,0,0.042,0.047,0.004,0.000,0.001,0.003,0.0,1362.6,2502.7,3893.1,681.3,0.0,1807.5,111.2,1668.5,0.0,2363.7,6673.9,570.1,22246.4,13069.8
"Margarine, (less than 50 % fat), average",1191,373,0.5,,0.3,0.0,41.1,0.0,1.9,840.00,360.00,0.00,0.00,14.00,0.00,0.01,0.03,0.14,0.02,0.00,,0.0,2.0,2.0,0.1,0.0,0.0,747,16,10,0,0.09,0.00,0.05,0.4,0,8.632,10.439,17.465,2.208,0.803,16.662,0.0,31.0,50.0,40.0,13.0,5.0,25.0,25.0,23.0,7.0,35.0,18.0,14.0,11.0,49.0
"Frankfurt sausage, fried, fast food",1192,292,14.0,11.4,2.2,0.2,25.2,0.0,2.7,0.00,0.00,0.46,0.18,0.10,0.00,0.36,0.10,3.75,1.80,0.15,0.57,5.2,4.0,2.0,1.1,0.0,0.0,1070,209,22,19,0.79,0.07,1.31,2.8,1.5,9.005,11.454,2.679,0.000,0.214,2.464,61.0,584.4,1011.4,1168.7,292.2,87.7,516.9,404.6,516.9,116.9,719.2,809.1,314.7,1258.6,1078.8
"Pecans, oil roasted",1193,747,9.2,8.3,3.5,9.5,75.2,0.0,0.0,13.33,80.00,0.00,0.00,5.10,,0.47,0.11,5.25,1.20,0.19,0.74,,15.0,,0.0,0.7,0.7,1,392,67,121,2.47,1.20,4.47,4.0,0.28,6.179,46.794,18.571,0.000,0.753,17.818,0.0,381.9,625.0,347.2,225.7,243.0,486.1,329.8,295.1,243.0,451.4,1319.4,260.4,451.4,434.0
"Pecans, dry roasted",1194,742,9.5,8.6,4.2,9.4,74.3,0.0,0.0,13.33,80.00,0.00,0.00,,,0.45,0.11,5.35,1.17,0.19,0.70,,16.0,,0.0,0.7,0.7,1,424,72,132,2.80,1.17,5.07,4.1,0.24,5.780,46.457,18.395,0.000,0.754,17.640,0.0,394.2,645.1,358.4,233.0,250.9,501.8,340.5,304.6,250.9,465.9,1361.9,268.8,465.9,448.0
"Margarine, 40 % fat, vegetable fat",1195,374,0.5,,0.1,0.0,41.3,0.0,1.9,840.00,360.00,0.00,0.00,13.00,0.00,0.01,0.03,0.14,0.02,0.00,0.05,0.0,2.0,2.0,0.1,0.0,0.0,747,16,10,0,0.09,0.00,0.05,0.4,0,8.530,10.414,17.258,2.281,0.793,16.464,0.0,31.0,50.0,40.0,13.0,5.0,25.0,25.0,23.0,7.0,35.0,18.0,14.0,11.0,49.0
"Brussels sprouts, automn (October to December), raw",1196,57,4.8,3.8,6.3,4.1,0.5,0.0,0.0,0.00,,0.00,0.00,,,,,0.91,,,,,,,0.0,140.0,140.0,8,,,,,,,3.9,0.5,0.077,0.015,0.308,0.000,0.237,0.072,0.0,161.3,215.0,238.1,51.5,22.3,138.2,76.8,153.6,54.5,253.4,314.9,99.8,153.6,798.7
Buckwheat flour,1198,343,12.0,10.4,65.4,4.7,2.8,0.0,0.0,0.00,0.00,0.00,0.00,0.00,2.66,0.45,0.15,3.58,2.32,0.24,1.36,19.3,57.5,,0.0,0.0,,0,410,15,190,2.25,0.36,1.40,1.4,47.473101,0.321,0.622,0.693,0.000,0.000,0.693,0.0,430.0,809.0,743.0,249.0,261.0,583.0,338.0,477.0,215.0,609.0,1250.0,309.0,740.0,468.0
"Yeast, dried",1199,315,32.5,28.0,33.0,19.7,1.5,0.0,0.1,0.00,0.00,0.00,0.00,0.00,0.00,2.33,4.00,43.40,36.00,2.00,11.00,200.0,4000.0,130.0,0.0,0.0,0.0,52,2000,44,230,16.10,5.00,8.00,0.0,14.3,0.150,1.360,0.000,0.000,0.000,0.000,,1822.7,2449.3,2734.1,501.2,125.3,1367.0,1196.2,1822.7,444.3,2278.4,1879.7,740.5,1765.8,1196.2
"Squab (pigeon), raw",1200,287,18.2,14.5,0.0,0.0,23.8,0.0,0.2,73.00,0.00,1.40,,,,0.21,0.22,9.05,6.05,0.41,0.76,,13.0,,0.4,5.2,5.2,69,270,12,22,3.54,0.44,2.20,0.0,0,7.899,10.202,3.082,,0.105,2.976,95.0,886.5,1388.9,1684.4,472.8,130.0,738.8,561.5,768.3,180.3,1093.4,1122.9,472.8,916.1,768.3
"Pork, thick belly, defatted, approx. 2 mm rind, raw",1201,303,15.5,12.3,0.0,0.0,26.8,0.0,0.1,4.00,0.00,0.49,0.20,0.10,0.00,0.48,0.16,5.23,2.40,0.20,0.60,2.6,1.5,,0.7,0.0,0.0,57,190,5,13,0.51,0.10,3.60,0.0,0,10.658,12.023,1.975,,0.153,1.822,73.0,750.1,1125.1,1375.1,375.0,102.5,575.0,525.0,650.0,170.0,825.1,925.1,575.0,800.1,625.0
"Cheese, processed, 20 % fidm.",1202,223,22.2,19.6,5.8,0.0,12.4,0.0,1.5,112.79,54.56,0.19,0.19,0.28,0.00,0.09,0.44,5.21,0.10,0.03,0.41,1.5,7.1,3.0,1.0,0.0,0.0,589,115,655,25,0.25,0.25,2.55,1.0,0,7.656,3.082,0.312,0.450,0.070,0.212,54.7,1219.9,2056.4,1777.6,627.4,80.2,1150.2,1219.9,766.8,306.7,1498.8,697.1,627.4,453.1,2335.3
"Cheese, firm, Danbo, 20 % fidm.",1203,225,27.2,25.0,0.0,0.0,12.4,0.0,2.5,111.83,53.00,0.15,0.15,0.31,0.00,0.06,0.32,6.63,0.10,0.08,0.34,1.5,58.0,,1.6,0.0,0.0,984,71,705,31,0.09,0.09,3.20,0.0,0,8.068,3.386,0.262,,0.061,0.201,40.0,1557.9,2626.1,2270.0,801.2,102.4,1468.8,1557.9,979.2,391.7,1913.9,890.2,801.2,578.6,2982.2
"Seaweed, kombu, dried",1204,186,7.9,,20.3,34.5,0.5,0.0,7.8,73.33,440.00,0.00,0.00,0.87,,0.21,0.32,1.50,1.50,0.01,,,,,0.0,0.0,0.0,3100,7500,680,,3.30,0.50,1.00,20.1,0,0.130,0.110,0.120,0.000,,,0.0,,,,,,,,,,,,,,
"Milk, with chocolate, partly skimmed, 1.5 % fat",1205,69,3.7,3.3,9.3,0.5,1.8,0.0,0.1,14.33,8.00,0.08,0.08,0.04,0.00,0.04,0.15,0.96,0.14,0.00,0.36,2.5,3.2,4.0,0.1,0.0,0.0,47,188,112,19,0.44,0.10,0.47,8.8,0,1.115,0.419,0.056,0.066,0.012,0.036,7.0,213.1,351.4,328.3,92.2,28.2,184.3,155.5,155.5,49.5,253.4,126.7,103.7,74.9,357.1
"Cocoa, instant, without milk, powder",1206,392,4.1,3.9,82.5,5.9,3.8,0.0,0.5,0.00,0.00,0.00,0.00,0.10,0.00,0.06,0.04,1.85,0.50,0.02,0.04,,23.0,9.0,0.0,0.0,0.0,217,842,33,133,7.00,0.84,2.30,70.3,3.3,2.237,1.259,0.114,0.000,0.000,0.114,0.0,184.6,291.9,193.2,80.7,98.7,214.7,146.0,193.2,80.7,283.4,339.2,80.7,214.7,283.4
"Yeast extract, Marmite",1207,155,27.8,20.2,8.2,3.0,0.6,0.0,9.0,0.00,0.00,0.00,0.00,0.00,0.00,9.70,14.30,102.93,97.00,1.30,,,1010.0,83.0,0.5,0.0,0.0,3600,2600,86,180,3.70,0.30,2.10,0.0,1.6,0.210,0.400,0.050,0.000,0.010,0.040,0.0,1289.9,1601.3,1912.6,355.8,266.9,1067.5,489.3,1378.9,355.8,1645.8,711.7,622.7,1378.9,1334.4
"French fries, deepfried, fast food",1209,302,3.8,,38.6,4.0,13.9,0.0,1.0,0.00,0.00,0.00,0.00,1.18,17.96,0.13,0.06,1.59,0.99,0.21,0.51,0.0,22.4,3.0,0.0,23.3,14.3,386,595,13,33,0.79,0.17,0.51,0.2,27.1313333333333,3.364,6.835,2.940,0.047,0.494,2.446,0.0,94.7,154.3,152.5,35.5,29.5,110.8,62.2,97.8,35.9,142.5,117.0,46.5,84.3,93.7
"Egg, hen, yolk, sugar added, pasteurized, frozen",1210,313,14.2,12.0,11.5,0.0,23.4,0.0,0.1,428.00,0.00,3.95,3.95,10.11,0.70,0.18,0.35,3.58,0.10,0.22,3.13,,109.0,,2.7,0.0,0.0,56,83,108,12,3.90,,2.37,10.3,0,7.080,9.454,2.888,,0.067,2.820,1158.0,817.9,1204.2,954.2,386.2,272.6,658.9,613.4,749.8,209.0,886.1,977.0,340.8,431.7,590.7
"Cheese, firm, 20 % fidm., all varieties",1211,224,30.0,26.5,1.1,0.0,11.0,0.0,2.1,96.00,48.00,0.14,0.14,0.16,28.10,0.06,0.32,7.00,0.10,0.08,0.34,1.5,60.0,,1.6,0.0,0.0,840,70,753,32,0.09,0.06,3.83,0.0,0,7.327,2.150,0.269,0.424,0.072,0.165,36.0,1647.5,2777.1,2400.6,847.3,108.3,1553.3,1647.5,1035.5,414.2,2024.0,941.4,847.3,611.9,3153.7
"Cheese, Cream, 60 % fidm.",1215,334,10.2,9.0,2.0,0.0,31.5,0.0,1.4,291.17,139.00,0.31,0.31,0.80,0.00,0.04,0.20,2.45,0.10,0.06,0.27,1.5,13.0,,0.2,0.0,0.0,573,119,200,6,0.30,0.07,0.54,2.1,0,20.388,8.489,0.890,,0.240,0.650,104.0,559.7,943.4,815.5,287.8,36.8,527.7,559.7,351.8,140.7,687.6,319.8,287.8,207.9,1071.3
"Tomato paste, concentrated",1216,89,4.3,3.1,14.8,4.1,0.5,0.0,0.2,150.17,901.00,0.00,0.00,4.60,,0.06,0.15,3.56,3.08,0.22,0.44,3.0,10.0,4.0,0.0,17.8,17.8,98,1014,64,60,2.98,0.30,0.40,14.5,0,0.086,0.057,0.233,0.000,0.021,0.213,0.0,103.7,138.2,131.3,31.1,7.6,117.5,60.1,110.6,29.0,110.6,89.8,65.0,76.0,82.9
"Beans, soy, dried, raw",1217,412,35.5,30.1,17.8,16.6,18.4,0.0,0.0,2.17,13.00,0.00,0.00,0.85,47.00,0.87,0.87,9.19,1.62,0.42,1.92,60.0,280.0,25.0,0.0,,,4,1676,163,225,15.70,0.11,1.00,6.1,4.8,2.556,4.407,10.333,0.000,1.288,9.045,0.0,1611.3,2757.4,2263.8,448.2,470.9,1753.1,1112.0,1367.3,453.9,1702.1,2564.5,896.4,1480.8,1946.0
"Meat extract, cube",1218,238,16.0,,23.7,0.0,8.9,0.0,56.3,0.00,0.00,0.00,0.00,2.17,,0.07,0.24,4.47,4.47,0.20,,,32.0,,1.0,0.0,0.0,22500,511,60,43,1.00,0.00,0.00,0.0,10.9,4.180,3.501,0.320,0.000,0.048,0.272,10.0,,,,,,,,,,,,,,
"Mackerel, smoked",1220,300,18.0,15.0,0.0,0.0,25.3,0.0,1.4,49.50,0.00,6.06,6.06,0.54,0.00,0.13,0.30,10.74,7.45,0.40,0.50,5.3,8.0,3.0,10.6,0.2,0.2,577,260,17,26,0.87,0.09,0.50,0.0,0,5.642,9.955,7.201,,6.687,0.514,80.0,927.2,1405.7,1645.0,538.4,146.6,747.7,658.0,807.5,197.4,1106.6,1076.7,867.3,867.3,628.1
"Beef brisket, soaked in brine",1221,275,19.0,16.8,0.0,0.0,22.1,0.0,1.4,42.00,0.00,0.90,,0.90,0.00,0.03,0.14,8.98,5.00,0.32,0.47,0.0,6.9,4.0,1.4,0.0,0.0,571,130,5,17,2.04,0.09,3.10,0.0,0,6.398,13.113,0.424,0.320,0.088,0.335,78.0,1008.0,1579.2,1747.2,504.0,151.2,806.4,672.0,873.6,238.6,1075.2,1243.2,705.6,1142.4,940.8
"Biscuit, sweet",1224,467,5.4,,70.2,2.0,17.8,0.0,0.9,0.00,,0.00,,4.10,,0.10,0.10,1.62,,0.10,,,7.5,,0.1,0.0,,352,197,508,25,0.60,,0.50,24.0,42.4222222222222,5.988,5.162,1.782,0.055,0.205,1.576,,360.0,640.0,210.0,140.0,150.0,450.0,190.0,240.0,97.0,420.0,330.0,190.0,310.0,1000.0
"Rice groats, raw",1225,360,6.5,5.2,80.3,0.5,1.3,0.0,0.0,0.00,0.00,0.00,0.00,0.05,0.00,0.07,0.04,1.53,1.40,0.11,0.55,3.0,31.0,,0.0,0.0,0.0,2,150,6,35,1.20,0.20,1.70,0.0,78.1,0.297,0.317,0.452,0.000,0.012,0.440,0.0,283.9,502.3,240.2,152.9,76.4,349.4,185.6,218.4,91.7,425.9,491.4,142.0,294.8,294.8
"Pork, ham, smoked",1226,231,28.4,24.1,0.0,0.0,13.0,0.0,6.0,0.00,0.00,0.37,0.13,0.03,0.00,0.41,0.19,8.70,3.40,0.40,0.60,2.6,1.5,,1.0,0.0,0.0,2405,256,5,20,0.90,0.10,3.60,0.0,0,4.738,5.897,1.261,,0.000,1.261,88.0,1499.5,2226.6,2544.6,772.5,240.8,1136.0,1045.1,1317.8,318.1,1635.8,1817.6,999.7,1590.4,1226.9
"Cheese, processed, 30 % fidm.",1227,256,26.4,23.3,0.5,0.0,16.5,0.0,1.4,152.17,73.00,0.18,0.18,0.42,0.00,0.09,0.43,6.17,0.10,0.03,0.40,1.5,7.0,3.0,1.0,0.0,0.0,566,106,650,26,0.26,0.25,2.75,0.4,0,10.685,4.446,0.461,,0.120,0.340,54.0,1448.3,2441.4,2110.4,744.8,95.2,1365.5,1448.3,910.4,364.1,1779.3,827.6,744.8,537.9,2772.5
"Cheese, Brie, 45 % fidm.",1228,285,20.8,18.3,0.8,0.0,22.0,0.0,1.6,206.50,99.00,0.23,0.23,0.57,0.00,0.05,0.34,5.16,0.38,0.24,0.69,6.0,91.0,1.0,1.7,0.0,0.0,647,108,720,20,0.21,0.07,2.38,0.1,0,14.246,5.920,0.628,,0.167,0.461,74.0,1139.8,1921.4,1660.8,586.2,74.9,1074.7,1139.8,716.4,286.6,1400.3,651.3,586.2,423.4,2181.9
"Chicken, flesh and skin, battered, deepfried",1229,282,22.5,18.6,8.6,0.8,17.4,0.0,0.7,28.00,0.00,1.50,1.50,,0.00,0.12,0.19,11.31,7.04,0.31,0.89,,18.0,,0.3,0.0,0.0,292,185,21,21,1.37,0.07,1.67,0.5,8,6.005,9.325,0.476,,0.344,0.132,87.0,1117.9,1658.8,1766.9,577.0,310.1,901.5,721.2,937.6,256.0,1117.9,1370.3,649.1,1370.3,1190.0
"Egg, chicken, yolk, raw",1230,324,15.6,13.2,1.4,0.0,28.4,0.0,0.1,616.10,124.00,6.60,3.95,10.11,0.70,0.22,0.58,3.37,0.03,0.33,4.80,47.1,51.0,47.0,3.4,0.0,,58,103,138,12,5.33,0.14,3.74,0.2,0,7.927,11.112,4.246,0.057,0.475,3.771,1075.5,849.8,1374.7,1249.7,399.9,229.9,674.8,699.8,774.8,200.0,1024.7,1074.7,399.9,499.9,624.8
"Beef, meat, approx. 25 % fat, raw",1232,322,16.4,13.1,0.2,0.0,28.4,0.0,0.2,42.00,0.00,0.90,,0.90,0.00,0.03,0.14,8.11,5.00,0.32,0.47,0.0,6.9,4.0,1.4,0.0,0.0,62,272,4,17,1.60,0.06,3.90,0.0,0,11.895,13.512,1.148,,0.349,0.798,72.0,787.2,1233.3,1364.5,393.6,118.1,629.8,524.8,682.2,186.3,839.7,970.9,551.0,892.2,734.7
"Beef, brisket, posterior part, raw",1233,278,7.0,13.6,0.0,0.0,27.8,0.0,0.2,34.00,0.00,0.90,0.90,0.84,0.00,0.03,0.15,8.22,5.00,0.38,0.51,0.0,4.0,4.0,1.4,0.0,0.0,65,260,5,17,1.60,0.06,3.90,0.0,0,6.434,18.168,1.530,,0.464,1.065,73.0,816.0,1278.4,1414.4,408.0,122.4,652.8,544.0,707.2,193.1,870.4,1006.4,571.2,924.8,761.6
"Lamb, meat, average values, raw",1234,330,13.9,12.3,0.0,0.0,30.5,0.0,0.2,45.00,0.00,0.40,0.40,0.70,0.00,0.18,0.30,6.56,4.30,0.20,0.55,1.0,2.0,1.0,1.2,1.0,1.0,66,218,20,17,1.50,0.12,3.42,0.0,0,14.791,11.545,1.418,,0.709,0.709,78.0,724.2,1191.4,1331.5,373.8,123.8,584.0,584.0,630.7,135.5,794.2,981.1,420.5,770.9,677.4
"Cheese, Camembert, 45 % fidm.",1235,288,21.4,18.9,0.2,0.0,22.4,0.0,3.2,206.50,99.00,0.23,0.23,0.57,0.00,0.05,0.45,6.72,1.80,0.25,1.36,6.0,62.0,,1.1,0.0,0.0,1297,187,720,20,0.18,0.07,2.38,0.1,0,14.502,6.027,0.640,,0.170,0.470,74.0,1173.9,1978.9,1710.5,603.7,77.1,1106.8,1173.9,737.9,295.2,1442.2,670.8,603.7,436.0,2247.2
"Chicken, flesh and skin, deepfried",1236,260,28.3,23.1,0.1,0.0,16.3,0.0,0.8,47.00,0.00,1.50,1.50,,0.00,0.06,0.17,13.78,8.50,0.40,1.03,,5.0,,0.3,0.0,0.0,338,262,15,23,1.30,0.07,1.80,0.0,0,4.527,6.641,3.814,,0.679,3.135,88.0,1403.7,2037.6,2309.3,769.8,380.4,1086.7,905.6,1177.3,317.0,1358.4,1765.9,815.0,1856.5,1403.7
"Beef, brisket, middle part, raw",1237,229,15.9,12.7,0.0,0.0,18.4,0.0,0.2,36.00,0.00,0.90,0.90,0.88,0.00,0.03,0.16,7.91,4.90,0.38,0.49,0.0,4.0,4.0,1.4,0.0,0.0,65,254,4,17,1.60,0.05,3.90,0.0,0,7.053,7.437,0.319,0.426,0.079,0.240,71.0,763.2,1195.7,1322.9,381.6,114.5,610.6,508.8,661.4,180.6,814.1,941.3,534.2,865.0,712.3
"Bucklingpaté (sweet cured herring, smoked)",1238,346,11.1,,0.9,0.0,33.1,0.0,1.8,141.50,0.00,8.00,8.00,,,,,,,,,,,,,,,700,199,31,18,1.21,0.06,0.90,0.2,0,8.428,16.181,5.731,,2.247,3.483,,,,,,,,,,,,,,,
"Buckwheat groats, raw",1240,355,7.0,6.7,77.5,2.3,1.4,0.0,0.0,2.00,12.00,0.00,0.00,0.10,0.00,0.39,0.10,2.20,3.50,0.40,1.45,,29.0,,0.0,0.0,0.0,1,242,11,101,1.50,0.62,2.50,0.3,76.08,0.334,0.167,0.759,0.000,0.049,0.710,0.0,288.2,516.4,456.4,132.1,73.3,324.3,168.1,276.2,132.1,432.4,588.5,180.2,468.4,276.2
"Cheese, semihard, Feta, 50 % fidm",1243,303,17.8,15.7,1.4,0.0,25.1,0.0,2.6,232.50,111.00,0.26,0.26,0.64,22.25,0.05,0.45,5.89,1.80,0.25,1.36,1.5,62.0,,1.1,0.0,0.0,1057,187,220,20,0.18,0.07,2.38,0.2,0,16.274,6.777,0.708,,0.189,0.518,83.0,976.5,1646.1,1422.9,502.2,64.2,920.7,976.5,613.8,245.5,1199.7,558.0,502.2,362.7,1869.3
"Cheese, firm, skimmed milk, max. 5 % fidm.",1244,185,43.1,38.0,1.0,0.0,0.9,0.0,1.1,8.67,4.00,0.05,0.05,0.02,0.00,,,9.91,,,,,,,,,,440,,1280,,,,,0.1,0,0.582,0.242,0.026,,0.007,0.019,5.0,2364.3,3985.5,3445.1,1215.9,155.4,2229.2,2364.3,1486.1,594.4,2904.7,1351.0,1215.9,878.2,4525.9
Tomato puree,1246,43,1.6,1.1,8.6,0.4,0.2,0.0,1.1,122.33,734.00,0.00,0.00,2.30,,0.10,0.05,1.48,1.30,0.18,0.25,1.5,72.0,2.0,0.0,9.0,9.0,433,798,20,30,0.60,0.15,0.20,8.6,0,0.037,0.024,0.099,0.000,0.009,0.090,0.0,38.4,51.2,48.6,11.5,2.8,43.5,22.3,41.0,10.8,41.0,33.3,24.1,28.2,30.7
"Eel, raw",1248,310,15.1,15.5,0.0,0.0,27.7,0.0,0.1,1800.00,0.00,30.00,30.00,8.00,0.00,0.15,0.31,6.70,3.80,0.24,0.14,,14.0,,4.4,1.0,1.0,46,256,35,15,0.35,0.03,2.00,0.0,0,7.910,13.600,7.270,,,,108.0,855.7,1314.1,1803.0,519.5,143.6,733.4,641.8,825.1,174.2,1008.5,1100.2,641.8,1161.3,764.0
"Pork, thick belly with rind, raw",1249,358,15.0,12.4,0.0,0.0,33.1,0.0,0.1,13.95,0.00,0.56,0.21,0.40,0.00,0.51,0.13,6.53,3.80,0.20,0.48,4.6,5.1,,0.9,0.0,0.0,58,217,7,13,0.47,0.06,1.31,0.0,0,12.036,14.396,3.400,0.130,0.287,3.113,70.3,757.3,1245.8,1343.5,464.1,100.2,561.8,513.0,684.0,163.7,757.3,952.7,488.6,732.8,561.8
"Beef, flatribs (short ribs), raw",1251,330,15.3,13.3,0.0,0.0,29.9,0.0,0.2,37.00,0.00,0.90,0.90,0.90,0.00,0.03,0.14,7.94,4.80,0.37,0.48,0.0,4.0,4.0,1.4,0.0,0.0,70,250,4,17,1.60,0.06,3.80,0.0,0,12.623,14.273,1.210,,0.370,0.840,74.0,796.8,1248.3,1381.1,398.4,119.5,637.4,531.2,690.6,188.6,849.9,982.7,557.8,903.0,743.7
"Rice, polished, raw",1252,354,8.4,6.7,77.1,0.7,1.2,0.0,0.0,0.00,0.00,0.00,0.00,0.05,0.00,0.07,0.04,1.98,1.40,0.11,0.55,3.0,31.0,,0.0,0.0,0.0,2,150,53,35,1.20,0.20,1.70,0.0,78.1,0.275,0.293,0.417,0.000,0.011,0.406,0.0,367.1,649.5,310.6,197.7,98.8,451.8,240.0,282.4,118.6,550.7,635.4,183.6,381.2,381.2
"Bouillon, beef, concentrated, cube",1253,160,17.0,14.9,15.8,0.0,3.2,0.0,56.3,0.00,0.00,0.00,0.00,0.00,,0.05,3.40,9.34,8.80,0.33,0.00,0.0,0.0,0.0,0.6,0.0,0.0,22500,170,60,120,2.90,0.71,1.80,4.0,12,1.490,1.250,0.120,0.046,0.010,0.090,7.0,228.5,326.4,435.2,46.2,13.6,193.1,68.0,250.2,32.6,380.8,652.8,380.8,598.4,380.8
Rice flour,1255,360,7.3,6.3,79.3,0.8,1.3,0.0,0.0,0.00,0.00,0.00,0.00,0.00,,0.08,0.03,1.62,1.90,0.20,0.50,1.0,10.0,8.0,0.0,0.0,0.0,3,117,5,36,1.10,0.20,1.70,0.0,78.1,0.297,0.317,0.451,0.000,0.012,0.439,0.0,331.3,625.8,282.2,208.6,81.0,392.6,380.4,245.4,96.9,503.1,589.0,184.1,343.6,331.3
"Cocoa, powder",1256,405,16.5,12.9,23.2,24.0,21.9,0.0,0.1,6.67,40.00,0.00,0.00,0.20,0.00,0.10,0.15,5.47,2.00,0.07,,,41.0,31.0,0.0,0.0,0.0,35,3490,105,523,11.00,3.60,10.10,0.0,10.5,12.897,7.284,0.624,0.000,0.000,0.624,0.0,659.7,972.2,729.1,204.8,204.8,729.1,520.8,694.4,208.3,1076.3,1076.3,281.2,729.1,833.3
"Olives, black, salted, in oil",1257,358,2.2,,4.9,3.8,35.8,0.0,8.2,6.67,40.00,0.00,0.00,1.99,,0.00,0.00,0.09,0.00,0.01,0.02,0.0,,,0.0,0.0,0.0,3288,38,80,16,1.60,0.23,0.15,1.8,0,5.014,24.992,4.004,0.000,0.220,3.783,0.0,,,,,,,,,5.3,,,,,
"Rye flour, bolted (extraction rate 85 %)",1258,339,7.8,6.7,68.5,9.0,1.8,0.0,0.0,0.00,0.00,0.00,,0.59,,0.33,0.08,1.66,,0.40,0.43,,70.0,,0.0,0.0,,3,313,29,51,2.00,0.22,1.72,6.1,60.91,0.200,0.200,0.900,0.000,0.080,0.610,,314.6,547.2,342.0,134.1,124.5,383.0,205.2,301.0,99.9,465.1,451.4,205.2,383.0,711.4
"Cheese, firm, Danbo, 30 % fidm.",1259,257,27.7,25.0,0.0,0.0,15.8,0.0,1.8,143.33,68.00,0.17,0.17,0.40,27.81,0.06,0.33,6.63,0.10,0.09,0.34,1.5,60.0,1.0,1.5,0.0,0.0,737,83,723,32,0.18,0.09,4.40,0.0,0,10.126,4.446,0.369,,0.086,0.283,51.0,1557.9,2626.1,2270.0,801.2,102.4,1468.8,1557.9,979.2,391.7,1913.9,890.2,801.2,578.6,2982.2
"Beef, flank, raw",1261,335,16.1,12.9,0.0,0.0,30.1,0.0,0.2,38.00,0.00,0.90,0.90,0.91,0.00,0.03,0.11,7.95,4.90,0.37,0.47,0.0,4.0,4.0,1.4,0.0,0.0,65,250,4,17,1.40,0.05,3.80,0.0,0,12.703,14.372,1.219,,0.370,0.850,73.0,772.8,1210.7,1339.5,386.4,115.9,618.2,515.2,669.8,182.9,824.3,953.1,541.0,875.8,721.3
"Tomato ketchup, bottled",1262,114,2.5,1.8,18.9,3.3,2.4,0.0,2.7,99.83,599.00,0.00,0.00,1.50,,0.04,0.05,0.82,0.60,0.13,0.25,1.5,5.0,2.0,0.0,3.9,3.9,1090,376,19,18,0.60,0.15,0.20,17.3,1.1,0.441,0.291,1.188,0.000,0.108,1.080,0.0,60.0,84.0,80.0,18.4,8.4,64.0,25.2,60.0,13.2,64.0,52.0,40.0,48.0,52.0
"Milk, whole, 3.5, (UHT), % fat",1265,63,3.4,3.1,4.4,0.0,3.5,0.0,0.1,33.67,16.00,0.10,0.10,0.09,0.00,0.04,0.17,0.86,0.09,0.05,0.34,2.0,11.0,4.0,0.5,1.2,1.2,43,148,112,11,0.06,0.01,0.47,4.6,0,2.244,0.932,0.098,,0.026,0.072,14.0,198.4,327.2,305.7,85.8,26.3,171.6,144.8,144.8,46.1,236.0,118.0,96.5,69.7,332.5
"Milk, whole, organic, 3.5 % fat",1266,64,3.4,3.1,4.7,0.0,3.5,0.0,0.1,36.67,16.00,0.02,0.01,0.09,0.24,0.04,0.18,0.88,0.11,0.05,0.37,1.0,11.0,4.0,0.4,1.2,1.2,35,149,119,11,0.02,0.01,0.36,4.4,0,2.297,0.709,0.083,0.127,0.022,0.050,14.0,198.0,326.4,305.0,85.6,26.2,171.2,144.5,144.5,46.0,235.4,117.7,96.3,69.6,331.7
"Lamb, loin, raw",1268,290,15.8,13.3,10.7,0.0,20.4,0.0,0.2,45.00,0.00,0.40,0.40,0.70,0.00,0.09,0.16,6.44,4.00,0.15,0.55,1.0,1.4,,1.0,0.0,0.0,61,230,13,17,1.20,0.16,2.10,0.0,0,8.845,5.869,0.493,0.639,0.199,0.294,82.0,783.7,1289.3,1441.0,404.5,134.0,632.0,632.0,682.6,146.6,859.5,1061.8,455.0,834.2,733.1
"Pork, meat, approx. 32 % fat, raw",1269,346,14.4,11.8,0.0,0.0,32.0,0.0,0.1,3.00,0.00,0.54,0.23,0.10,0.00,0.57,0.18,5.52,2.80,0.24,0.60,2.6,2.5,,0.7,0.0,0.0,55,204,6,14,0.63,0.10,3.60,0.0,0,12.726,14.354,2.360,,0.183,2.177,72.0,720.0,1080.0,1320.0,360.0,98.4,552.0,504.0,624.0,163.2,792.0,888.0,552.0,768.0,600.0
Yoghurt with strawberries,1270,84,3.3,2.9,9.6,0.5,3.1,0.0,0.1,28.33,14.00,0.09,0.09,0.08,0.00,0.04,0.16,0.87,0.12,0.04,0.31,1.8,17.5,,0.2,0.0,0.0,40,148,119,12,0.08,0.01,0.49,10.6,0,2.008,0.835,0.087,,0.023,0.064,12.0,175.8,315.4,294.7,82.7,21.7,144.8,149.9,139.6,45.0,222.3,113.7,87.9,67.2,310.2
"Rice, parboiled, raw",1271,358,7.8,6.2,78.5,0.9,1.2,0.0,0.0,0.00,0.00,0.00,,0.05,0.00,0.61,0.04,1.84,5.00,0.40,0.90,3.0,18.0,9.0,0.0,0.0,0.0,2,150,130,35,1.20,0.20,1.70,0.0,78.1,0.275,0.293,0.417,0.000,0.011,0.406,0.0,340.9,603.1,288.4,183.5,91.8,419.5,222.9,262.2,110.1,511.3,590.0,170.4,354.0,354.0
Potato flour,1272,342,0.5,0.4,84.7,0.3,0.1,0.0,0.0,0.00,0.00,0.00,0.00,0.00,,0.01,0.00,0.12,0.08,0.01,,,82.0,,0.0,0.0,0.0,4,34,25,6,0.38,0.08,0.16,0.0,84.2,0.019,0.005,0.056,0.000,0.032,0.024,0.0,17.2,25.4,26.9,6.3,3.8,18.7,9.0,15.7,7.1,27.6,19.4,8.2,13.4,16.4
Yoghurt with mixed berries,1273,86,3.3,2.9,10.1,0.5,3.1,0.0,0.1,28.33,14.00,0.09,0.09,0.08,0.00,0.04,0.16,0.87,0.12,0.04,0.31,1.8,23.0,,0.2,0.0,0.0,41,150,111,12,0.08,0.01,0.49,10.6,0,2.008,0.835,0.087,,0.023,0.064,12.0,175.8,315.4,294.7,82.7,21.7,144.8,149.9,139.6,45.0,222.3,113.7,87.9,67.2,310.2
"Cheese, firm, 30 % fidm., all varieties",1274,263,28.7,25.3,1.0,0.0,16.0,0.0,1.8,147.67,70.00,0.18,0.18,0.41,0.00,0.06,0.33,6.70,0.10,0.09,0.34,1.5,60.0,1.0,1.5,0.0,0.0,729,81,733,32,0.19,0.09,4.50,0.0,0,10.360,4.310,0.450,,0.120,0.330,53.0,1574.3,2653.8,2294.0,809.6,103.5,1484.3,1574.3,989.6,395.8,1934.1,899.6,809.6,584.7,3013.7
"Baby food, infant formula, high iron content, powder",1275,505,11.3,,56.7,0.0,25.9,0.0,0.5,465.00,,8.25,,4.35,25.75,0.43,0.55,6.80,6.80,0.45,3.05,12.0,43.0,,1.0,67.0,,213,565,422,48,5.20,0.24,4.05,56.7,0,0.700,0.700,24.428,,1.829,22.599,,,,,,,,,,,,,,,
"Peach, dried",1276,333,4.9,3.0,68.9,14.3,1.0,0.0,0.2,83.33,500.00,0.00,0.00,,,0.00,0.07,1.69,1.30,0.15,0.30,,14.0,10.0,0.0,4.8,4.8,79,945,25,80,6.80,0.63,0.57,51.1,0,0.093,0.314,0.417,0.000,0.010,0.407,0.0,76.6,168.1,179.9,179.9,54.7,109.5,121.2,168.1,23.5,238.5,101.7,101.7,93.8,168.1
"Cheese, Camembert, 50 % fidm.",1277,305,17.5,17.2,0.0,0.0,26.1,0.0,1.4,242.17,115.00,0.27,0.27,0.67,28.48,0.05,0.45,6.29,1.80,0.25,1.36,6.0,62.0,3.0,1.1,0.0,0.0,570,98,490,20,0.18,,2.38,0.1,0,16.925,7.041,0.738,,0.199,0.539,79.0,1070.7,1804.9,1560.2,550.7,70.4,1009.5,1070.7,673.0,269.2,1315.5,611.8,550.7,397.7,2049.7
Yoghurt with peach melba,1284,87,3.3,2.9,10.3,0.5,3.2,0.0,0.1,29.33,14.00,0.09,0.09,0.08,0.00,0.04,0.16,0.87,0.12,0.04,0.31,1.8,21.0,,0.2,0.2,0.2,40,150,114,12,0.08,0.01,0.49,10.7,0,2.070,0.861,0.091,,0.024,0.067,13.0,175.8,315.4,294.8,82.7,21.7,144.8,150.0,139.6,45.0,222.4,113.8,87.9,67.2,310.3
"Yoghurt, whole milk, with fruit",1286,89,3.3,2.9,10.5,0.5,3.2,0.0,0.1,17.83,14.00,0.09,0.09,0.06,0.00,0.04,0.16,0.88,0.13,0.04,0.25,1.5,23.0,,0.2,0.0,0.0,32,151,118,12,0.08,0.02,0.39,10.3,0,2.098,0.638,0.085,0.140,0.018,0.055,13.0,175.8,315.4,294.8,82.7,21.7,144.8,150.0,139.6,45.0,222.4,113.8,87.9,67.2,310.3
"Cheese, firm, Maribo, 30 % fidm.",1288,268,29.1,25.7,1.0,0.0,16.4,0.0,2.2,151.00,72.00,0.18,0.18,0.42,0.00,0.06,0.33,6.79,0.10,0.09,0.34,1.5,60.0,1.0,1.5,0.0,0.0,872,81,930,32,0.19,0.09,4.50,0.0,0,10.619,4.419,0.460,,0.120,0.340,54.0,1596.4,2691.0,2326.1,821.0,104.9,1505.1,1596.4,1003.4,401.4,1961.2,912.2,821.0,592.9,3055.9
Yoghurt with pear and banana,1289,89,3.3,2.9,10.5,0.5,3.2,0.0,0.1,29.33,14.00,0.09,0.09,0.08,0.00,0.04,0.16,0.87,0.12,0.04,0.31,1.8,23.0,,0.2,0.0,0.0,41,152,118,12,0.09,0.01,0.49,10.3,0,2.072,0.861,0.091,,0.024,0.067,13.0,175.8,315.4,294.7,82.7,21.7,144.8,149.9,139.6,45.0,222.3,113.7,87.9,67.2,310.2
Yoghurt with cherries,1290,89,3.4,3.0,10.8,0.5,3.1,0.0,0.1,28.33,14.00,0.09,0.09,0.08,0.00,0.04,0.16,0.90,0.12,0.04,0.31,1.8,23.0,,0.2,0.0,0.0,41,152,118,12,0.09,0.01,0.49,10.3,0,2.008,0.835,0.087,,0.023,0.064,12.0,181.2,325.1,303.8,85.3,22.4,149.2,154.6,143.9,46.4,229.2,117.3,90.6,69.3,319.8
"Milk, acidophilus cultured from whole milk, 3.5% fat",1291,65,4.9,4.4,2.8,0.0,3.4,0.0,0.1,24.50,15.00,0.10,0.10,0.08,7.62,0.04,0.22,1.23,0.11,0.04,0.31,1.1,6.2,,0.3,0.3,0.3,36,153,126,12,0.03,0.01,0.54,3.5,0,2.303,0.677,0.094,0.144,0.022,0.056,14.0,260.1,504.9,436.1,122.4,31.4,237.2,237.2,214.2,67.3,344.3,160.7,130.1,107.1,474.3
Poppy seeds,1292,539,18.4,19.0,8.3,15.0,44.7,0.0,0.1,0.00,0.00,0.00,,0.50,,0.85,0.17,5.21,0.98,0.55,,,0.0,,0.0,0.0,,21,700,1448,331,9.39,,10.23,3.0,0,4.787,6.359,30.873,0.000,0.330,30.542,0.0,894.7,1471.9,1096.7,461.8,461.8,894.7,692.6,894.7,254.0,1298.7,1991.3,519.5,1125.5,1067.8
"Barley flour, raw",1294,338,9.2,8.4,64.7,7.6,3.0,0.0,0.0,0.00,0.00,0.00,0.00,0.25,,0.33,0.11,1.92,5.70,0.33,,,,,0.0,0.0,0.0,3,360,23,89,4.50,0.56,2.80,0.0,56,0.533,0.257,1.370,0.000,0.132,1.238,0.0,410.3,741.7,347.2,157.8,189.4,536.5,268.3,331.4,115.2,568.1,441.8,236.7,362.9,1199.3
"Pastilles, sugar added, unspecified",1295,349,4.4,,84.9,0.0,1.6,0.0,0.4,0.00,,,,,,,,,,,,,,,,,,178,355,80,102,7.00,0.30,0.31,70.1,0,1.380,0.460,0.080,0.000,,,,,,,,,,,,,,,,,
"Pasta, boiled",1296,128,5.0,4.6,25.0,2.0,0.4,0.0,0.0,0.00,0.00,0.00,0.00,0.07,0.00,0.04,0.01,0.91,0.30,0.01,0.06,0.2,2.0,0.0,0.0,0.0,0.0,2,78,13,24,0.60,0.20,0.70,0.0,26.88,0.056,0.042,0.178,0.000,0.012,0.166,0.0,228.0,385.9,114.0,81.6,76.3,280.6,96.5,140.3,54.4,254.3,201.7,122.8,184.2,649.0
Corn flour,1297,361,8.0,6.9,74.3,3.2,2.8,0.0,0.0,16.17,97.00,0.00,0.00,1.11,0.00,0.33,0.11,0.85,5.70,0.33,,,20.0,,0.0,,,1,120,6,47,1.10,,0.50,1.3,87,0.442,0.803,1.387,0.000,0.047,1.340,0.0,294.4,1011.2,217.6,153.6,128.0,409.6,307.2,294.4,51.2,384.0,332.8,217.6,294.4,716.8
"Cheese, semihard, Mozzarella, 30 % fidm.",1299,279,28.9,25.5,1.0,0.0,17.7,0.0,1.5,163.00,78.00,0.19,0.19,0.45,0.00,0.06,0.33,6.74,0.10,0.09,0.34,1.5,60.0,1.0,1.5,0.0,0.0,601,81,740,32,0.19,0.09,4.50,0.0,0,11.464,4.762,0.500,,0.130,0.370,58.0,1585.5,2672.7,2310.3,815.4,104.2,1494.9,1585.5,996.6,398.6,1947.9,906.0,815.4,588.9,3035.1
Wheat flour,1301,343,9.7,9.4,69.7,6.0,1.5,0.0,0.0,1.33,8.00,0.00,0.00,0.43,0.00,0.16,0.03,2.15,0.37,0.07,0.35,2.3,30.6,,0.0,0.0,0.0,0,155,18,25,1.17,0.13,0.87,1.1,55.424117375,0.382,0.000,0.855,0.000,0.000,0.855,0.0,368.0,752.5,247.5,168.5,238.0,538.0,310.0,296.0,129.0,448.0,418.0,234.0,401.0,1265.0
"Eel, smoked",1302,329,19.4,16.2,0.2,0.0,27.8,0.0,1.6,1800.00,0.00,5.00,5.00,7.50,0.00,0.14,0.31,6.70,3.80,0.15,0.14,,14.0,,5.8,0.0,0.0,652,226,55,21,0.65,0.09,2.60,0.0,0,7.300,13.310,6.840,,4.360,1.290,108.0,962.2,1458.9,1800.3,558.7,145.9,807.0,682.9,869.1,173.8,1086.4,1148.5,776.0,1148.5,838.1
"Cheese, Cream, 70 % fidm.",1304,380,9.6,8.5,1.9,0.0,36.9,0.0,1.2,341.00,162.00,0.36,0.36,0.94,0.00,0.04,0.20,2.31,0.10,0.06,0.27,1.5,13.0,,0.2,0.0,0.0,472,119,230,6,0.30,0.07,0.54,2.2,0,23.884,9.936,1.051,,0.280,0.770,122.0,526.8,888.0,767.6,270.9,34.6,496.7,526.8,331.1,132.4,647.2,301.0,270.9,195.7,1008.4
Yoghurt with müsli,1305,87,3.5,3.1,9.3,1.0,3.3,0.0,0.1,30.50,15.00,0.09,0.09,0.08,0.00,0.04,0.16,0.92,0.12,0.04,0.31,1.8,23.0,,0.2,0.1,0.1,39,145,115,13,0.08,0.01,0.49,3.7,5.6,2.136,0.889,0.094,,0.025,0.069,13.0,186.7,334.9,312.9,87.8,23.1,153.7,159.2,148.2,47.8,236.1,120.8,93.3,71.4,329.4
"Wheat flour, breadmaking (extraction rate 75%)",1308,349,10.0,,72.1,2.9,1.6,0.0,0.0,1.83,11.00,,,0.42,,0.18,0.03,2.15,,,0.48,,,,,,,2,146,18,24,1.01,0.15,0.65,0.3,71.8,,,,0.000,,,,368.0,752.5,247.5,168.5,238.0,538.0,310.0,296.0,129.0,448.0,418.0,234.0,401.0,1265.0
Semolina,1311,353,9.4,,74.8,2.7,1.2,0.0,0.0,0.00,0.00,0.00,0.00,0.10,30.00,0.21,0.05,1.62,1.00,0.09,0.50,1.0,42.0,12.0,0.0,0.0,0.0,1,117,17,6,0.60,0.41,3.30,0.6,74.4,0.000,0.000,0.000,0.000,0.000,0.000,0.0,360.0,640.0,210.0,140.0,150.0,450.0,190.0,240.0,97.0,420.0,330.0,190.0,310.0,1000.0
Baking powder,1312,172,5.2,,37.8,0.0,0.0,0.0,29.5,0.00,0.00,0.00,0.00,0.00,0.00,0.00,0.00,1.00,0.00,0.00,0.00,0.0,0.0,0.0,0.0,0.0,0.0,11800,49,11300,9,0.00,,2.80,0.0,37.8,0.000,0.000,0.000,0.000,0.000,0.000,0.0,,,,,,,,,59.9,,,,,
"Cheese, Brie, 50 % fidm.",1313,331,19.8,17.5,0.4,0.0,27.8,0.0,1.8,256.33,122.00,0.28,0.28,0.71,0.00,0.05,0.34,4.93,0.38,0.24,0.69,6.0,90.0,2.0,1.7,0.0,0.0,700,152,600,20,0.21,0.07,2.38,0.1,0,17.998,7.483,0.790,,0.210,0.580,92.0,1086.1,1830.8,1582.5,558.5,71.4,1024.0,1086.1,682.7,273.1,1334.3,620.6,558.5,403.4,2079.0
"Peas, green, canned",1314,75,5.2,4.1,8.4,6.6,0.8,0.0,0.6,66.67,400.00,0.00,0.00,0.04,70.00,0.14,0.07,1.55,0.80,0.05,0.15,0.0,22.0,9.0,0.0,9.6,9.6,252,37,31,6,1.40,0.03,0.23,4.7,3.4,0.144,0.061,0.436,0.000,0.075,0.361,0.0,251.2,376.8,351.7,57.8,17.6,217.7,150.7,226.1,45.2,318.2,552.6,108.9,201.0,192.6
"Lamb, flank, raw",1315,369,14.5,12.2,0.1,0.0,34.5,0.0,0.2,45.00,0.00,0.40,0.40,0.70,0.00,0.18,0.30,6.54,4.30,0.20,0.55,1.0,2.0,,1.2,0.0,0.0,70,270,5,22,1.40,0.12,2.60,0.0,0,17.533,13.667,1.678,,0.839,0.839,82.0,719.2,1183.2,1322.4,371.2,123.0,580.0,580.0,626.4,134.6,788.8,974.4,417.6,765.6,672.8
"Lamb, breast, raw",1316,369,14.5,12.2,0.1,0.0,34.5,0.0,0.2,45.00,0.00,0.40,0.40,0.70,0.00,0.18,0.30,6.54,4.30,0.20,0.55,1.0,2.6,1.0,1.2,1.0,1.0,66,218,13,17,1.50,0.12,3.42,0.0,0,16.757,13.040,1.599,,0.799,0.799,87.0,719.2,1183.2,1322.4,371.2,123.0,580.0,580.0,626.4,134.6,788.8,974.4,417.6,765.6,672.8
"Beansprouts, soy, raw",1317,57,6.2,5.1,4.5,0.8,1.4,0.0,0.1,8.00,48.00,0.00,0.00,0.09,,0.34,0.12,2.40,1.15,0.03,0.00,0.0,100.0,4.0,0.0,15.3,15.3,30,36,67,10,2.10,0.09,0.80,0.4,4.1,0.200,0.200,0.780,0.000,,,0.0,277.8,446.4,357.1,65.5,74.4,307.5,228.2,238.1,75.4,297.6,426.6,168.6,238.1,317.4
"Cheese, firm, Samsoe, 30 % fidm.",1318,279,30.1,26.5,1.0,0.0,17.2,0.0,1.5,158.67,76.00,0.19,0.19,0.44,24.64,0.06,0.33,7.02,0.10,0.09,0.34,1.5,60.0,1.0,1.5,0.0,0.0,617,81,1050,32,0.19,0.09,4.50,0.0,0,11.125,4.624,0.489,,0.130,0.360,57.0,1651.3,2783.6,2406.2,849.2,108.5,1556.9,1651.3,1038.0,415.2,2028.7,943.6,849.2,613.3,3161.1
Goat milk,1320,69,3.6,3.0,4.4,0.0,4.1,0.0,0.1,38.23,18.22,0.06,0.06,0.11,0.00,0.05,0.14,1.01,0.28,0.05,0.31,2.0,1.0,,0.1,1.3,1.3,50,204,134,14,0.05,0.05,0.30,4.4,0,2.591,1.157,0.165,,0.044,0.121,11.0,206.5,312.5,290.2,78.1,45.8,156.2,178.6,161.8,44.1,239.9,117.2,89.3,50.2,368.3
Thistle oil,1323,900,0.0,,0.0,0.0,100.0,0.0,0.0,0.00,0.00,0.00,0.00,38.70,0.00,0.00,0.00,0.00,0.00,0.00,0.00,,0.0,,0.0,0.0,0.0,0,0,0,0,0.00,,0.00,0.0,0,8.696,12.103,74.801,,0.154,74.648,0.0,,,,,,,,,0.0,,,,,
"Oil, corn germ",1333,900,0.0,,0.0,0.0,100.0,0.0,0.0,0.00,0.00,0.00,0.00,11.20,60.00,0.00,0.00,0.00,0.00,0.00,,,,,0.0,0.0,0.0,0,0,0,,0.00,,,0.0,0,12.200,27.500,56.300,,,,0.0,,,,,,,,,,,,,,
"Rolls, sweet dough type",1334,296,9.1,7.9,48.7,3.0,6.6,0.0,0.8,0.00,,,,0.90,,0.18,0.08,1.56,,0.07,,,43.3,,,,,322,141,51,24,1.09,0.13,0.82,4.2,44.525,3.404,2.084,0.764,0.000,,,,390.0,670.8,218.4,145.1,171.6,468.0,218.4,265.2,93.6,452.4,358.8,202.8,374.4,1029.6
Wheat germ oil,1335,900,0.0,0.0,0.0,0.0,100.0,0.0,0.0,0.00,0.00,0.00,0.00,149.40,0.00,0.00,0.00,0.00,0.00,0.00,0.00,,0.0,,0.0,0.0,0.0,0,0,0,0,0.00,,0.00,0.0,0,14.953,13.142,53.605,,6.001,47.604,0.0,0.0,0.0,0.0,0.0,0.0,0.0,0.0,0.0,0.0,0.0,0.0,0.0,0.0,0.0
"Oil, cotton seed",1345,900,0.0,0.0,0.0,0.0,100.0,0.0,0.0,0.00,0.00,0.00,0.00,35.30,0.00,0.00,0.00,0.00,0.00,0.00,0.00,,0.0,,0.0,0.0,0.0,0,0,0,0,0.00,0.00,0.00,0.0,0,25.854,17.837,51.909,,0.200,51.708,0.0,0.0,0.0,0.0,0.0,0.0,0.0,0.0,0.0,0.0,0.0,0.0,0.0,0.0,0.0
Sorbitol,1351,240,0.0,,100.0,0.0,0.0,0.0,0.0,0.00,0.00,0.00,0.00,0.00,0.00,0.00,0.00,0.00,0.00,0.00,0.00,0.0,0.0,,0.0,0.0,0.0,0,,,,,,,0.0,0,0.000,0.000,0.000,0.000,,,0.0,,,,,,,,,0.0,,,,,
"Oil, palm",1355,900,0.0,0.0,0.0,0.0,100.0,0.0,0.0,0.00,0.00,0.00,0.00,19.10,8.00,0.00,0.00,0.00,0.00,0.00,0.00,,0.0,,0.0,0.0,0.0,0,0,0,0,0.01,,0.00,0.0,0,49.105,37.155,9.339,,0.201,9.138,0.0,0.0,0.0,0.0,0.0,0.0,0.0,0.0,0.0,0.0,0.0,0.0,0.0,0.0,0.0
"Oil, cocoa butter",1364,900,0.0,0.0,0.0,0.0,100.0,0.0,0.0,0.00,0.00,0.00,0.00,1.80,0.00,0.00,0.00,0.00,0.00,0.00,0.00,0.0,0.0,,0.0,0.0,0.0,0,0,0,0,0.00,0.00,0.00,0.0,0,59.446,33.217,2.937,,0.101,2.836,0.0,0.0,0.0,0.0,0.0,0.0,0.0,0.0,0.0,0.0,0.0,0.0,0.0,0.0,0.0
Mustard powder,1369,482,28.9,,21.1,12.0,28.7,0.0,0.0,0.00,,0.00,0.00,,0.00,,,,,,,,,,0.0,0.0,0.0,5,940,330,260,10.90,0.20,6.50,6.8,0,1.500,19.800,5.400,0.000,,,,,,,,,,,,,,,,,
Palm kernel oil,1377,900,0.0,0.0,0.0,0.0,100.0,0.0,0.0,0.00,0.00,0.00,0.00,25.60,0.00,0.00,0.00,0.00,0.00,0.00,0.00,,0.0,,0.0,0.0,0.0,0,0,0,0,0.00,,0.00,0.0,0,81.500,11.400,1.600,,0.000,1.600,0.0,0.0,0.0,0.0,0.0,0.0,0.0,0.0,0.0,0.0,0.0,0.0,0.0,0.0,0.0
Peanut oil,1380,900,0.0,0.0,0.0,0.0,100.0,0.0,0.0,0.00,0.00,0.00,0.00,13.00,0.00,0.00,0.00,0.00,0.00,0.00,0.00,,0.0,,0.0,0.0,0.0,0,0,0,0,0.03,,0.01,0.0,0,18.020,44.285,32.746,,0.245,32.502,0.0,0.0,0.0,0.0,0.0,0.0,0.0,0.0,0.0,0.0,0.0,0.0,0.0,0.0,0.0
Sunflower oil,1382,900,0.0,0.0,0.0,0.0,100.0,0.0,0.0,4.33,26.00,0.00,0.00,55.00,0.00,0.00,0.00,0.00,0.00,0.00,0.00,0.0,0.0,0.0,0.0,0.0,0.0,0,0,0,0,0.00,,0.00,0.0,0,10.161,22.034,62.978,,0.000,62.978,0.0,0.0,0.0,0.0,0.0,0.0,0.0,0.0,0.0,0.0,0.0,0.0,0.0,0.0,0.0
Walnut oil,1384,900,0.0,0.0,0.0,0.0,100.0,0.0,0.0,0.00,0.00,0.00,0.00,0.40,0.00,0.00,0.00,0.00,0.00,0.00,0.00,,0.0,,0.0,0.0,0.0,0,0,0,0,0.00,,0.00,0.0,0,9.019,22.748,63.433,,10.422,53.011,0.0,0.0,0.0,0.0,0.0,0.0,0.0,0.0,0.0,0.0,0.0,0.0,0.0,0.0,0.0
"Beet, red, danish, raw",1390,41,1.1,0.5,8.1,2.1,0.0,0.0,0.2,0.00,0.00,0.00,,0.00,0.00,0.00,0.02,0.07,0.07,0.03,0.13,0.0,32.9,,,1.9,,66,304,15,14,0.22,0.08,0.30,6.6,0.6,,,,0.000,,,,0.0,31.6,30.2,0.0,12.1,0.0,0.0,22.7,0.0,29.3,30.1,0.0,13.0,2.6
"Kale, Danish, raw",1391,43,3.4,2.6,2.4,5.8,0.8,0.0,0.0,424.79,2548.75,0.00,,2.55,76.94,0.05,0.19,2.42,1.42,0.27,0.34,7.0,90.1,,,46.4,,12,461,245,25,1.35,0.05,0.35,1.4,0,0.108,0.024,0.537,0.000,,,,126.3,226.3,190.4,54.8,38.9,162.6,104.3,144.8,60.1,178.8,190.1,72.9,147.0,232.5
"Lettuce, iceberg (incl. crisphead types), danish, raw",1394,12,0.9,0.5,1.7,0.9,0.0,0.0,0.0,16.17,97.00,0.00,,0.09,7.68,0.03,0.03,0.13,0.13,0.06,0.07,0.9,45.3,,,3.3,,3,238,15,7,0.35,0.02,0.23,1.8,0,0.000,0.000,0.000,0.000,,,,0.0,38.6,33.7,0.0,2.6,0.0,6.3,24.7,0.0,33.0,32.6,0.0,23.4,14.5
Cod liver oil,1396,900,0.0,,0.0,0.0,100.0,0.0,0.0,30000.00,0.00,250.00,250.00,30.00,0.00,0.00,0.00,0.00,0.00,0.00,0.00,0.0,0.0,0.0,0.0,0.0,0.0,0,0,1,0,0.07,0.01,0.06,0.0,0,19.063,40.792,33.915,,29.522,4.393,450.0,,,,,,,,,,,,,,
"Dumplings, frozen",1406,211,7.0,,13.7,1.1,14.0,0.0,2.5,0.00,,1.40,,3.40,,0.10,0.20,1.60,1.60,0.10,,,4.0,,0.5,0.0,,980,86,29,13,1.00,,0.70,0.2,13.2,3.800,6.300,2.500,0.000,0.500,,,,,,,,,,,,,,,,
"Oil, sesame",1412,900,0.0,0.0,0.0,0.0,100.0,0.0,0.0,0.00,0.00,0.00,0.00,1.40,,0.00,0.00,0.00,0.00,0.00,0.00,,0.0,,0.0,0.0,0.0,0,0,0,0,0.00,,0.00,0.0,0,14.454,41.593,39.553,,0.391,39.162,0.0,0.0,0.0,0.0,0.0,0.0,0.0,0.0,0.0,0.0,0.0,0.0,0.0,0.0,0.0
"Lettuce, iceberg (incl. crisphead types), imported, raw",1413,14,0.8,0.4,2.1,1.1,0.0,0.0,0.0,19.07,114.40,0.00,,0.09,7.51,0.04,0.03,0.14,0.14,0.05,0.08,0.7,45.5,,,3.2,,9,170,10,7,0.14,0.02,0.15,2.2,0,0.000,0.000,0.000,0.000,,,,0.0,39.6,33.7,0.0,5.0,0.0,0.0,28.1,0.0,30.4,30.7,0.0,25.0,20.3
"Sugar, brown cane sugar",1414,399,0.5,,99.3,0.0,0.0,0.0,0.0,0.00,0.00,0.00,0.00,0.00,0.00,0.00,0.00,0.00,0.00,0.00,0.00,0.0,0.0,,0.0,0.0,0.0,6,89,53,15,0.90,0.06,0.10,99.3,0,0.000,0.000,0.000,0.000,0.000,0.000,0.0,,,,,,,,,,,,,,
Corn oil,1415,900,0.0,0.0,0.0,0.0,100.0,0.0,0.0,0.00,0.00,0.00,0.00,12.00,1.90,0.00,0.00,0.00,0.00,0.00,0.00,0.0,0.0,0.0,0.0,0.0,0.0,0,0,0,0,0.03,,0.00,0.0,0,11.324,27.439,56.237,,1.009,55.228,0.0,0.0,0.0,0.0,0.0,0.0,0.0,0.0,0.0,0.0,0.0,0.0,0.0,0.0,0.0
Linseed oil,1418,900,0.0,0.0,0.0,0.0,100.0,0.0,0.0,0.00,0.00,0.00,0.00,17.50,0.00,0.00,0.00,0.00,0.00,0.00,0.00,,0.0,,0.0,0.0,0.0,0,0,0,0,0.00,,0.00,0.0,0,9.400,20.200,66.000,,53.300,12.700,0.0,0.0,0.0,0.0,0.0,0.0,0.0,0.0,0.0,0.0,0.0,0.0,0.0,0.0,0.0
"Rye bread, soft, no high fat seeds, industrially produced",1420,210,5.0,4.2,40.6,7.3,1.4,0.0,1.2,0.00,,0.00,,0.65,,0.17,0.06,1.04,0.78,0.19,0.20,4.1,26.1,,0.0,0.0,,471,220,25,41,1.43,0.16,1.32,4.9,34.99,0.202,0.317,0.633,0.000,0.085,0.547,,196.9,342.4,214.0,83.9,77.9,239.7,128.4,188.3,62.5,291.0,282.5,128.4,239.7,445.1
"Wheat bread, italien type, retail bakery",1427,249,8.0,7.1,49.9,3.1,1.3,0.0,1.5,0.00,,,,,,0.11,0.05,1.40,1.22,,0.28,2.1,29.6,,0.1,,,602,124,29,22,0.84,0.14,0.61,2.4,47.49,0.287,0.234,0.515,0.000,0.039,0.477,,349.8,601.6,195.9,130.1,153.9,419.7,195.9,237.8,83.9,405.7,321.8,181.9,335.8,923.3
"Oil, grapeseed",1429,900,0.0,0.0,0.0,0.0,100.0,0.0,0.0,0.00,0.00,0.00,0.00,28.80,,0.00,0.00,0.00,0.00,0.00,0.00,,0.0,,0.0,0.0,0.0,0,0,0,0,0.00,,0.00,0.0,0,9.665,18.203,67.732,,0.480,67.252,0.0,0.0,0.0,0.0,0.0,0.0,0.0,0.0,0.0,0.0,0.0,0.0,0.0,0.0,0.0
"Oil, coconut",1440,899,0.0,0.0,0.0,0.0,99.9,0.0,0.0,0.69,4.12,0.00,0.00,0.20,5.00,0.00,0.00,0.00,0.00,0.00,0.00,,0.0,,0.0,0.0,0.0,0,0,0,0,0.02,0.00,0.00,0.0,0,81.666,5.395,1.650,0.000,0.000,1.650,0.0,0.0,0.0,0.0,0.0,0.0,0.0,0.0,0.0,0.0,0.0,0.0,0.0,0.0,0.0
"Saithe (UK), pollock (US), liver oil",1454,900,0.0,,0.1,0.0,99.9,0.0,0.0,60000.00,0.00,500.00,500.00,30.00,0.00,0.00,0.00,0.00,0.00,0.00,,,0.0,0.0,0.0,0.0,0.0,0,,1,0,0.07,0.01,0.06,0.0,0,,,,,,,492.0,,,,,,,,,0.0,,,,,
"Fat, beef tallow",1455,875,5.0,3.8,0.0,0.0,95.0,0.0,0.0,19.00,0.00,2.30,2.30,1.10,0.00,0.00,0.00,1.87,0.00,0.00,0.00,,0.0,,0.0,0.0,0.0,0,0,0,0,0.00,,0.00,0.0,0,47.465,39.730,3.625,,0.589,3.036,109.0,152.0,296.0,336.0,44.0,36.0,184.0,104.0,136.0,112.0,216.0,272.0,128.0,624.0,544.0
"Soyabean oil, refined",1461,900,0.0,0.0,0.0,0.0,100.0,0.0,0.0,0.00,0.00,0.00,0.00,6.10,540.00,0.00,0.00,0.00,0.00,0.00,0.00,0.0,0.0,0.0,0.0,0.0,0.0,0,0,0,0,0.05,,0.01,0.0,0,13.492,21.518,60.590,,6.888,53.702,0.0,0.0,0.0,0.0,0.0,0.0,0.0,0.0,0.0,0.0,0.0,0.0,0.0,0.0,0.0
"Fish fillet, breaded, deepfried, fast food",1465,286,13.4,,21.4,1.5,16.1,0.0,1.3,1.90,,2.72,,4.38,,0.11,0.11,3.68,3.68,0.16,,,,,1.2,,,519,205,38,22,0.56,0.06,0.64,1.2,19.5,2.690,6.957,4.252,0.018,1.011,3.240,,,,,,,,,,,,,,,
Olive oil,1467,900,0.0,0.0,0.0,0.0,100.0,0.0,0.0,0.00,0.00,0.00,0.00,5.10,0.00,0.00,0.00,0.00,0.00,0.00,0.00,0.0,0.0,0.0,0.0,0.0,0.0,2,1,1,0,0.56,,0.00,0.0,0,12.243,74.727,8.730,,0.583,8.147,0.0,0.0,0.0,0.0,0.0,0.0,0.0,0.0,0.0,0.0,0.0,0.0,0.0,0.0,0.0
"Oil, rape seed (no eruca acid)",1483,900,0.0,0.0,0.0,0.0,100.0,0.0,0.0,0.00,0.00,0.00,0.00,18.40,0.00,0.00,0.00,0.00,0.00,0.00,0.00,,0.0,,0.0,0.0,0.0,0,0,0,0,0.00,,0.00,0.0,0,6.116,60.199,29.285,,9.027,20.257,0.0,0.0,0.0,0.0,0.0,0.0,0.0,0.0,0.0,0.0,0.0,0.0,0.0,0.0,0.0
"Celeriac, celery root, danish, raw",1485,30,1.4,0.9,4.2,3.1,0.2,0.0,0.1,0.00,0.00,0.00,,0.47,0.00,0.02,0.05,0.61,0.43,0.18,0.32,4.9,50.7,,,7.2,,55,387,37,13,0.42,0.13,0.38,1.3,0.37,0.045,0.008,0.118,0.000,,,,41.0,68.0,69.4,0.0,15.4,41.6,27.4,45.3,10.5,65.1,39.8,17.8,39.3,33.7
"Arugula, rocket, raw",1492,21,3.3,2.2,0.1,2.4,0.4,0.0,0.1,419.17,2515.00,0.00,,1.48,53.94,0.05,0.21,1.57,0.70,0.20,0.41,2.9,130.6,,,24.7,,31,426,268,40,1.57,0.38,0.36,0.0,0,0.039,0.022,0.145,0.000,,,,105.5,186.3,166.8,39.4,37.4,149.1,90.4,121.0,52.2,154.5,175.6,62.4,121.9,98.9
"Pumpkin seed, dried",1507,568,30.8,30.1,3.3,9.4,45.9,0.0,0.0,0.00,0.00,0.00,0.00,1.97,2.31,0.29,0.16,12.89,2.74,0.10,0.39,13.5,129.0,,0.0,,,20,790,73,460,7.35,1.15,4.95,1.3,0.6517015,7.614,13.486,19.926,0.000,0.095,19.830,,1290.0,2490.0,1360.0,732.0,386.0,1810.0,1190.0,1040.0,609.0,1710.0,5280.0,814.0,1880.0,1390.0
Durum wheat flour,1512,347,12.4,10.7,67.7,6.3,1.6,0.0,0.0,0.00,0.00,0.00,0.00,0.31,,0.15,0.04,2.35,0.55,0.11,0.43,2.5,46.7,,0.0,,,2,205,23,54,2.60,0.33,1.80,1.7,45.128186,0.225,0.130,0.518,0.000,0.000,0.518,,451.0,873.0,252.0,208.0,279.0,640.0,354.0,369.0,141.0,533.0,513.0,281.0,443.0,1400.0
"Wheat bread, white, industrially produced",1521,262,8.4,7.5,47.4,3.2,3.6,0.0,1.1,0.00,0.00,0.00,0.00,0.50,,0.14,0.06,1.48,1.13,0.08,0.27,1.8,24.8,,0.1,0.0,0.0,438,116,32,19,0.94,0.11,0.61,3.2,44.15,1.177,1.101,0.836,0.000,0.078,0.758,,369.7,635.8,207.0,137.5,162.6,443.6,207.0,251.4,88.7,428.8,340.1,192.2,354.9,975.9
"Bread, white, large, retail bakery",1522,274,8.2,,50.1,3.1,3.8,0.0,1.1,0.00,,,,,,0.13,0.06,2.15,1.22,0.06,0.29,1.9,38.2,,0.1,0.0,0.0,444,125,35,21,0.90,0.11,0.59,2.0,48.14,1.063,1.083,1.174,0.028,0.116,1.058,,368.0,752.5,247.5,168.5,238.0,538.0,310.0,296.0,129.0,448.0,418.0,234.0,401.0,1265.0
"Wheat bread, with coarse meal, industrially produced",1523,253,8.9,7.9,43.9,4.7,3.6,0.0,1.1,0.00,,0.00,0.00,0.50,0.37,0.16,0.07,1.57,1.06,0.11,0.27,2.6,23.4,,0.1,0.0,0.0,421,155,26,28,1.18,0.13,0.92,2.5,41.3833333333333,0.875,1.324,0.913,0.000,0.134,0.779,0.0,391.6,673.5,219.3,145.7,172.3,469.9,219.3,266.3,94.0,454.2,360.2,203.6,375.9,1033.7
"Wheat bread, large, with coarse meal, retail bakery",1524,256,8.4,,46.9,4.3,3.0,0.0,1.3,0.00,,,,0.50,,0.18,0.08,2.15,1.58,0.11,0.33,2.8,38.9,,0.1,,,506,170,45,34,1.19,0.15,0.93,2.9,44.0296296296296,0.795,0.754,1.050,0.007,0.088,0.962,,368.0,752.5,247.5,168.5,238.0,538.0,310.0,296.0,129.0,448.0,418.0,234.0,401.0,1265.0
"Tiger prawn, aquaculture, raw, frozen",1548,68,15.7,,0.0,0.0,0.6,0.0,1.0,0.00,0.00,0.00,0.00,1.15,,0.03,0.03,1.55,1.55,0.09,0.22,1.1,,,1.4,0.0,0.0,412,104,72,30,0.58,0.22,0.97,0.0,0,0.197,0.158,0.239,0.005,0.132,,145.0,,,,,,,,,,,,,,
"Prawn, giant tiger, aquaculture, boiled, frozen",1549,58,13.5,,0.0,0.0,0.5,0.0,1.4,0.00,0.00,,,,8.57,,,,,,,,,,,,0.0,570,,,,,,,0.0,0,0.078,0.057,0.110,0.003,,,,,,,,,,,,,,,,,
"Salmon, Atlantic, aquaculture, cold smoked",1552,170,20.9,17.7,1.6,0.0,8.9,0.0,3.0,6.45,,3.56,2.80,2.24,5.34,0.26,0.08,11.17,7.50,0.66,1.00,2.9,,,4.6,,,1207,408,6,28,0.22,0.04,0.34,0.0,0,1.100,3.700,2.020,0.000,1.030,0.990,,1034.4,1635.1,1868.7,634.0,133.5,834.2,700.8,934.3,220.2,1201.3,2335.8,467.2,1001.1,734.1
"Salmon, atlantic, aquaculture, hot smoked",1553,267,20.1,19.1,0.0,0.0,20.7,0.0,1.3,12.00,0.00,8.06,6.68,3.80,11.51,0.27,0.11,12.02,8.05,0.52,1.14,4.9,,,5.2,,,519,393,10,28,0.34,0.05,0.33,0.0,0,2.358,8.615,5.055,0.000,2.523,2.532,,1119.8,1770.0,2022.9,686.3,144.5,903.1,758.6,1011.4,238.4,1300.4,2528.6,505.7,1083.7,794.7
"White Wheat, whole grain flour, ready-to-bake",1570,341,11.9,,59.3,9.2,4.2,0.0,1.9,12.83,11.00,,,,,,,,,,,,,,,,,753,337,87,77,2.74,0.27,1.73,0.3,59,1.357,1.045,1.378,0.015,0.108,1.270,,,,,,,,,,,,,,,
"Butter cookie, wheat, Danish, industrially produced",1573,520,4.9,,63.1,2.0,27.1,0.0,0.5,,,,,,,,,2.15,,,,,,,,,,219,,,,,,,27.3,34.37,12.320,8.698,2.788,0.237,0.442,2.346,,368.0,752.5,247.5,168.5,238.0,538.0,310.0,296.0,129.0,448.0,418.0,234.0,401.0,1265.0
American inspired cookie,1574,511,5.4,,61.3,2.9,26.5,0.0,0.7,183.00,,0.30,,2.20,,0.10,0.10,1.20,1.20,0.00,,,6.8,,0.1,0.0,,281,202,95,37,1.60,,0.80,35.9,22.55,12.462,8.774,2.353,0.407,0.201,2.152,,,,,,,,,,,,,,,
"Cookies, oat flakes, industrially produced",1575,504,4.5,,59.9,3.3,26.6,0.0,0.5,2.70,,0.00,,4.00,,0.08,0.05,1.20,1.20,0.06,0.00,5.3,11.2,,0.0,0.0,,214,124,198,44,1.20,0.21,0.90,42.3,18.8583333333333,14.511,7.556,2.702,0.104,0.344,2.358,,,,,,,,,,,,,,,
"Butter cookie, brown, (Danish), industrially produced",1576,469,5.2,,70.7,2.4,17.8,0.0,0.6,113.00,60.00,0.10,,2.40,,0.10,0.00,2.15,,0.00,,,9.5,,0.0,0.9,,248,172,141,29,1.30,,0.60,28.4,37.625,7.021,5.874,3.213,0.097,0.158,3.055,,368.0,752.5,247.5,168.5,238.0,538.0,310.0,296.0,129.0,448.0,418.0,234.0,401.0,1265.0
"Biscuit, sweet, pepper nuts, Danish tradition, industrially produced",1577,476,5.3,,69.3,2.3,19.2,0.0,0.5,174.00,,0.00,,3.00,,0.10,0.10,2.15,,0.00,,,9.9,,0.0,0.1,,218,249,174,35,1.80,,0.60,26.7,40.5,8.212,6.112,2.725,0.149,0.221,2.504,,368.0,752.5,247.5,168.5,238.0,538.0,310.0,296.0,129.0,448.0,418.0,234.0,401.0,1265.0
"Cookies, Klenät, industrially produced",1578,527,5.4,,42.9,2.8,36.4,0.0,0.2,141.00,,0.50,,1.90,,0.10,0.10,1.20,1.20,0.00,,,11.0,,0.2,0.2,,96,99,20,14,0.80,,0.60,15.7,33.5666666666667,10.645,14.842,7.362,0.099,0.210,7.152,,,,,,,,,,,,,,,
"Cookies, low sugar content, industrially produced",1579,483,6.5,,63.2,2.6,23.7,0.0,0.5,,,,,,,,,2.15,,,,,,,,,,183,,,,,,,1.3,36.7142857142857,9.463,8.069,3.795,0.053,0.426,3.369,,368.0,752.5,247.5,168.5,238.0,538.0,310.0,296.0,129.0,448.0,418.0,234.0,401.0,1265.0
"Cookies, coconut, industrially produced",1580,460,4.1,,58.8,5.6,22.0,0.0,0.1,170.00,,0.00,,2.10,,0.10,0.00,1.00,1.00,0.00,,,8.8,,0.0,0.0,,55,140,140,37,1.00,,0.70,46.2,2.3975,16.227,1.189,0.184,0.000,0.000,0.184,,,,,,,,,,,,,,,
"Cookie, truffle product / unbaked, industrially produced",1581,449,3.7,,58.8,1.6,21.8,0.0,0.4,211.30,,1.97,,2.84,,0.03,0.04,0.41,0.41,0.04,,,9.2,,0.1,0.3,,151,123,28,18,0.58,,0.38,40.3,17.8111111111111,10.192,5.425,1.733,0.083,0.206,1.527,,,,,,,,,,,,,,,
"Wreath cake, almond based, Danish tradition",1582,443,6.0,,60.9,2.1,19.0,0.0,0.1,8.90,,0.00,,8.50,,0.10,0.30,4.10,4.10,0.00,,,43.0,,0.0,0.0,,39,201,42,100,1.40,,1.10,54.6,5.29571428571429,2.232,9.330,3.638,0.000,0.255,3.383,,,,,,,,,,,,,,,
"Sweetcorn, baby, on-the-cob, raw",1584,37,2.3,,4.6,2.3,0.5,0.0,0.0,2.75,16.50,0.00,,,,0.09,,,,0.16,,,129.8,,,8.8,8.8,1,212,18,27,0.38,,0.64,2.9,0.8,0.050,0.110,0.180,0.000,0.010,0.170,,,,,,,,,,,,,,,
"Pomelo (pommelo; shaddock), raw",1585,57,1.0,,10.2,3.3,0.7,0.0,0.0,1.08,6.50,0.00,,0.09,,0.05,0.03,0.20,0.20,0.08,,,40.0,,0.0,41.8,41.8,2,164,34,10,0.23,,0.10,7.8,0,0.000,0.100,0.100,0.000,0.010,0.050,,,,,,,,,,,,,,,
"Biscuit, rye",1586,446,6.1,5.2,68.8,6.1,14.9,0.0,1.4,0.00,,0.00,,1.30,,0.10,0.04,1.29,,0.09,,,12.7,,0.0,0.0,,551,174,26,30,1.17,,0.67,12.6,51.18,6.556,4.612,1.653,0.182,0.095,1.558,,244.7,425.6,266.0,104.3,96.8,297.9,159.6,234.1,77.7,361.8,351.1,159.6,297.9,553.3
"Biscuit, wheat, sweet with thick chocolate",1587,504,6.4,,62.0,3.2,24.9,0.0,0.5,40.70,,0.00,,1.10,,0.05,0.27,0.40,0.40,0.08,,,6.3,,0.0,0.1,,203,293,201,36,1.20,,1.00,37.0,22.1625,14.443,6.794,0.891,0.236,0.000,0.891,,,,,,,,,,,,,,,
"Biscuit, double, wheat, sweet",1588,481,5.7,,69.1,2.2,19.7,0.0,0.5,,,,,,,,,,,,,,,,,,,197,,,,,,,31.7,34.42,12.725,3.954,1.316,0.115,0.040,1.276,,,,,,,,,,,,,,,
"Biscuit, oat, sweet",1589,468,6.9,,63.6,4.9,19.6,0.0,0.8,0.00,,,,,,,,,,,,,,,,,,314,,,,,,,21.7,36.22,7.017,7.613,3.241,0.039,0.277,2.964,,,,,,,,,,,,,,,
"Biscuit, oat, sweet with chokolate",1590,489,6.5,,61.7,4.6,23.0,0.0,0.9,,,,,,,,,,,,,,,,,,,347,,,,,,,30.2,27.82,10.952,7.283,2.277,0.155,0.079,2.198,,,,,,,,,,,,,,,
Granola bar,1591,435,6.1,,67.3,3.5,15.0,0.0,0.6,8.00,,0.00,,0.82,,0.28,0.11,1.75,1.75,0.35,,,81.0,,0.0,1.0,,238,326,60,101,3.18,,1.60,31.1,26.77,6.897,4.963,1.685,0.025,0.030,1.655,,,,,,,,,,,,,,,
Wafer sticks,1592,510,4.2,,64.6,1.5,25.7,0.0,0.3,0.40,,0.00,,3.10,,0.10,0.10,0.90,0.90,0.00,,,6.1,,0.1,0.0,,111,141,38,16,0.50,,0.40,34.9,28.0636363636364,21.117,2.035,0.761,0.036,0.015,0.746,,,,,,,,,,,,,,,
"Biscuit, coarse grain with fruit and vegetables",1595,433,7.8,,66.7,6.1,13.7,0.0,1.0,0.00,,,,1.30,,0.24,0.08,3.00,3.00,0.29,0.00,4.9,30.0,,,,,401,322,96,59,2.57,0.21,1.01,22.6,39.22,6.037,4.520,1.851,0.095,0.160,1.691,,,,,,,,,,,,,,,
"Milk, skimmed, 0.1 % fat",1596,35,3.6,,5.0,0.0,0.1,0.0,0.1,0.00,0.00,0.03,,0.00,,0.04,0.16,0.09,0.09,0.05,0.40,1.5,,,0.4,,,36,157,119,11,0.02,0.01,0.39,4.6,0,0.065,0.027,0.003,,,,2.3,,,,,,,,,,,,,,
"Yogurt plain, low fat, 1.5 % fat",1597,48,4.1,,4.5,0.0,1.5,0.0,0.1,3.00,0.00,0.05,,0.00,0.26,0.04,0.22,0.10,0.10,0.04,0.26,1.3,,,0.2,,,39,144,134,12,0.02,0.02,0.47,3.5,0,0.977,0.295,0.047,0.071,0.010,0.031,6.8,,,,,,,,,,,,,,
"Yogurt low fat, 0.1 % fat",1598,39,4.3,,4.9,0.0,0.2,0.0,0.1,0.00,0.00,0.04,,0.01,,0.04,0.17,0.10,0.10,0.05,0.34,1.0,23.0,,0.3,,,37,146,149,13,0.02,0.01,0.48,3.8,0,0.100,0.000,0.000,0.000,0.000,0.000,2.7,,,,,,,,,,,,,,
"Bread, wheat, white wheat, wholw grain, retail bakery",1607,252,8.9,,44.0,6.2,3.2,0.0,1.4,0.00,,,,,,,,,,,,,,,,,,557,248,61,55,2.05,0.19,1.40,0.5,43.5,0.968,0.832,0.989,0.008,0.079,0.910,,,,,,,,,,,,,,,
"Rolls, White Wheat, whole grain, industrially produced",1608,231,8.2,,41.5,7.4,2.0,0.0,0.9,0.00,,,,,,,,,,,,,,,,,,375,195,33,37,1.58,0.17,1.12,0.5,41,0.542,0.422,0.742,0.006,0.042,0.700,,,,,,,,,,,,,,,
"Bread, wheat, white wheat, wholw grain, industrially produced",1609,223,7.9,,40.1,7.8,1.7,0.0,1.2,0.00,,,,,,,,,,,,,,,,,,486,183,24,36,1.52,0.16,1.11,0.5,39.6,0.404,0.304,0.822,0.005,0.042,0.780,,,,,,,,,,,,,,,
"Herring, Baltic Sea, unspecified, raw",1610,123,16.2,,0.0,0.0,6.4,0.0,0.2,36.95,0.00,12.45,12.45,,,,,,,,,,,,10.1,,,90,,,,,,,0.0,0,1.331,2.052,1.233,0.004,1.102,0.131,,,,,,,,,,,,,,,
"Beef, mince, 5-10% fat, raw",1611,163,19.5,,0.0,0.0,9.5,0.0,0.2,6.90,0.00,0.51,,0.48,,0.05,0.17,4.32,4.32,0.27,0.29,1.4,9.6,,2.3,,,61,312,7,20,2.26,0.07,4.34,0.0,0,3.605,3.648,0.222,0.214,0.051,0.171,62.0,,,,,,,,,,,,,,
"Pork, mince, 10-15% fat, raw",1612,169,18.9,,0.0,0.0,10.4,0.0,0.1,7.20,0.00,0.59,,0.54,,0.72,0.19,9.82,5.98,0.32,0.71,3.0,4.3,,0.7,,,59,331,8,21,0.88,0.07,2.18,0.0,0,3.566,4.245,1.053,0.048,0.102,0.951,65.4,1030.0,1560.0,1850.0,530.0,140.0,760.0,700.0,890.0,230.0,1130.0,1230.0,790.0,960.0,760.0
"Turkey, mince, 5-10% fat, raw",1613,157,20.1,,0.0,0.0,8.5,0.0,0.2,16.10,0.00,0.00,,0.11,,0.07,0.19,6.68,6.68,0.34,1.01,2.3,24.7,,1.9,0.0,,65,333,8,24,0.95,0.07,2.08,0.0,0,2.083,3.601,1.584,0.024,0.278,1.306,74.2,,,,,,,,,,,,,,
"Hamburger, small patty, salad and dressing, fast food",1615,226,9.8,,22.5,1.3,10.4,0.0,1.1,,,,,,,0.09,0.08,,,,,,,,,,,439,212,24,19,1.14,0.08,1.62,5.6,16.9,2.564,4.461,1.788,0.157,0.395,1.393,,,,,,,,,,,,,,,
"Hamburger, medium patty, salad and dressing, fast food",1616,225,11.2,9.3,18.5,1.4,11.6,0.0,1.0,14.42,86.50,0.14,0.00,1.47,15.61,0.08,0.09,3.79,1.72,0.08,0.29,3.5,12.6,,0.6,1.8,,380,205,34,19,1.16,0.08,1.92,4.7,7.82888888888889,3.014,4.550,1.800,0.149,0.344,1.456,32.1,432.0,827.5,744.5,168.0,119.0,474.0,304.0,433.0,124.0,505.5,653.0,308.0,710.5,761.0
"Hamburger, large patty, salad and dressing, fast food",1617,231,12.7,,15.0,1.4,13.1,0.0,1.0,,,,,,,0.08,0.10,,,,,,,,,,,380,225,29,18,1.37,0.06,2.54,3.5,11.5,3.581,5.599,1.716,0.271,0.364,1.352,,,,,,,,,,,,,,,
"Hamburger and bacon, salad and dressing, fast food",1618,255,11.7,,19.2,1.6,14.2,0.0,1.4,,,,,,,0.10,0.08,,,,,,,,,,,555,253,32,26,1.11,0.11,1.60,4.2,15,3.430,6.159,2.573,0.178,0.511,2.063,,,,,,,,,,,,,,,
"Cheeseburger, salad and dressing, fast food",1619,236,11.2,9.4,19.7,1.5,12.2,0.0,1.1,23.90,79.06,0.13,0.02,1.07,16.99,0.06,0.11,3.70,1.48,0.08,0.28,3.2,17.0,,0.6,1.2,,434,217,66,19,1.13,0.07,1.79,4.5,8.14388888888889,3.226,4.816,1.576,0.130,0.349,1.227,32.7,455.0,856.4,747.5,154.6,99.8,495.6,359.8,433.9,133.1,541.1,619.8,310.4,661.9,813.9
"Hamburger, bacon and cheese, salad and dressing, fast food",1620,239,14.4,13.3,15.1,1.0,13.2,0.0,1.3,18.25,109.50,0.25,0.03,1.32,16.42,0.08,0.11,5.46,2.44,0.08,0.31,4.1,13.5,,0.8,1.8,,514,229,48,19,1.16,0.08,2.21,3.0,5.87666666666667,3.507,4.902,2.459,0.187,0.410,2.049,56.3,670.0,1245.0,1225.0,259.5,144.0,671.5,498.5,654.5,181.0,772.5,939.5,465.5,956.5,992.0
"Hamburger, chicken, salad and dressing, fast food",1621,226,9.2,7.2,20.7,1.4,11.5,0.0,1.1,14.02,84.10,0.13,0.06,2.13,26.77,0.08,0.07,4.19,2.39,0.11,0.49,3.8,13.3,,0.2,1.2,,444,201,27,19,0.47,0.06,0.52,4.2,10.1436666666667,1.573,5.211,2.763,0.016,0.581,2.182,26.5,362.0,677.0,542.5,152.5,94.5,417.0,262.5,325.5,108.0,424.5,447.0,248.0,335.0,595.0
"Sandwich with chicken, salad and dressing, fast food",1622,220,10.5,,28.9,2.0,6.5,0.0,1.3,,,,,,,0.12,0.06,,,,,,,,,,,533,185,41,18,0.58,0.07,0.60,3.0,25.9,0.850,2.818,2.081,0.019,0.429,1.652,,,,,,,,,,,,,,,
"Sandwich with chicken and bacon, salad and dressing, fast food",1623,202,11.4,9.3,21.6,1.6,7.4,0.0,1.3,13.49,80.95,0.23,0.06,1.20,18.96,0.11,0.07,5.68,3.48,0.08,0.55,4.3,13.6,,0.2,2.8,,529,222,23,20,0.57,0.07,0.64,2.1,11.052,1.178,2.598,2.323,0.000,0.370,1.953,27.5,478.5,852.5,775.0,188.5,137.0,576.5,339.5,444.0,132.0,533.0,625.5,321.0,497.5,663.0
"Sandwich, ham and cheese, salad and dressing, fast food",1624,225,9.3,,26.2,1.7,8.9,0.0,1.4,,,,,,,0.13,0.09,,,,,,,,,,,567,148,123,19,0.55,0.07,1.07,3.5,22.6,2.774,2.830,2.106,0.121,0.330,1.776,,,,,,,,,,,,,,,
"Sandwich with eggs / shrimp, salad and dressing, fast food",1625,186,7.8,,24.1,1.5,6.2,0.0,1.1,,,,,,,0.12,0.10,,,,,,,,,,,426,136,31,16,0.78,0.09,0.63,2.2,21.9,1.038,2.812,1.606,0.000,0.377,1.230,,,,,,,,,,,,,,,
"Sandwich with seafood, salad and dressing, fast food",1626,203,9.6,,24.9,1.8,6.8,0.0,1.3,,,,,,,0.13,0.05,,,,,,,,,,,509,188,20,18,0.49,0.07,0.44,1.9,22.9,1.034,3.089,1.860,0.036,0.742,1.118,,,,,,,,,,,,,,,
"Sandwich with kebab, salad and dressing, fast food",1627,216,8.5,,23.7,1.7,9.3,0.0,1.1,,,,,,,0.08,0.08,,,,,,,,,,,443,193,47,17,1.06,0.05,1.56,3.4,20.3,2.098,3.160,2.887,0.104,0.412,2.475,,,,,,,,,,,,,,,
"Sandwich with roast pork, red cabbage and cucumber pickles, fast food",1628,251,14.3,,20.1,1.7,12.3,0.0,1.1,,,,,,,0.32,0.09,,,,,,,,,,,425,228,22,19,0.59,0.07,1.09,6.7,13.4,3.352,5.273,2.341,0.008,0.344,1.996,,,,,,,,,,,,,,,
"Triangle sandwich with chicken and bacon, salad and dressing, fast food",1629,206,11.3,,19.9,1.7,8.7,0.0,1.2,,,,,,,0.16,0.07,,,,,,,,,,,497,197,56,23,0.89,0.08,0.73,4.7,15.2,1.422,3.857,2.423,0.019,0.523,1.900,,,,,,,,,,,,,,,
"Triangle sandwich with ham and cheese, salad and dressing, fast food",1630,229,10.4,,21.2,1.7,11.1,0.0,1.2,,,,,,,0.20,0.10,,,,,,,,,,,487,144,168,21,0.81,0.07,1.17,3.5,17.6,3.744,3.541,2.224,0.178,0.406,1.818,,,,,,,,,,,,,,,
"Triangle sandwich with eggs, salad and dressing, fast food",1631,204,8.7,,20.4,1.7,9.4,0.0,1.2,,,,,,,0.14,0.10,,,,,,,,,,,494,148,54,20,1.34,0.10,1.16,2.2,18.2,1.635,4.371,2.530,0.042,0.517,2.013,,,,,,,,,,,,,,,
"Sandwich with meatball, salad and dressing, fast food",1632,219,8.8,,23.9,1.7,9.4,0.0,1.1,,,,,,,0.24,0.09,,,,,,,,,,,442,194,24,17,0.69,0.08,1.02,8.0,15.93,2.370,4.152,1.835,0.047,0.353,1.483,,,,,,,,,,,,,,,
"Pita sandwich with kebab, salad and dressing, fast food",1633,206,10.2,8.9,18.9,1.5,9.6,0.0,1.0,11.07,66.40,0.00,0.00,0.98,17.65,0.08,0.09,3.35,1.32,0.08,0.24,2.9,12.9,,0.4,0.0,,388,227,25,17,1.13,0.07,1.72,2.3,9.84322222222222,1.882,3.006,1.970,0.089,0.322,1.648,24.8,438.0,814.0,701.0,152.5,114.0,465.5,318.5,419.5,122.0,499.0,584.0,307.5,571.5,706.5
"Pita sandwich with chicken, salad and dressing, fast food",1634,165,9.8,,18.0,1.4,5.7,0.0,0.9,,,,,,,0.11,0.07,,,,,,,,,,,373,212,21,19,0.53,0.06,0.52,3.0,15,1.000,2.515,1.617,0.027,0.306,1.310,,,,,,,,,,,,,,,
"Pita sandwich with shrimp, salad and dressing, fast food",1635,128,5.8,,15.1,1.5,4.7,0.0,0.8,,,,,,,0.08,0.04,,,,,,,,,,,327,150,28,16,0.34,0.08,0.45,2.1,13,0.871,1.375,1.909,0.027,0.279,1.630,,,,,,,,,,,,,,,
"Pita sandwich with falafel, salad and dressing, fast food",1636,231,6.1,4.9,26.4,3.7,10.5,0.0,1.0,10.09,60.55,0.00,0.00,1.11,21.78,0.10,0.05,1.37,0.31,0.06,0.23,4.2,13.8,,0.1,0.8,,390,229,42,27,1.07,0.14,0.70,3.0,11.8695555555556,1.305,4.299,2.929,0.019,0.539,2.390,5.0,221.0,423.5,247.0,73.0,102.0,307.5,169.0,189.5,63.5,260.5,339.0,136.5,221.0,467.5
"Pita sandwich with salad and dressing, fast food",1637,150,3.6,,19.6,1.9,5.9,0.0,0.5,,,,,,,0.08,0.05,,,,,,,,,,,219,167,26,15,0.37,0.05,0.35,2.1,17.5,1.019,2.513,1.650,0.027,0.370,1.281,,,,,,,,,,,,,,,
"Dürüm roll with kebab, salad and dressing, fast food",1638,217,11.9,8.3,17.8,1.6,10.5,0.0,1.3,11.96,71.75,0.10,0.00,0.98,21.30,0.08,0.09,3.85,1.69,0.09,0.30,3.5,9.9,,0.4,0.7,,503,271,21,20,1.25,0.08,2.28,2.3,9.25166666666667,2.663,4.045,1.649,0.244,0.345,1.304,31.7,400.0,747.0,644.5,202.5,123.5,429.5,295.5,380.0,130.0,474.5,556.0,284.5,531.0,635.0
"Bacon-Wrapped Frankfurt sausage, freid, fast food",1639,318,16.3,,4.0,0.2,26.3,0.0,3.3,,,,,,,0.46,0.13,,,,,,,,,,,1320,266,19,21,0.87,0.09,1.64,0.0,4,9.413,11.272,2.405,0.000,0.195,2.210,,,,,,,,,,,,,,,
"French Hotdog, fast food",1640,288,10.1,7.9,25.4,2.3,15.7,0.0,1.8,0.85,5.10,0.14,0.07,1.45,10.40,0.25,0.08,3.17,1.49,0.04,0.30,4.9,10.3,,0.2,1.1,,738,178,31,18,0.78,0.07,0.91,3.7,14.2873333333333,4.217,6.511,2.256,0.000,0.383,1.873,28.0,352.5,671.5,500.5,117.0,128.0,424.5,273.0,340.0,100.6,420.5,527.0,252.0,603.0,778.0
"Hotdog, fast food",1641,256,8.5,,20.8,1.6,15.1,0.0,1.6,,,,,,,0.20,0.06,,,,,,,,,,,654,185,29,20,0.79,0.08,0.81,3.9,16.9,4.350,6.747,2.185,0.045,0.403,1.783,,,,,,,,,,,,,,,
"Frankfurt sausage mix, fried, with frensh fries, fast food",1642,323,8.0,,26.9,2.4,19.9,0.0,1.7,,,,,,,0.21,0.07,,,,,,,,,,,688,448,18,27,0.88,0.15,0.89,0.2,26.7,5.651,8.633,3.337,0.100,0.478,2.859,,,,,,,,,,,,,,,
"Kebab mix and french fries, deepfried, fast food",1643,294,8.9,,23.4,3.2,17.6,0.0,1.4,,,,,,,0.11,0.09,,,,,,,,,,,545,472,17,27,1.49,0.13,2.14,0.2,23.2,4.433,7.554,3.303,0.143,0.620,2.683,,,,,,,,,,,,,,,
"Chicken, grilled, fast food",1644,196,28.2,23.0,0.0,0.1,9.2,0.0,1.5,64.10,0.00,0.97,0.28,1.16,57.68,0.08,0.22,15.44,9.52,0.11,1.21,7.6,12.3,,0.2,31.1,,615,347,19,29,0.74,0.06,1.50,0.0,0,2.538,4.378,2.300,0.011,0.306,1.993,113.3,1295.0,2210.0,2475.0,634.0,310.0,1375.0,921.5,1230.0,355.0,1365.0,1815.0,821.5,1385.0,1090.0
"Chicken nuggets, deepfried, fast food",1645,280,14.7,,19.1,0.0,16.1,0.0,1.6,12.70,,0.10,,0.52,,0.10,0.09,6.82,6.82,0.34,,,18.1,,0.2,0.0,,633,254,23,22,0.56,0.05,0.62,0.1,19,3.235,7.890,3.413,0.017,0.445,2.968,,,,,,,,,,,,,,,
"Pizza with tomato and cheese, fast food",1646,319,14.0,12.5,35.3,2.1,13.1,0.0,1.4,95.89,121.60,0.02,0.00,1.14,15.79,0.08,0.13,3.37,0.47,0.05,0.20,3.4,18.2,,0.4,0.2,,556,164,265,25,0.64,0.10,1.52,2.8,25.4447777777778,5.939,2.976,1.525,0.174,0.218,1.307,27.3,599.5,1204.8,803.0,280.1,149.5,718.5,584.9,473.5,173.9,775.9,502.9,375.4,351.1,1538.8
"Pizza with seafood, tomato and cheese, fast food",1647,256,13.8,,26.7,2.1,10.0,0.0,1.7,,,,,,,0.08,0.10,,,,,,,,,,,681,162,180,28,0.90,0.11,1.33,2.0,24.7,3.887,2.848,1.685,0.278,0.165,1.520,,,,,,,,,,,,,,,
"Pizza with salami, tomato and cheese, fast food",1648,316,12.9,11.6,32.8,2.1,14.4,0.0,1.8,89.53,245.00,0.20,0.06,1.35,16.72,0.14,0.12,3.67,0.99,0.05,0.34,4.5,18.7,,0.3,6.7,,729,180,185,24,0.84,0.09,1.49,2.6,22.7786666666667,6.047,4.343,1.628,0.294,0.223,1.405,33.3,555.0,1085.0,783.5,270.5,167.0,649.5,491.0,464.0,161.0,700.5,548.0,364.5,487.5,1310.0
"Pizza with vegetables, fruit, tomato and cheese, fast food",1649,220,8.1,,26.8,2.4,8.4,0.0,1.2,,,,,,,0.09,0.12,,,,,,,,,,,498,187,143,20,0.76,0.10,0.97,2.4,24.4,3.423,2.521,1.277,0.130,0.222,1.055,,,,,,,,,,,,,,,
"Pizza with meat, tomato and cheese, fast food",1650,257,11.8,,29.5,1.9,9.8,0.0,1.6,,,,,,,0.12,0.10,,,,,,,,,,,625,202,136,22,0.85,0.09,1.53,1.8,27.7,4.062,2.893,1.369,0.239,0.202,1.168,,,,,,,,,,,,,,,
"Pizza with meat and seafood, tomato and cheese, fast food",1651,228,12.8,,22.4,2.1,9.3,0.0,1.8,,,,,,,0.16,0.11,,,,,,,,,,,727,184,140,21,0.70,0.10,1.43,2.0,20.4,4.045,2.806,1.067,0.173,0.189,0.878,,,,,,,,,,,,,,,
"Fish fillet, breaded, fried, delicatessens",1652,281,12.7,,21.9,1.0,15.7,0.0,1.1,0.00,,1.65,1.65,3.80,,0.13,0.07,1.53,1.53,0.08,0.32,14.5,,,0.7,,,426,185,48,22,0.58,0.07,0.42,1.2,19.5,3.036,7.402,3.593,,0.833,2.760,,,,,,,,,,,,,,,
"Tuna, yellowfin, raw",1653,113,24.4,,0.0,0.0,1.7,0.0,0.1,31.75,0.00,3.74,3.74,0.32,,0.06,0.03,15.05,15.05,0.73,0.09,0.9,,,2.4,0.2,0.2,52,412,3,35,0.59,0.03,0.32,0.0,0,0.597,0.402,0.510,,,,39.0,,,,,,,,,,,,,,
"Shrimp, boiled, in brine",1654,71,15.5,,0.3,0.0,0.9,0.0,2.6,0.00,0.00,0.00,0.00,3.60,,0.00,0.00,4.11,0.28,0.00,0.03,0.7,,,1.6,,,1035,65,36,21,0.12,0.12,0.56,0.0,0,,,,0.006,,,,1080.0,1610.0,1770.0,590.0,140.0,890.0,790.0,790.0,230.0,1080.0,1610.0,430.0,1180.0,820.0
"Salmon, atlantic, aquaculture, gravad",1655,170,20.4,17.3,2.7,0.0,8.6,0.0,3.4,0.00,0.00,4.57,3.80,2.60,,0.26,0.09,10.93,7.35,0.70,0.94,3.1,5.9,,4.6,0.0,,1350,397,13,28,0.35,0.04,0.35,1.3,0,1.040,3.490,1.920,0.000,0.990,0.930,,1009.7,1596.0,1824.0,618.9,130.3,814.3,684.0,912.0,215.0,1172.6,2280.0,456.0,977.1,716.6
"Flounder, fillet, breaded, raw, frozen",1656,150,11.1,,20.3,2.0,2.3,0.0,1.0,0.00,,0.56,0.56,0.72,,0.09,0.07,1.15,1.15,0.06,0.36,7.7,15.0,,1.3,1.0,,387,148,29,16,0.49,0.06,0.46,1.2,19,0.460,0.230,1.150,,,,,,,,,,,,,,,,,,
"Fish fingers, breaded, frozen",1657,185,12.8,,13.8,1.4,8.4,0.0,0.8,0.00,,0.54,0.54,2.98,,0.09,0.06,1.29,1.29,0.10,0.15,1.9,,,2.2,,,322,218,15,24,0.49,0.07,0.63,0.8,13,0.693,3.239,2.779,,0.439,2.339,,,,,,,,,,,,,,,
"Salmon, atlantic, aquaculture, raw",1658,228,15.8,16.5,0.0,0.0,18.3,0.0,0.1,7.05,0.00,7.86,6.07,3.30,13.27,0.25,0.07,11.08,7.65,0.64,0.81,2.8,,,4.1,2.0,2.0,47,362,9,26,0.22,0.04,0.32,0.0,0,2.206,8.046,4.503,0.000,2.274,2.229,51.5,966.3,1527.4,1745.6,592.2,124.7,779.3,654.6,872.8,205.7,1122.2,2182.0,436.4,935.1,685.8
"Salmon, pacific, wild, raw",1659,105,21.2,,0.0,0.0,2.3,0.0,0.2,6.90,0.00,14.28,14.15,0.30,,0.18,0.12,6.45,6.45,0.55,0.51,6.1,,,5.4,0.5,0.5,67,352,9,26,0.39,0.07,0.37,0.0,0,0.469,0.649,0.798,,0.760,0.039,54.0,,,,,,,,,,,,,,
"Striped catfish, raw, frozen",1660,69,14.6,,0.0,0.0,1.3,0.0,0.5,0.00,0.00,0.05,0.05,0.30,,0.00,0.04,1.75,1.75,0.16,2.30,8.3,,,0.5,1.3,1.3,181,261,6,20,0.07,0.01,0.26,0.0,0,0.368,0.339,0.151,,0.026,0.124,37.0,,,,,,,,,,,,,,
"Blue mussel, boiled",1661,112,17.8,,4.1,0.0,2.8,0.0,0.5,62.50,0.00,0.03,0.03,2.98,,0.02,0.24,1.41,1.41,0.07,0.20,12.6,,,22.5,2.9,2.9,209,185,48,50,4.93,0.18,2.88,0.7,3.355,0.521,0.308,1.027,0.044,0.880,0.147,75.5,,,,,,,,,,,,,,
"Eggs, chicken, battery hens, raw",1662,137,12.0,,1.1,0.0,9.4,0.0,0.3,198.44,0.00,2.20,1.32,3.37,,0.08,0.42,2.91,0.08,0.11,1.72,23.6,85.8,,1.1,0.0,,137,132,50,12,1.78,0.06,1.25,0.4,0,2.671,3.733,1.305,0.017,0.065,1.240,358.5,720.0,1110.0,950.0,430.0,250.0,680.0,540.0,580.0,170.0,910.0,800.0,310.0,450.0,490.0
"Eggs, chicken, free-range (outdoor) hens, raw",1663,137,12.3,,1.1,0.0,9.3,0.0,0.3,71.93,0.00,3.17,1.76,4.31,35.45,0.08,0.44,2.91,0.08,0.10,2.10,23.6,,,1.7,0.1,,140,129,46,12,1.77,0.05,1.16,0.4,0,2.476,3.708,1.409,0.018,0.084,1.324,384.3,720.0,1110.0,950.0,430.0,250.0,680.0,540.0,580.0,170.0,910.0,800.0,310.0,450.0,490.0
"Eggs, chicken, free-range hens (indoor), raw",1664,138,12.3,,1.0,0.0,9.5,0.0,0.3,79.31,0.00,2.12,1.05,4.45,33.13,0.08,0.44,2.90,0.07,0.10,2.05,23.8,,,1.8,0.1,,137,130,50,12,1.80,0.05,1.23,0.4,0,2.523,3.766,1.469,0.017,0.146,1.324,389.2,720.0,1110.0,950.0,430.0,250.0,680.0,540.0,580.0,170.0,910.0,800.0,310.0,450.0,490.0
"Eggs, chicken, organic farming, raw",1665,139,12.3,,1.3,0.0,9.3,0.0,0.3,80.50,0.00,2.40,1.35,3.71,,0.08,0.46,2.91,0.08,0.11,1.60,23.9,,,1.6,0.2,,137,131,47,12,1.73,0.05,1.14,0.4,0,2.602,3.423,1.614,0.020,0.109,1.505,389.4,720.0,1110.0,950.0,430.0,250.0,680.0,540.0,580.0,170.0,910.0,800.0,310.0,450.0,490.0
"Eggs, chicken, boiled, frozen",1666,146,13.7,,1.5,0.0,9.5,0.0,0.9,24.33,0.00,1.31,0.63,3.17,,0.05,0.35,2.89,0.06,0.07,0.95,25.8,,,1.1,,,347,68,41,8,1.88,0.06,1.20,0.4,0,2.709,3.681,1.348,0.021,0.073,1.275,384.7,720.0,1110.0,950.0,430.0,250.0,680.0,540.0,580.0,170.0,910.0,800.0,310.0,450.0,490.0
"Eggs, chicken, yolk, pasteurized",1667,245,13.0,11.0,2.6,0.0,20.3,0.0,0.2,394.75,0.00,5.05,2.75,8.98,,0.18,0.48,2.80,0.04,0.26,3.81,37.3,,,3.1,,,87,162,103,10,4.08,0.10,2.79,0.6,0,5.647,7.933,3.026,0.047,0.183,2.842,849.0,705.5,1141.3,1037.5,332.0,190.9,560.3,581.0,643.3,166.0,850.8,892.3,332.0,415.0,518.8
"Eggs, chicken, scrambled, industrially produced",1668,118,10.8,,0.9,0.0,7.9,0.0,1.6,92.50,,1.06,0.80,2.50,,0.06,0.33,0.09,0.09,0.08,1.22,21.8,,,0.6,0.9,,650,153,52,10,1.23,0.04,0.92,0.4,0,2.429,2.862,1.094,0.033,0.054,1.040,308.0,,,,,,,,,,,,,,
"Eggs, chicken, scrambled eggs mix, industrially produced",1669,132,10.9,,3.8,0.0,8.2,0.0,1.1,216.00,,1.32,1.32,3.35,,0.08,0.42,0.09,0.09,0.10,1.56,24.7,85.8,,1.1,0.8,,460,243,58,12,1.52,0.05,1.07,0.4,0,2.502,2.992,1.069,0.033,0.046,1.023,325.5,,,,,,,,,,,,,,
"Rye bread, dark, industrially produced",1670,198,5.3,,37.1,8.5,1.3,0.0,1.1,0.00,0.00,0.00,0.00,0.20,0.00,0.18,0.07,1.18,0.52,0.16,0.24,4.8,24.7,,0.0,0.0,0.0,437,248,29,49,1.62,0.18,1.42,3.8,31.9272727272727,0.210,0.286,0.650,0.000,0.103,0.547,0.0,240.0,410.0,210.0,96.0,91.0,280.0,120.0,210.0,71.0,340.0,270.0,140.0,290.0,560.0
"Rye bread, dark, whole grains, industrially produced",1671,199,5.1,,37.3,8.5,1.5,0.0,1.1,0.00,0.00,0.00,0.00,0.20,1.97,0.18,0.07,1.18,0.61,0.15,0.22,4.5,24.1,,0.0,0.0,0.0,421,247,26,49,1.59,0.18,1.38,3.8,32.6857142857143,0.231,0.322,0.719,0.000,0.102,0.617,,240.0,410.0,210.0,96.0,91.0,280.0,120.0,210.0,71.0,340.0,270.0,140.0,290.0,560.0
"Wheat bread, with coarse meal and high fat seeds, retail bakery",1672,281,9.3,,45.7,3.8,5.9,0.0,1.4,0.00,,,,,,0.22,0.08,1.18,1.63,0.14,0.31,5.5,46.0,,0.1,,,562,193,46,48,1.30,0.23,1.05,4.0,41.6555555555556,1.062,1.355,2.721,0.021,0.402,2.318,,240.0,410.0,210.0,96.0,91.0,280.0,120.0,210.0,71.0,340.0,270.0,140.0,290.0,560.0
"Rye bread, dark, retail bakery",1673,216,6.0,,41.0,8.2,1.3,0.0,1.6,0.00,,,,,,0.20,0.08,1.18,1.01,0.15,0.28,4.5,38.6,,,,,627,250,37,47,1.73,0.18,1.43,5.1,35.8714285714286,0.232,0.253,0.615,0.000,0.068,0.546,,240.0,410.0,210.0,96.0,91.0,280.0,120.0,210.0,71.0,340.0,270.0,140.0,290.0,560.0
"Rye bread, dark, whole grains, retail bakery",1674,210,5.1,,41.1,7.2,1.2,0.0,1.3,0.00,,,,,,0.17,0.07,1.18,0.80,0.18,0.23,4.6,28.6,,,,,530,224,31,42,1.41,0.16,1.24,4.7,36.39,0.213,0.246,0.582,0.000,0.067,0.515,,240.0,410.0,210.0,96.0,91.0,280.0,120.0,210.0,71.0,340.0,270.0,140.0,290.0,560.0
"Rye bread, dark, with high fat seeds, retail bakery",1675,242,7.4,,34.0,7.5,6.8,0.0,1.3,0.00,,,,,,0.25,0.09,1.18,1.45,0.21,0.26,7.8,38.9,,,,,517,275,44,73,1.86,0.31,1.67,4.9,29.0666666666667,0.755,1.437,3.722,0.000,0.957,2.765,,240.0,410.0,210.0,96.0,91.0,280.0,120.0,210.0,71.0,340.0,270.0,140.0,290.0,560.0
"Rye bread, with siftings (soft) and high fat seeds, retail bakery",1676,253,8.1,,33.0,7.2,8.2,0.0,1.3,0.00,,,,,,0.29,0.09,1.18,1.53,0.21,0.29,9.6,41.5,,,,,501,292,48,79,1.91,0.33,1.67,4.8,28.2153846153846,0.911,1.630,4.668,0.000,1.009,3.659,,240.0,410.0,210.0,96.0,91.0,280.0,120.0,210.0,71.0,340.0,270.0,140.0,290.0,560.0
"Yogurt, with fruit, 0.1 % fat, no sugar added",1677,43,3.9,,6.6,0.0,0.1,0.0,0.1,0.75,,0.03,,0.00,,0.05,0.17,0.16,0.16,0.06,0.37,2.7,12.6,,0.3,,,46,190,137,14,0.04,0.02,0.46,5.0,0,0.060,0.022,0.003,,,,2.3,,,,,,,,,,,,,,
"Cheese, cottage, 10 % fidm.",1678,86,13.1,,3.5,0.0,2.2,0.0,0.8,16.00,0.00,0.06,,0.02,,0.04,0.29,0.16,0.16,0.05,0.27,2.5,,,0.7,,,333,90,95,10,0.04,0.03,0.49,2.6,0,1.453,0.467,0.053,0.085,0.011,0.032,9.1,,,,,,,,,,,,,,
"Cheese, cottage, 5 % fidm.",1679,76,13.6,,2.7,0.0,1.2,0.0,0.9,11.00,0.00,0.05,,0.00,,0.02,0.16,0.07,0.07,0.00,0.19,1.5,,,0.4,1.0,1.0,360,68,54,5,0.04,0.04,0.31,2.2,0,0.770,0.274,0.034,0.051,0.010,0.020,5.9,,,,,,,,,,,,,,
"Lactose, dry, powder",1680,392,0.0,,97.8,0.0,0.1,0.0,0.0,0.00,0.00,,,,,,,,,,,,,,,,,4,20,47,5,0.01,0.00,0.00,93.5,0,0.000,0.000,0.000,0.000,,,,,,,,,,,,,,,,,
"Yogurt, with fruit, 0.4 % fat",1681,76,4.7,,13.1,0.5,0.4,0.0,0.1,3.55,,0.04,,0.01,,0.04,0.16,0.15,0.15,0.06,0.30,1.1,23.0,,0.4,,,34,163,149,13,0.04,0.02,0.50,12.6,0,0.330,0.120,0.010,0.000,0.000,0.010,3.3,,,,,,,,,,,,,,
Buttermilk dessert,1682,72,3.3,,10.6,0.0,1.9,0.0,0.1,22.50,,0.06,,0.13,,0.03,0.13,0.13,0.13,0.05,0.26,2.1,,,0.3,,,36,137,103,10,0.05,0.01,0.37,9.4,0,1.122,0.465,0.070,0.076,0.009,0.052,8.0,,,,,,,,,,,,,,
Milkshake,1683,86,5.1,,12.4,0.0,1.8,0.0,0.2,15.25,,0.06,,0.04,,0.05,0.18,0.16,0.16,0.04,0.44,2.9,5.0,,0.4,0.0,,67,199,131,15,0.27,0.03,0.44,11.1,0.1,1.129,0.400,0.056,0.070,0.011,0.034,7.8,,,,,,,,,,,,,,
"Blended spread, 75% fat",1684,686,0.6,,1.1,0.0,75.5,0.0,1.0,569.37,236.22,0.99,,7.63,,0.01,0.02,0.10,0.10,0.01,,,3.0,,0.1,0.0,,381,25,16,2,0.01,0.01,0.04,0.9,0,35.962,25.523,7.454,1.868,2.062,5.195,246.5,,,,,,,,,,,,,,
"Blended spread, reduced fat, 57% fat",1685,542,0.4,,0.6,0.0,59.7,0.0,1.0,380.00,,0.79,,7.20,,0.01,0.02,0.10,0.10,0.01,,,3.0,,0.1,0.0,,390,15,13,1,0.00,0.02,0.03,0.4,0,25.142,21.955,7.003,1.530,1.870,4.994,195.4,,,,,,,,,,,,,,
"Pork, thick flank, completely trimmed, raw",1686,100,20.8,,0.0,0.0,1.9,0.0,0.1,1.00,,0.48,,0.10,,0.81,0.20,3.90,3.90,0.37,,,2.1,,0.7,0.0,0.0,42,400,7,26,0.71,,3.60,0.0,0,0.685,0.905,0.189,,,,56.1,,,,,,,,,,,,,,
"Pork, thin belly with rind, raw",1687,299,17.2,,0.0,0.0,25.6,0.0,0.2,9.53,,0.77,,0.41,,0.63,0.12,5.49,5.49,0.29,,,4.6,,0.9,0.0,0.0,61,292,6,18,0.43,,1.26,0.0,0,9.670,9.200,2.480,,0.280,1.980,70.3,,,,,,,,,,,,,,
"Pork, loin, 0-1 mm fat, raw",1688,130,21.9,,0.0,0.0,4.7,0.0,0.1,0.00,0.00,0.52,,,,,,,,,,,,,,,,48,,,,,,,0.0,0,1.870,2.108,0.344,,,,61.6,,,,,,,,,,,,,,
"Pork, jaw, trimmed, raw",1689,117,19.8,,0.1,0.0,4.1,0.0,0.1,1.00,0.00,0.51,,0.10,,0.81,0.21,3.30,3.30,0.31,,,1.1,,0.7,0.0,0.0,45,280,6,18,0.66,,3.60,0.0,0,1.530,1.720,0.283,,,,55.6,,,,,,,,,,,,,,
"Oat drink, unfortified",1690,48,0.6,0.5,8.3,0.8,1.1,0.0,0.1,0.34,0.00,0.00,,0.23,0.00,0.03,0.01,0.19,0.00,0.01,0.04,2.2,0.0,,0.0,0.0,,39,32,6,10,0.06,0.02,0.04,3.3,3.28666666666667,0.131,0.668,0.254,0.005,0.002,0.252,,0.0,50.7,28.3,0.0,22.4,35.6,27.8,22.9,11.7,36.7,45.5,0.0,36.9,37.1
"Rice drink, unfortified",1691,50,0.1,0.0,10.1,0.3,1.0,0.0,0.1,0.00,0.00,0.00,,0.44,0.00,0.00,0.00,0.20,0.20,0.00,0.06,0.0,0.7,,0.0,0.0,,43,14,4,3,0.00,0.01,0.05,4.8,3.6025,0.087,0.416,0.273,0.003,0.003,0.270,,0.0,0.0,0.0,0.0,3.0,0.0,0.0,6.5,0.0,0.0,13.6,0.0,0.0,0.0
"Almond drink, unfortified",1692,48,0.9,0.9,4.7,0.0,2.8,0.0,0.1,0.00,0.00,0.00,,0.80,0.00,0.00,0.03,0.31,0.14,0.00,0.02,2.9,0.1,,0.0,0.0,,45,33,10,10,0.16,0.05,0.15,2.3,1.43333333333333,0.763,1.510,0.415,0.000,0.000,0.415,,37.2,71.9,24.1,0.0,12.5,55.7,33.3,29.4,10.3,47.9,112.5,26.3,60.9,40.6
"Skyr, 0.2 % fat",1693,70,11.0,9.7,6.0,0.0,0.2,0.0,0.1,12.67,10.00,0.04,,0.01,,0.01,0.28,2.73,0.20,0.05,,,1.0,,0.7,0.0,0.0,45,140,120,12,0.02,0.25,0.60,4.0,0,0.100,0.020,0.000,,0.000,0.000,3.0,603.4,1017.2,879.2,310.3,39.7,568.9,603.4,379.3,151.7,741.3,344.8,310.3,224.1,1155.1
"Galia melon, raw",1694,34,0.5,0.4,7.4,1.3,0.0,0.0,0.0,2.79,16.73,,,0.04,0.00,0.03,0.01,0.35,0.35,0.05,0.06,0.2,25.3,,,16.0,,20,274,14,14,0.17,0.03,0.12,6.9,0,0.000,0.000,0.000,0.000,,,,0.0,18.9,18.8,0.0,6.1,0.0,0.0,16.2,0.0,13.4,13.2,0.0,5.6,2.5
"Cream pastry, chocolate cream puff",1695,363,3.3,,33.4,0.9,23.9,0.0,0.5,166.40,,,,1.81,,,,,,,,,,,,,,186,92,42,11,0.62,,0.35,18.0,16.3,11.330,6.596,2.372,,0.340,2.032,,,,,,,,,,,,,,,
"Caraway seed, raw",1697,334,19.8,15.9,11.9,38.0,14.6,0.0,0.0,34.33,206.00,0.00,,2.50,0.00,0.38,0.38,7.67,3.61,0.36,,,10.0,,0.0,21.0,,17,1351,689,258,16.23,0.91,5.50,0.6,11.3,0.570,7.128,3.273,0.000,0.150,3.123,0.0,826.0,1218.0,1031.0,361.0,329.0,867.0,642.0,756.0,244.0,1037.0,1252.0,550.0,1322.0,917.0
"Cumin seeds, raw",1698,428,17.8,,33.7,10.5,22.3,0.0,0.4,127.00,762.00,0.00,,3.33,5.40,0.63,0.33,4.58,4.58,0.44,,,10.0,,0.0,7.7,,168,1788,931,366,66.36,0.87,4.80,20.0,6.3,1.536,14.047,3.280,0.000,0.176,3.104,0.0,,,,,,,,,,,,,,
Tahini,1699,641,20.7,15.7,0.0,14.0,58.9,0.0,0.3,6.67,40.00,0.00,,0.25,0.00,1.22,0.47,11.65,5.45,0.15,0.69,,98.0,,0.0,0.0,,115,414,426,95,8.95,1.61,4.62,1.1,0.3,6.652,18.729,21.739,0.000,0.376,21.363,0.0,731.0,1302.0,545.0,561.0,343.0,901.0,712.0,706.0,372.0,950.0,1521.0,500.0,1165.0,776.0
"Rice drink, with added calcium",1700,54,0.1,0.0,11.0,0.6,1.0,0.0,0.1,0.00,0.00,0.00,,0.52,0.00,0.01,0.00,0.15,0.15,0.00,0.07,0.0,0.7,,0.1,0.0,,41,16,79,5,0.21,0.02,0.04,5.0,4.064,0.100,0.339,0.361,0.003,0.002,0.360,0.0,0.0,0.0,0.0,0.0,0.0,0.0,0.0,0.0,0.0,0.0,0.0,0.0,0.0,0.0
"Oat drink, with added calcium",1701,39,0.2,0.1,6.4,0.0,1.4,0.0,0.1,0.00,0.00,0.00,,0.56,0.00,0.01,0.00,0.00,0.00,0.00,0.06,1.9,0.0,,0.0,0.0,,33,31,112,10,0.38,0.01,0.10,3.0,2.63666666666667,0.165,0.356,0.654,0.000,0.003,0.651,0.0,0.0,20.4,0.0,0.0,16.0,0.0,0.0,9.7,0.0,8.7,14.2,0.0,0.0,0.0
"Soy drink, with added calcium",1702,45,3.2,2.8,3.4,0.0,2.0,0.0,0.1,0.00,0.00,0.00,,0.19,4.03,0.03,0.02,0.89,0.17,0.05,0.13,3.6,11.5,,0.0,0.0,,38,142,79,22,0.53,0.11,0.33,2.4,0,0.279,0.342,1.092,0.000,0.147,0.945,0.0,140.5,249.0,213.5,35.5,41.5,170.0,117.0,126.5,43.0,142.0,258.0,84.3,138.0,165.5
"Rolls, italien type, retail bakery",1703,257,9.0,8.0,47.7,3.1,2.7,0.0,1.3,0.00,0.00,0.00,0.00,0.50,,0.16,0.06,1.58,1.22,0.08,0.28,2.1,29.8,,0.0,0.0,0.0,531,146,36,24,1.02,0.14,0.74,3.0,44.74,0.561,0.868,0.986,0.000,0.069,0.916,0.0,395.5,680.3,221.5,147.1,174.0,474.6,221.5,268.9,94.9,458.8,363.9,205.7,379.7,1044.1
"Wheat bread, pita, white",1704,251,7.6,6.7,50.3,2.5,1.6,0.0,1.2,0.00,0.00,0.00,,0.46,0.00,0.18,0.04,1.33,1.30,0.07,0.24,2.9,20.3,,0.0,0.0,,478,126,16,17,0.87,0.09,0.58,1.8,47.7666666666667,0.318,0.350,0.382,0.000,0.049,0.333,0.0,331.7,570.5,185.7,123.4,145.9,398.0,185.7,225.5,79.6,384.7,305.1,172.5,318.4,875.6
"Wheat bread, pita, with coarse meal",1705,250,8.5,7.5,47.8,4.2,1.8,0.0,1.1,0.00,0.00,0.00,,0.10,1.40,0.23,0.06,1.79,2.30,0.14,0.39,8.9,40.3,,0.0,0.0,,452,188,19,36,1.34,0.16,1.07,1.8,45.3,0.367,0.358,0.698,0.000,0.072,0.626,0.0,357.6,625.8,268.2,135.6,135.6,417.2,178.8,238.4,107.3,447.0,417.2,193.7,372.5,879.1
"Breakfast cereal, with bran",1707,327,11.0,,48.1,31.1,3.2,0.0,0.5,0.00,0.00,0.00,,0.92,2.11,0.71,0.34,1.98,13.40,0.97,0.28,7.0,84.8,,0.0,0.0,,217,1150,67,225,8.70,0.81,4.70,30.3,17.75,0.530,0.450,1.830,0.000,,,0.0,,,,,,,,,119.0,,,,,
Sea Buckthorn,1708,75,0.7,,3.9,6.0,5.0,0.0,0.0,143.33,860.00,0.00,,3.05,13.50,0.03,0.21,0.38,0.26,0.11,0.15,3.3,23.6,,0.0,131.2,,4,40,10,10,0.70,0.50,0.30,2.1,0.1,1.080,2.010,0.910,0.000,0.330,0.580,0.0,,,,,,,,,7.0,,,,,
"Veal, rump, raw",1712,143,20.6,,0.1,0.0,6.7,0.0,0.1,0.00,0.00,0.44,0.02,0.12,0.00,0.04,0.19,10.26,6.03,0.20,2.59,2.4,9.4,,1.1,0.0,0.0,49,358,5,21,1.23,0.06,3.18,0.0,0,3.421,3.764,0.271,,,,60.3,924.5,1631.7,1803.3,408.5,160.8,900.5,668.5,933.7,253.3,1011.5,1358.3,724.0,1354.3,989.0
"Pepper, sweet, yellow, raw",1721,29,0.9,,5.6,1.5,0.0,0.0,0.0,0.00,0.00,0.00,,2.36,5.00,0.06,0.01,1.01,0.93,0.46,0.15,1.8,88.0,,0.0,134.2,133.0,2,229,10,11,0.25,0.03,0.16,3.8,0,0.000,0.000,0.000,0.000,,,0.0,,,,,,,,,5.0,,,,,
"Spelt wheat flour, bolted",1722,348,12.0,10.5,68.5,5.1,1.7,0.0,0.0,0.50,3.00,0.00,0.00,0.47,1.57,0.21,0.03,2.55,0.53,0.09,0.33,2.2,43.4,,0.0,0.0,,0,190,20,46,1.55,0.23,1.50,0.9,49.71641325,0.243,0.157,0.581,0.000,0.000,0.581,0.0,433.0,878.0,282.0,225.0,287.0,615.0,332.0,348.0,153.0,536.0,481.0,278.0,445.0,1440.0
"Spelt wheat flour, whole",1723,332,13.4,12.1,57.0,15.3,2.3,0.0,0.0,0.00,0.00,0.00,0.00,0.63,3.01,0.36,0.09,3.13,0.82,0.24,0.59,6.6,67.4,,0.0,0.0,,1,395,28,120,3.75,0.48,3.10,1.4,46.3240125,0.318,0.249,0.828,0.000,0.000,0.828,0.0,489.0,978.0,405.0,236.0,316.0,680.0,392.0,428.0,188.0,623.0,655.0,342.0,572.0,1490.0
"Quinoa, white, raw",1724,362,11.7,9.8,59.8,8.3,6.6,0.0,0.0,1.33,8.00,0.00,0.00,2.25,,0.35,0.37,3.00,0.91,0.21,1.12,33.5,239.0,,0.0,0.0,,1,680,41,180,3.60,0.47,2.85,3.1,41.752467,0.458,1.117,2.491,0.000,0.262,2.229,0.0,468.0,803.0,767.0,273.0,232.0,524.0,407.0,476.0,180.0,592.0,1140.0,377.0,702.0,489.0
"Quinoa, red, raw",1725,358,12.8,10.6,54.9,12.3,7.0,0.0,0.0,0.67,4.00,0.00,0.00,2.27,0.87,0.17,0.20,3.03,0.69,0.14,1.50,29.5,323.5,,0.0,0.0,,1,680,32,145,3.30,0.38,2.30,3.1,49.746822,0.575,1.263,2.876,0.000,0.424,2.452,0.0,500.0,860.0,813.0,311.0,245.0,552.0,424.0,516.0,182.0,623.0,1210.0,413.0,758.0,514.0
"Quinoa, black, raw",1726,347,12.0,10.0,53.3,13.9,6.5,0.0,0.0,1.33,8.00,0.00,0.00,2.33,3.08,0.06,0.29,2.78,0.73,0.14,1.02,24.5,195.5,,0.0,0.0,,1,870,47,175,3.75,0.52,2.80,3.2,39.059288,0.510,1.179,2.711,0.000,0.230,2.480,0.0,481.0,827.0,764.0,305.0,216.0,532.0,404.0,482.0,167.0,617.0,1090.0,381.0,738.0,524.0
"Rye flour, unspecified",1727,322,8.1,6.9,59.3,18.8,1.7,0.0,0.0,0.00,0.00,0.00,0.00,0.88,1.93,0.23,0.10,1.63,0.81,0.15,0.27,4.8,68.0,,0.0,0.0,,3,425,32,87,2.55,0.32,2.80,2.0,35.0732565,0.191,0.109,0.498,0.000,0.000,0.498,0.0,280.0,544.0,358.0,145.0,184.0,386.0,210.0,300.0,97.7,407.0,442.0,200.0,394.0,755.0
Chia seeds,1728,462,18.2,16.2,0.0,40.9,34.2,0.0,0.0,0.00,0.00,0.00,0.00,0.00,,0.47,0.20,8.88,4.13,0.14,0.34,24.5,70.7,,0.0,0.0,,0,640,545,320,6.50,1.60,5.05,1.8,0,3.060,2.114,24.871,0.000,19.253,5.618,0.0,691.0,1290.0,949.0,653.0,414.0,989.0,650.0,700.0,285.0,920.0,1960.0,525.0,937.0,754.0
Pearled spelt,1729,329,11.1,10.4,57.7,16.2,2.4,0.0,0.0,0.00,0.00,0.00,0.00,0.39,,0.25,0.07,2.43,0.76,0.18,0.49,5.1,52.4,,0.0,0.0,,1,325,24,105,2.50,0.45,3.30,1.0,38.898719,0.327,0.270,0.808,0.000,0.000,0.808,0.0,429.0,847.0,320.0,193.0,248.0,593.0,334.0,348.0,146.0,536.0,524.0,290.0,460.0,1300.0
Pearled barley,1730,335,8.5,7.2,64.0,13.4,2.0,0.0,0.0,0.00,0.00,0.00,0.00,0.00,,0.19,0.06,1.90,1.27,0.19,0.15,5.8,50.3,,0.0,0.0,,2,300,23,71,1.90,0.38,2.00,1.4,45.1066445,0.363,0.117,0.616,0.000,0.000,0.616,0.0,301.0,602.0,312.0,155.0,210.0,432.0,242.0,293.0,114.0,430.0,412.0,193.0,339.0,959.0
Oil margarine,1731,734,0.0,,0.0,0.0,81.6,0.0,1.3,90.00,540.00,7.77,0.07,15.30,68.30,0.00,0.00,0.00,0.00,0.00,0.00,0.0,0.0,,0.0,0.0,,500,2,2,1,0.00,0.00,0.00,0.0,0,6.454,42.819,19.514,0.343,5.829,13.685,0.0,,,,,,,,,0.0,,,,,
"Oil margarine, fortified with A- and D-vitamin",1732,728,0.0,,0.0,0.0,80.9,0.0,0.0,443.44,512.67,14.20,0.00,25.40,36.30,0.00,0.00,0.00,0.00,0.00,0.00,0.0,0.0,,0.0,0.0,,7,510,1,2,0.00,0.00,0.00,0.0,0,8.588,28.707,34.372,0.178,9.223,25.149,0.0,,,,,,,,,0.0,,,,,
"Plant margarine, 80%, fry/bake, enriched with A- and D-vitamin",1733,726,0.0,,0.0,0.0,80.6,0.0,1.7,884.67,334.00,,0.00,5.97,24.10,0.00,0.00,0.00,0.00,0.00,0.00,0.0,0.0,,0.0,0.0,,690,9,5,2,0.00,0.00,0.00,0.0,0,32.765,25.890,7.898,0.035,1.114,6.784,0.0,,,,,,,,,0.0,,,,,
"Plant margarine, 80%, fry/bake, enriched with A-vitamin",1734,726,0.0,,0.0,0.0,80.6,0.0,1.7,898.58,336.50,7.70,0.00,5.97,24.10,0.00,0.00,0.00,0.00,0.00,0.00,0.0,0.0,,0.0,0.0,,690,9,5,2,0.00,0.00,0.00,0.0,0,32.765,25.890,7.898,0.035,1.114,6.784,0.0,,,,,,,,,0.0,,,,,
"Plant margarine, 75%, fry/bake, fortified with A-vitamin",1735,684,0.0,,0.0,0.0,76.0,0.0,1.4,823.67,340.00,0.00,0.00,7.28,40.00,0.00,0.00,0.00,0.00,0.00,0.00,0.0,0.0,,0.0,0.0,,540,17,3,1,0.00,0.00,0.00,0.0,0,25.881,26.940,10.889,0.000,3.035,7.854,0.0,,,,,,,,,0.0,,,,,
"Plant margarine, 60%, table use, soft, enriched with A-vitamin",1736,550,0.0,,0.8,0.0,60.7,0.0,0.8,941.17,313.00,,0.00,7.36,40.30,0.00,0.00,0.00,0.00,0.00,0.00,0.0,0.0,,0.0,0.0,,330,23,6,1,0.00,0.00,0.00,0.0,0,17.529,26.434,10.471,0.172,2.827,7.644,0.0,,,,,,,,,0.0,,,,,
"Plant margarine, 40%, table use, soft, enriched with A- and D-vitamin",1737,365,0.0,,0.0,0.0,40.6,0.0,1.1,703.33,740.00,19.20,19.20,9.46,12.80,0.00,0.00,0.00,0.00,0.00,0.00,0.0,0.0,,0.0,0.0,,420,200,2,1,0.00,0.00,0.00,0.0,0,13.093,14.997,8.395,0.000,2.056,6.339,0.0,,,,,,,,,0.0,,,,,
"Beef, mince, 8-12% fat, raw",1739,173,20.0,16.7,0.0,0.0,10.3,0.0,0.2,1.46,0.00,0.73,0.06,0.32,0.00,0.03,0.20,8.17,4.47,0.14,3.07,2.1,7.1,,1.9,0.0,0.0,63,288,6,17,2.07,0.06,4.27,0.0,0,4.106,4.326,0.196,0.056,0.000,0.196,65.0,813.8,1478.3,1701.7,431.0,174.8,794.0,601.5,826.0,222.0,916.8,1275.0,631.3,1423.3,1042.3
"Chicken, mince, 3-10% fat, raw",1740,137,17.0,15.1,0.0,0.0,7.7,0.0,0.2,0.00,0.00,1.20,0.10,0.89,37.90,0.04,0.16,9.63,5.93,0.20,15.55,2.4,6.2,,0.3,0.0,0.0,60,320,6,24,0.58,0.05,1.60,0.0,0,1.616,2.767,1.447,0.000,0.190,1.257,89.5,828.0,1410.0,1610.0,397.0,153.0,680.0,585.0,820.0,222.0,859.0,1220.0,513.0,1020.0,797.0
"Baby spinach, raw",1741,16,2.5,1.6,0.5,1.7,0.0,0.0,0.1,505.63,3033.75,0.00,,1.78,92.51,0.05,0.17,0.98,0.31,0.15,0.15,1.9,106.6,,0.0,5.3,,31,705,70,72,1.50,0.21,0.50,0.0,0.09,0.000,0.000,0.000,0.000,,,0.0,83.8,162.6,124.6,36.5,35.1,115.3,87.2,91.9,40.5,112.7,114.6,49.5,106.3,86.1
"Salad, romaine, raw",1743,14,1.6,1.1,0.8,2.2,0.0,0.0,0.0,139.33,836.00,0.00,,0.44,25.85,0.04,0.08,0.56,0.26,0.07,0.12,4.2,92.0,,0.0,6.2,,7,290,24,10,0.91,0.04,0.35,1.1,0,0.000,0.000,0.000,0.000,,,0.0,58.1,101.5,94.8,13.0,11.0,65.0,47.9,61.5,17.7,72.9,70.7,27.2,65.2,63.0
"Squash, red kuri, Danish, raw",1744,34,1.2,0.7,5.2,3.1,0.2,0.0,0.0,187.94,1127.63,0.00,,0.61,1.29,0.00,0.07,0.59,0.42,0.11,0.20,2.3,31.8,,0.0,6.8,,0,304,19,9,0.27,0.04,0.21,3.2,3.2,0.100,0.000,0.100,0.000,,,0.0,22.2,57.9,53.4,0.0,12.0,28.3,12.3,31.1,10.0,43.8,83.6,12.1,36.2,14.6
"Butternut squash, raw",1745,32,0.8,0.6,5.8,2.2,0.2,0.0,0.0,208.46,1250.75,0.00,,0.65,0.00,0.03,0.03,0.57,0.44,0.08,0.26,1.8,30.3,,0.0,2.0,,0,369,45,14,0.18,0.06,0.14,4.9,3.2,0.100,0.000,0.100,0.000,,,0.0,0.0,34.4,36.0,0.0,8.6,4.3,14.1,21.4,7.5,29.6,56.3,2.8,21.6,16.1
Whey protein powder,1747,385,66.7,,17.9,0.0,5.1,0.0,1.0,15.00,0.00,0.10,,0.38,0.50,0.71,0.86,20.13,10.00,1.00,0.06,0.0,200.0,,2.3,0.8,,385,564,256,181,0.92,1.00,7.14,11.5,0,2.564,0.281,0.000,0.000,0.000,,205.0,,,,,,,,,608.0,,,,,
"Rice cake/cracker, puffed brown rice, plain",1748,376,8.2,6.1,77.3,4.2,2.8,0.0,0.4,0.00,0.00,0.00,,0.62,1.90,0.06,0.17,9.54,7.81,0.15,1.00,9.8,21.0,,0.0,0.0,,166,290,11,131,1.49,0.45,3.00,0.9,79.2,0.540,1.030,0.000,0.000,0.000,,0.0,346.0,675.0,311.0,184.0,99.0,421.0,306.0,299.0,104.0,479.0,618.0,207.0,402.0,383.0
"Spinach, whole leaf, frozen",1749,19,2.2,1.5,1.0,1.9,0.3,0.0,0.1,536.25,3217.50,0.00,,1.46,26.39,0.00,0.09,0.79,0.23,0.06,0.03,1.4,43.7,,0.0,3.3,,32,308,112,30,0.95,0.07,0.82,0.1,0.09,0.035,0.017,0.188,0.000,,,0.0,77.8,159.4,124.8,38.8,28.3,101.7,80.1,89.5,33.7,108.6,110.0,44.2,103.1,82.9
"Cabbage, red, Danish, raw",1750,24,1.2,0.7,3.7,2.4,0.0,0.0,0.0,0.37,2.24,0.00,,0.00,3.80,0.04,0.03,0.32,0.21,0.13,0.19,1.9,30.2,,0.0,34.4,,13,246,37,10,0.24,0.01,0.16,3.6,0,0.000,0.000,0.000,0.000,,,0.0,20.0,49.4,52.9,0.0,16.3,13.6,21.7,36.5,6.5,49.7,60.2,12.3,33.9,28.2
"Cabbage, pointed, Danish, raw",1751,21,1.5,0.9,2.8,1.7,0.0,0.0,0.0,6.35,38.09,0.00,,0.07,15.71,0.03,0.04,0.44,0.25,0.12,0.14,3.0,41.7,,0.0,27.3,,9,233,44,11,0.25,0.02,0.17,2.8,0.03,0.000,0.000,0.000,0.000,,,0.0,26.9,57.8,61.5,0.0,14.8,27.5,23.4,41.2,11.5,54.3,84.4,29.5,37.7,50.6
"Parsnip, Danish, raw",1752,72,1.3,0.8,12.5,4.6,0.8,0.0,0.0,0.15,0.88,0.00,,0.33,0.00,0.05,0.05,1.20,0.96,0.09,0.28,3.9,60.5,,0.0,11.3,,4,414,34,25,0.34,0.10,0.46,3.5,6.2,0.120,0.045,0.475,0.000,,,0.0,34.9,70.9,71.9,0.0,17.6,45.5,24.9,50.0,14.4,59.3,109.4,15.3,45.7,24.1
"Veal, top round, raw",1753,176,20.1,,0.7,0.0,10.3,0.0,0.1,0.00,0.00,0.44,0.02,0.12,0.00,0.04,0.19,10.26,6.03,0.20,2.59,2.4,9.4,,1.1,0.0,0.0,49,358,5,21,1.23,0.06,3.18,0.0,0,4.028,3.768,0.413,0.386,0.000,0.413,60.3,924.5,1631.7,1803.3,408.5,160.8,900.5,668.5,933.7,253.3,1011.5,1358.3,724.0,1354.3,989.0
"Veal, topside, trimmed, raw",1754,107,22.3,18.4,0.0,0.0,2.0,0.0,0.1,0.00,0.00,0.37,0.01,0.16,0.00,0.06,0.25,10.18,5.30,0.31,3.56,2.6,9.9,,1.4,0.0,0.0,43,382,4,24,1.62,0.07,3.40,0.0,0,0.620,0.554,0.102,0.000,0.000,0.102,53.8,1037.5,1808.3,2025.0,496.2,195.0,993.8,752.2,1005.3,293.2,1105.0,1375.0,832.5,970.3,826.7
"Veal, heart of rump, trimmed, raw",1755,104,21.9,18.0,0.0,0.0,1.9,0.0,0.1,0.00,0.00,0.38,0.01,0.27,0.00,0.06,0.22,9.99,5.40,0.27,3.11,2.5,10.3,,1.5,0.0,0.0,45,368,4,24,1.52,0.08,3.32,0.0,0,0.610,0.531,0.183,0.021,0.000,0.183,56.6,1005.8,1770.0,1956.7,407.8,162.0,949.8,726.2,1005.2,275.3,1080.0,1346.7,802.3,1010.8,810.3
"Veal, shortloin, raw",1756,159,21.3,17.7,0.0,0.0,8.2,0.0,0.1,0.00,0.00,0.44,0.02,0.12,31.84,0.04,0.19,10.26,6.03,0.20,2.59,2.4,9.4,,1.1,0.0,0.0,49,358,5,21,1.23,0.06,3.18,0.0,0,3.217,3.009,0.330,0.309,0.000,0.330,60.3,924.5,1631.7,1803.3,408.5,160.8,900.5,668.5,933.7,253.3,1011.5,1358.3,724.0,1354.3,989.0
"Beef, bottom round, raw",1758,223,19.0,,0.5,0.0,16.1,0.0,0.2,14.00,0.00,0.60,0.60,0.44,0.00,0.06,0.18,5.70,5.70,0.45,0.70,0.0,5.6,4.0,1.4,0.0,0.0,62,310,5,21,2.10,0.07,4.30,0.0,0,5.870,6.698,0.244,0.192,0.030,0.214,65.0,,,,,,,,,,,,,,
"Beef, flank steak, raw",1759,142,20.6,,0.0,0.0,6.6,0.0,0.1,0.00,0.00,0.38,0.03,0.24,0.00,0.04,0.19,9.11,4.54,0.24,3.49,2.4,9.6,4.0,1.6,0.0,0.0,44,356,4,23,1.82,0.03,3.92,0.0,0,2.477,2.567,0.145,0.131,0.000,0.145,59.1,946.8,1653.3,1876.7,424.3,167.2,890.8,689.7,924.2,274.3,1001.7,1268.3,735.5,915.7,835.2
"Carrots, imported, without peel, raw",1760,36,0.3,0.3,7.1,3.3,0.0,0.0,0.1,1063.33,6380.00,0.00,,0.17,1.03,0.01,0.03,0.40,0.40,0.06,0.14,2.4,18.6,,0.0,2.1,,54,190,28,9,0.16,0.03,0.15,3.9,0.1,0.000,0.000,0.000,0.000,,,0.0,0.0,29.1,32.7,0.0,3.0,0.0,0.0,22.2,0.0,26.3,21.3,0.0,19.8,0.0
"Carrots, Danish, without peel, raw",1761,30,0.5,0.4,5.7,2.4,0.0,0.0,0.1,963.89,5783.33,0.00,,0.28,2.27,0.01,0.03,0.25,0.25,0.06,0.26,2.0,14.6,,0.0,2.2,,41,220,26,8,0.19,0.05,0.22,4.3,0.2,0.000,0.000,0.000,0.000,,,0.0,0.0,25.9,25.9,0.0,5.2,0.0,0.0,19.3,0.0,25.3,21.8,0.0,13.4,6.8
"Parsnips, imported, raw",1762,66,1.4,,10.7,6.3,0.6,0.0,0.0,0.00,0.00,0.00,,0.44,,0.05,0.07,1.42,1.14,0.08,0.37,6.6,45.8,,0.0,7.4,,7,430,56,35,0.35,0.20,0.55,5.7,5.2,0.090,0.034,0.356,0.000,,,0.0,49.2,79.8,80.8,0.0,22.0,54.1,36.9,55.2,16.8,65.9,125.0,28.1,51.0,44.2
"Celery, root, imported, raw",1763,20,1.3,,1.7,4.2,0.0,0.0,0.1,0.00,0.00,0.00,,0.18,,0.03,0.05,0.66,0.49,0.20,0.44,7.8,97.2,,0.0,5.2,,40,430,44,9,0.34,0.13,0.46,,0.37,0.000,0.000,0.000,0.000,,,0.0,40.4,65.0,71.0,0.0,21.0,0.0,0.0,36.3,10.5,60.4,33.6,21.3,42.1,0.0
"Cream yoghurt, plain, 10% fat (Greek and Turkish style)",1764,121,5.0,4.5,5.6,0.0,8.7,0.0,0.2,58.50,0.00,0.14,,0.39,2.30,0.03,0.16,1.24,0.09,0.05,0.29,1.8,13.2,,0.3,,,82,150,114,10,0.03,0.00,0.44,3.7,0,4.665,1.605,0.143,0.560,0.021,0.102,30.1,267.2,518.8,448.0,125.8,32.2,243.7,243.7,220.1,69.2,353.7,165.1,133.6,110.0,487.3
"Cream yoghurt, plain, 2% fat (Greek and Turkish style)",1765,71,9.2,8.6,3.8,0.0,2.1,0.0,0.2,18.40,0.00,0.06,,0.07,0.00,0.04,0.20,2.31,0.14,0.05,0.27,2.1,14.0,,0.5,,,63,153,141,12,0.04,0.02,0.60,3.4,0,1.254,0.451,0.056,0.043,0.005,0.044,8.9,516.4,918.1,789.0,272.6,20.1,459.0,473.4,373.0,130.5,645.5,329.9,272.6,200.8,961.1
"Milk, acidophilus cultured from partly skimmed milk, 1.5% fat",1766,44,3.7,,4.1,0.0,1.4,0.0,0.1,12.80,0.00,0.05,,0.02,0.00,0.03,0.13,1.30,0.10,0.04,0.30,1.5,4.2,,0.3,1.1,,38,145,127,11,0.02,0.00,0.45,3.3,0,0.834,0.305,0.036,0.066,0.006,0.025,6.7,,,,,,,,,72.0,,,,,
"Milk, acidophilus cultured from skimmed milk, 0.5% fat",1767,42,4.5,4.0,4.8,0.0,0.6,0.0,0.1,4.21,0.00,0.04,,0.01,0.00,0.04,0.11,1.15,0.12,0.04,0.41,1.5,12.6,,0.4,,,39,148,145,12,0.03,0.01,0.52,3.4,0,0.357,0.131,0.015,,,,3.8,239.4,464.6,401.3,112.6,28.9,218.2,218.2,197.1,62.0,316.8,147.8,119.7,98.6,436.5
"Pizza topping (Grated cheese, Mozzarella)",1768,315,19.7,17.4,8.1,0.0,22.7,0.0,1.5,160.25,0.00,0.32,,1.42,0.00,0.02,0.17,4.80,0.26,0.04,0.40,2.8,7.0,,0.7,0.6,,598,70,574,22,0.09,0.06,2.76,0.6,7.5,12.743,5.741,0.885,0.574,0.069,0.774,75.4,1083.3,1826.1,1578.5,557.1,71.2,1021.4,1083.3,680.9,272.4,1330.9,619.0,557.1,402.4,2073.7
Skinkeost 30+ (Processed cheese with ham),1769,216,14.7,13.0,2.9,0.0,16.2,0.0,3.0,138.00,0.00,0.24,,0.40,,0.02,0.17,3.65,0.26,0.04,0.52,2.3,7.0,,0.7,0.6,,1180,120,397,20,0.18,0.06,2.07,1.9,0,9.452,3.482,0.372,0.622,0.059,0.263,54.5,808.5,1362.9,1178.1,415.8,53.1,762.3,808.5,508.2,203.3,993.3,462.0,415.8,300.3,1547.7
"Rejeost, light, 8% fat, (Processed cheese with shrimp)",1770,151,17.7,15.6,5.0,0.0,6.8,0.0,3.0,58.00,0.00,0.12,,0.51,,0.04,0.29,4.24,0.18,0.06,0.37,3.1,7.0,,0.5,,,1180,146,516,27,0.17,0.06,2.42,3.6,0.1,3.992,1.413,0.142,0.266,0.025,0.099,23.9,969.5,1634.3,1412.7,498.6,63.7,914.1,969.5,609.4,243.8,1191.1,554.0,498.6,360.1,1855.9
"Feta, 5% (Salad cheese)",1771,176,21.7,19.1,1.6,0.0,9.2,0.0,2.9,88.00,0.00,0.15,,0.12,0.00,0.01,0.27,5.11,0.12,0.00,0.05,1.3,4.6,,0.5,0.7,,1150,29,217,8,0.10,0.05,1.59,0.0,0,5.671,1.814,0.165,0.262,0.029,0.112,31.9,1190.0,2006.0,1734.0,612.0,78.2,1122.0,1190.0,748.0,299.2,1462.0,680.0,612.0,442.0,2278.0
"Cheese, Cream, 30-40 % fidm.",1772,152,10.4,9.2,4.5,0.0,10.3,0.0,0.7,84.00,0.00,0.16,,0.19,0.00,0.02,0.10,2.43,0.04,0.02,0.57,2.0,18.0,,0.1,0.0,,261,97,82,8,0.16,0.04,0.49,2.9,0,5.912,2.170,0.238,0.398,0.040,0.169,35.4,570.5,961.7,831.3,293.4,37.5,537.9,570.5,358.6,143.4,700.9,326.0,293.4,211.9,1092.1
"Cheese, Cream, 45-55 % fidm.",1773,260,5.6,4.9,3.5,0.0,24.8,0.0,1.1,217.00,0.00,0.35,,0.52,0.00,0.03,0.17,1.36,0.07,0.04,0.57,2.0,15.3,,0.2,0.0,,425,114,113,8,0.06,0.04,0.40,2.9,0,14.467,5.232,0.507,0.878,0.093,0.347,82.4,308.0,519.2,448.8,158.4,20.2,290.4,308.0,193.6,77.4,378.4,176.0,158.4,114.4,589.6
"Cheese, Brie, 11%",1774,176,23.2,20.5,1.5,0.0,8.6,0.0,1.5,86.00,0.00,0.14,,0.27,0.00,0.04,0.38,6.01,0.67,0.14,0.14,3.5,91.0,,0.9,,,600,125,522,21,0.12,0.04,2.71,0.1,0,5.150,1.933,0.236,0.342,0.069,0.129,29.8,1274.0,2147.6,1856.4,655.2,83.7,1201.2,1274.0,800.8,320.3,1565.2,728.0,655.2,473.2,2438.8
"Goat cheese, soft, 45-55% fidm.",1775,311,17.8,15.0,2.1,0.0,25.7,0.0,1.4,262.00,0.00,0.36,,0.83,33.72,0.05,0.42,4.34,0.66,0.18,0.08,5.1,48.0,,0.2,0.0,,567,63,340,22,0.10,0.06,1.43,0.8,0,15.340,5.417,1.019,0.858,0.111,0.813,85.1,1033.5,1564.3,1452.5,391.1,229.1,782.1,893.9,810.1,220.7,1201.1,586.6,446.9,251.4,1843.6
"Goat cheese, in brine, 20-25%",1776,271,15.2,12.8,0.8,0.0,23.0,0.0,2.3,235.00,0.00,0.32,,0.12,0.00,0.05,0.45,4.94,1.80,0.25,0.08,5.1,26.7,,1.1,0.0,,915,39,189,9,0.11,0.07,1.11,0.0,0,13.575,4.694,0.765,0.812,0.137,0.550,76.4,882.5,1335.6,1240.2,333.9,195.6,667.8,763.2,691.7,188.4,1025.6,500.9,381.6,214.7,1574.1
"Goat cheese, hard, 45% fidm.",1777,369,21.8,18.3,1.2,0.0,30.8,0.0,0.6,350.00,0.00,0.42,,0.49,0.00,0.10,0.26,4.89,0.40,0.05,0.08,5.1,19.0,,0.2,0.0,,256,97,820,58,0.22,0.05,3.28,0.0,0,18.313,6.074,0.882,0.783,0.184,0.600,101.8,1261.7,1909.6,1773.2,477.4,279.6,954.8,1091.2,988.9,269.4,1466.3,716.1,545.6,306.9,2250.6
"Cheese, firm, 6%/10% fidm.",1778,175,28.9,25.5,0.5,0.0,6.4,0.0,1.8,55.50,0.00,0.11,,0.15,0.00,0.02,0.29,6.71,0.07,0.06,0.21,1.1,43.0,,2.4,0.0,,720,74,860,37,0.09,0.04,3.92,0.0,0,3.724,1.319,0.139,0.251,0.027,0.097,22.6,1583.8,2669.8,2307.8,814.5,104.1,1493.3,1583.8,995.5,398.2,1945.8,905.0,814.5,588.3,3031.8
"Cheese, firm, 45% fidm., Danish",1779,325,24.2,21.4,1.1,0.0,24.8,0.0,1.6,212.00,0.00,0.35,,0.50,0.00,0.05,0.33,5.67,0.10,0.09,0.34,1.5,60.0,,1.4,,,652,61,683,27,0.09,0.05,3.37,0.2,0,14.540,5.139,0.534,0.990,0.086,0.370,82.5,1328.8,2240.0,1936.3,683.4,87.3,1252.9,1328.8,835.3,334.1,1632.6,759.3,683.4,493.6,2543.8
"Cheese, firm, 50% fidm., Danish",1780,367,23.9,21.0,1.4,0.0,29.6,0.0,1.5,220.00,0.00,0.41,,0.66,0.00,0.05,0.33,5.59,0.10,0.09,0.34,1.5,60.0,,1.4,,,602,51,620,25,0.09,0.02,3.05,0.0,0,17.295,6.218,0.663,1.240,0.102,0.470,97.9,1309.0,2206.6,1907.4,673.2,86.0,1234.2,1309.0,822.8,329.1,1608.2,748.0,673.2,486.2,2505.8
"Veal, brisket, raw",1781,147,20.5,16.3,0.0,0.0,7.3,0.0,0.2,0.00,0.00,0.45,0.02,0.15,7.29,0.04,0.21,9.36,5.29,0.20,3.50,2.5,12.1,,1.1,0.0,0.0,65,350,5,21,1.28,0.06,2.97,0.0,0,2.621,2.453,0.468,0.140,0.031,0.437,58.2,879.7,1551.7,1733.3,426.0,168.0,829.3,642.8,892.0,244.2,960.8,1226.7,687.2,1052.3,846.8
"Beef, brisket, boneless, raw",1782,197,19.3,16.1,0.4,0.0,13.1,0.0,0.2,4.67,0.00,0.46,0.06,0.25,0.00,0.03,0.17,8.80,5.07,0.18,3.09,2.3,10.2,,1.1,0.0,0.0,67,318,6,19,1.50,0.05,3.18,0.0,0,4.730,5.972,0.188,0.118,0.000,0.188,61.1,849.8,1520.0,1691.7,356.7,143.5,841.2,627.3,861.3,224.2,939.2,1208.3,672.5,1101.7,828.3
"Cold cuts, with wheat protein",1783,223,29.2,25.5,13.7,5.5,4.5,0.0,2.8,18.50,111.00,0.00,,0.96,3.39,0.20,0.31,5.81,0.69,0.05,3.07,20.8,59.4,,0.0,0.0,,1100,250,45,38,2.00,0.29,1.85,5.8,6.3,0.546,1.621,1.250,0.000,0.000,1.250,0.0,1037.0,2035.0,528.5,344.5,534.0,1490.0,870.0,777.0,307.0,1230.0,1151.0,664.0,1003.5,3475.0
Seitan,1784,195,26.5,24.3,5.1,2.1,7.2,0.0,1.6,3.01,18.05,0.00,,2.50,1.13,0.06,0.08,4.96,0.21,0.03,1.02,5.7,14.9,,0.0,0.0,,653,87,36,25,1.74,0.28,1.41,0.5,3.525,0.651,3.617,1.852,0.000,0.000,1.852,0.0,953.0,1891.3,478.4,349.4,525.8,1440.0,931.6,720.4,284.9,1071.8,932.9,561.5,958.3,3465.0
"Mince, with mycoprotein",1785,97,9.9,10.8,5.4,6.5,2.5,0.0,0.1,0.00,0.00,0.00,,0.00,0.00,0.00,0.45,4.23,0.69,0.06,1.96,38.9,45.4,,0.0,0.1,,34,79,187,43,0.27,0.30,6.23,0.0,0.666666666666667,0.308,0.379,1.242,0.000,0.340,0.903,0.0,606.7,987.0,1008.3,296.0,170.3,595.3,475.7,661.7,212.3,766.3,833.7,307.0,569.0,696.0
"Mince, with soy protein",1786,169,16.6,15.2,3.8,8.4,7.8,0.0,1.2,2.64,15.83,0.00,,1.58,5.51,0.11,0.18,4.77,0.68,0.09,2.83,22.9,54.5,,0.0,0.0,,473,651,128,83,2.53,0.38,1.17,2.5,0.7125,2.329,2.556,2.022,0.000,0.313,1.709,0.0,787.1,1362.1,1087.8,172.0,226.8,914.9,634.6,706.8,245.8,844.1,1255.8,457.3,743.8,952.9
"Mince balls, with soy protein",1787,157,14.0,12.8,2.4,7.6,8.5,0.0,1.0,0.00,0.00,0.00,,1.65,5.90,0.02,0.14,3.78,0.25,0.04,0.62,15.3,29.7,,0.0,0.0,,380,455,94,54,2.25,0.21,0.64,1.1,0,0.514,4.812,2.208,0.000,0.647,1.561,0.0,669.5,1165.0,978.5,124.5,172.5,778.0,541.5,617.5,211.5,717.0,1115.0,394.0,627.0,718.5
"Pieces, with soy protein",1788,121,18.6,17.0,1.3,8.1,2.8,0.0,1.6,9.51,57.07,0.00,,1.32,2.37,0.08,0.16,5.11,0.60,0.07,0.93,21.5,49.0,,0.0,0.0,,643,750,91,103,2.82,0.12,1.09,0.1,0.933333333333333,0.165,1.134,1.045,0.000,0.084,0.962,0.2,882.8,1513.3,1271.7,212.3,290.2,1000.3,704.7,811.8,270.7,938.5,1523.3,510.7,834.8,1004.7
"Cold cuts, with soy and pea protein",1789,153,6.4,6.2,5.4,2.8,11.2,0.0,2.5,9.54,57.23,0.00,,2.73,10.82,0.00,0.04,1.70,0.05,0.02,0.19,4.6,16.7,,0.0,0.0,,993,170,15,10,4.57,0.12,0.27,2.6,1.26666666666667,0.652,6.269,2.639,0.000,0.724,1.915,0.0,331.0,571.8,466.8,61.3,82.7,373.3,260.8,276.7,99.0,347.7,514.7,184.3,291.0,342.0
"Mince, with pea protein",1790,219,14.0,13.7,6.5,5.4,14.1,0.0,1.0,2.76,16.53,0.00,,1.33,10.63,0.09,0.19,3.44,0.77,0.04,1.03,9.6,23.8,,0.0,0.2,,380,392,177,39,3.53,0.30,1.98,1.8,1.96666666666667,5.805,4.355,2.043,0.000,0.426,1.617,0.0,702.5,1262.8,1125.5,123.3,166.2,857.3,573.5,592.5,160.2,786.5,1256.0,398.5,653.0,816.5
"Sausage, with pea protein",1791,202,13.6,12.7,4.2,5.2,13.3,0.0,1.5,5.09,30.57,0.00,,1.95,5.68,0.06,0.09,2.97,0.52,0.04,0.83,12.3,20.9,,0.0,0.2,,610,252,192,28,3.22,0.25,1.72,1.4,1.16666666666667,6.126,3.971,1.540,0.000,0.263,1.276,0.0,660.0,1175.0,993.8,114.5,179.0,790.0,533.0,545.8,147.3,734.8,1140.0,363.5,601.3,785.5
"Cold cuts, with eggwhite",1792,173,7.9,6.8,2.5,2.2,14.2,0.0,2.4,55.42,332.50,0.00,,3.30,13.30,0.05,0.32,2.32,0.33,0.04,1.24,11.7,17.2,,0.0,0.0,,945,210,38,11,0.19,0.03,0.12,1.2,0,0.819,8.645,3.409,0.000,0.952,2.457,2.1,383.5,640.5,537.5,243.0,210.0,461.0,294.5,367.0,119.5,530.0,459.0,194.0,298.5,271.0
"Pieces, with mycoprotein",1793,88,8.9,9.9,5.6,5.5,2.1,0.0,0.6,0.00,0.00,0.00,,0.00,0.00,0.10,0.36,4.49,1.39,0.09,2.61,42.8,52.5,,0.0,0.1,,233,100,138,32,0.30,0.28,5.37,0.0,1.46666666666667,0.287,0.366,1.069,0.000,0.265,0.803,1.8,559.7,911.0,955.3,187.3,122.7,536.0,434.7,625.0,186.0,704.3,767.7,301.3,529.3,675.0
"Sausage, with soy protein",1794,164,11.4,10.5,2.6,6.9,10.5,0.0,1.4,11.76,70.58,0.00,,2.29,6.21,0.05,0.08,3.58,0.35,0.04,0.93,13.8,34.1,,0.0,0.2,,573,290,61,38,16.00,0.20,0.61,0.8,0.275,0.627,5.863,2.777,0.000,0.832,1.945,1.7,549.3,948.8,787.5,95.0,121.0,635.3,447.3,495.5,193.3,590.8,921.0,319.5,513.3,619.5
"Beef, entrecote/rib eye, raw",1795,190,18.6,15.5,0.0,0.0,12.9,0.0,0.1,0.00,0.00,0.54,0.10,0.29,0.00,0.02,0.16,8.85,4.77,0.18,2.39,2.2,9.7,,1.1,0.0,0.0,44,308,5,18,1.68,0.10,4.25,0.0,0,5.864,4.270,0.144,0.081,0.000,0.144,55.9,839.8,1482.5,1677.5,430.0,168.8,799.3,622.0,832.3,245.3,896.5,1162.5,663.5,902.3,771.8
Aronia berries,1796,50,0.7,,8.8,5.6,0.1,0.0,0.0,188.33,1130.00,0.00,,1.45,21.90,0.02,0.02,0.30,0.30,0.03,,,6.6,,0.0,27.8,,3,218,32,16,0.90,,0.30,8.8,0,0.000,0.000,0.000,0.000,0.000,0.000,0.0,,,,,,,,,,,,,,
"Oatmilk, with added calcium and vitamins",1797,62,0.8,0.7,9.0,0.7,2.4,0.0,0.1,0.00,0.00,1.10,,0.27,1.79,0.03,0.35,0.22,0.00,0.01,0.08,2.5,0.0,,0.5,0.0,,39,81,98,3,0.17,0.03,0.13,3.3,8.15,0.283,0.610,1.121,0.000,,,0.0,0.0,61.8,29.9,0.0,26.0,47.3,33.0,29.5,13.1,43.9,54.2,0.0,43.2,46.7
"Almondmilk, with added calcium",1798,28,0.5,0.4,2.4,0.0,1.8,0.0,0.1,0.00,0.00,0.00,,0.38,0.00,0.00,0.02,0.00,0.00,0.00,0.01,1.7,0.0,,0.1,0.0,,38,19,98,12,0.31,0.03,0.08,1.7,0,0.491,0.971,0.267,0.000,,,0.0,0.0,40.6,0.0,0.0,11.5,16.1,0.0,16.0,0.0,26.7,58.4,0.0,33.6,25.6
"Lentils, red, dried, raw",1799,323,22.5,20.8,44.5,18.5,2.0,0.0,0.0,3.04,18.23,0.00,,0.28,7.20,0.41,0.18,5.21,1.84,0.37,0.84,25.5,99.7,,0.0,0.9,,1,870,24,75,4.97,0.81,3.58,2.1,29.75,0.400,0.500,1.100,0.000,,,0.0,1044.8,1890.0,1708.3,200.7,268.2,1275.0,777.0,980.0,202.2,1226.7,2163.3,682.2,1018.3,1016.3
"Lentils, green, dried, raw",1800,310,20.5,18.3,41.3,22.9,1.9,0.0,0.0,3.92,23.52,0.00,,0.59,3.92,0.30,0.16,5.25,2.17,0.41,1.18,27.3,117.7,,0.0,1.0,,1,900,58,96,7.43,0.83,3.73,1.9,27.2833333333333,0.200,0.300,0.800,0.000,,,0.0,925.0,1670.0,1555.0,185.5,242.5,1123.3,672.0,862.3,184.8,1081.7,1850.0,622.2,934.7,890.7
"Beans, white, dried, raw",1801,276,18.0,17.4,29.5,33.5,2.1,0.0,0.0,0.00,0.00,0.00,,0.00,0.72,0.32,0.15,5.99,1.50,0.41,0.37,12.3,82.1,,0.0,0.2,,0,1463,165,161,5.81,0.73,2.24,3.1,17.4166666666667,0.541,0.182,0.902,0.000,,,0.0,925.0,1688.6,1464.3,227.6,238.9,1211.4,699.6,955.0,269.4,1082.7,1288.6,600.9,844.1,809.1
"Beans, red kidney, dried, raw",1802,279,19.0,18.3,31.3,30.6,1.9,0.0,0.0,0.59,3.53,0.00,,0.08,1.94,0.26,0.13,6.19,1.89,0.33,0.31,8.3,93.0,,0.0,0.4,,0,1288,102,139,5.20,0.74,2.36,3.4,18.7333333333333,0.276,0.147,1.050,0.000,,,0.0,962.8,1760.0,1553.3,262.5,251.5,1266.7,720.8,932.5,257.8,1126.7,1341.7,640.7,872.8,836.8
"Chickpeas, dry, raw",1803,337,18.8,18.3,41.4,21.0,6.0,0.0,0.0,0.00,0.00,0.00,,2.33,6.18,0.35,0.14,5.35,1.58,0.53,1.05,21.4,181.0,,0.0,0.6,,3,995,115,130,4.70,0.73,3.10,3.1,22.75,0.603,1.380,2.730,0.000,,,0.0,905.5,1610.0,1495.0,282.0,339.5,1270.0,630.5,807.0,226.0,969.0,2060.0,575.0,865.0,893.5
"Le Puy green lentil, dried, raw",1804,302,20.4,19.0,38.6,23.9,2.0,0.0,0.0,7.54,45.25,0.00,,0.78,7.45,0.31,0.15,5.07,1.92,0.26,1.37,20.0,129.0,,0.0,0.7,,1,1100,60,110,8.80,1.05,4.50,0.9,27,0.200,0.300,0.800,0.000,,,0.0,976.5,1730.0,1700.0,191.5,252.0,1150.0,714.0,877.0,189.0,1125.0,1915.0,623.5,951.5,906.0
"Lentils, beluga, dried, raw",1805,309,22.5,20.2,38.1,24.3,2.0,0.0,0.0,11.02,66.10,0.00,,0.87,13.45,0.48,1.61,5.54,1.97,0.39,1.34,22.5,163.5,,0.0,6.7,,2,915,53,102,5.80,0.87,3.70,1.6,28.9,0.200,0.300,0.800,0.000,,,0.0,1050.0,1865.0,1775.0,194.5,267.5,1230.0,750.0,918.0,214.0,1185.0,2110.0,673.0,1003.0,971.0
"Edamame beans (Soy beans), shelled, frozen",1806,132,10.7,10.2,3.8,5.1,7.1,0.0,0.0,7.81,46.85,0.00,,1.14,23.60,0.15,0.12,3.67,0.88,0.09,1.69,13.7,108.0,,0.0,15.4,,10,395,70,60,1.90,0.39,1.20,0.4,1.8,1.000,2.600,3.300,0.000,,,0.0,536.5,910.0,802.0,156.5,143.0,594.5,393.0,443.5,167.5,550.5,849.0,307.0,494.0,605.5
"Lentils, green, boiled, canned",1807,90,5.7,5.4,13.4,4.6,0.6,0.0,0.6,0.00,0.00,0.00,,0.29,4.03,0.04,0.09,1.28,0.30,0.06,0.18,3.7,11.3,,0.0,42.5,,240,140,35,19,1.85,0.24,0.80,0.0,3.55,0.100,0.100,0.300,0.000,,,0.0,281.0,501.5,451.5,54.5,69.5,344.5,219.5,278.5,58.8,330.5,519.0,179.5,267.0,262.0
Baked beans (white beans in tomato sauce),1808,81,3.7,3.7,12.3,6.1,0.5,0.0,0.6,7.37,44.20,0.00,,0.22,0.00,0.05,0.06,1.16,0.30,0.05,0.03,3.7,10.7,,0.0,1.3,,225,245,41,28,1.30,0.15,0.48,3.6,2.4,0.090,0.060,0.270,0.000,,,0.0,191.5,347.0,298.0,39.5,55.0,256.0,153.0,231.0,51.9,227.0,244.0,128.0,174.0,165.0
Chili beans (red kidney beans in chilisauce),1809,87,4.5,4.3,12.0,6.7,0.9,0.0,0.9,11.66,69.95,0.00,,0.49,3.79,0.06,0.07,1.48,0.49,0.05,0.05,3.4,14.5,,0.0,0.0,,360,305,41,32,1.45,0.19,0.61,0.5,5.2,0.100,0.200,0.600,0.000,,,0.0,218.5,399.5,349.0,49.0,66.5,302.0,173.0,236.0,59.5,269.0,300.0,151.0,203.0,203.0
"Beans, red kidney, boiled, canned",1810,95,6.1,5.9,11.6,8.0,0.9,0.0,0.4,0.00,0.00,0.00,,0.00,1.80,0.07,0.43,1.83,0.36,0.03,0.04,1.9,15.7,,0.0,7.4,,170,255,46,32,1.45,0.23,0.75,1.0,5.65,0.100,0.100,0.400,0.000,,,0.0,333.0,607.0,503.5,78.0,66.5,427.5,229.5,305.0,88.3,382.5,398.5,204.0,278.5,266.0
"Beans, red kidney, cooked, ready to eat",1811,125,8.1,8.0,15.2,12.2,0.9,0.0,0.4,0.00,0.00,0.00,,0.00,1.24,0.09,0.08,2.64,0.75,0.06,0.10,4.9,32.6,,0.0,16.4,,175,555,56,65,2.30,0.33,1.05,0.0,4.5,0.100,0.100,0.400,0.000,,,0.0,432.0,794.5,683.0,107.5,76.0,559.0,292.5,418.0,113.5,505.5,567.5,275.5,383.0,402.5
"Chickpeas, boiled, canned",1812,113,6.2,6.2,13.0,7.8,2.3,0.0,0.4,1.16,6.96,0.00,,0.99,3.28,0.04,0.05,1.52,0.18,0.05,0.12,5.0,29.1,,0.0,5.7,,155,155,43,32,1.30,0.29,1.25,0.0,8.2,0.300,0.700,1.100,0.000,,,0.0,320.5,584.0,515.0,118.0,84.5,450.5,234.5,290.0,80.9,354.0,654.0,196.5,305.0,248.0
"Chickpeas, steamed, ready to eat",1813,150,8.5,8.2,17.1,10.8,2.8,0.0,0.2,1.22,7.33,0.00,,1.00,2.27,0.08,0.09,2.28,0.42,0.10,0.36,8.3,37.5,,0.0,0.0,,96,390,52,58,1.85,0.35,1.60,0.2,7.8,0.269,0.583,1.160,0.000,,,0.0,404.0,736.5,667.0,145.0,136.5,582.5,306.5,375.5,111.5,447.5,899.5,255.5,395.5,365.5
"Beans, black, boiled, canned",1814,107,6.6,6.8,13.4,8.8,1.1,0.0,0.4,0.00,0.00,0.00,,0.00,0.91,0.08,0.06,1.95,0.28,0.03,0.05,3.4,12.2,,0.0,0.0,,160,265,71,41,2.00,0.24,0.88,0.9,3.35,0.200,0.100,0.500,0.000,,,0.0,366.5,696.5,586.0,102.5,77.0,497.5,301.0,364.0,100.7,437.0,490.0,234.0,328.5,292.0
"White beans, dried and boiled",1815,134,8.7,8.8,15.0,14.1,1.2,0.0,0.0,0.00,0.00,0.00,,0.00,0.00,0.05,0.02,2.47,0.17,0.05,0.03,5.4,17.0,,0.0,0.0,,9,307,117,55,2.80,0.26,1.10,0.3,10.2,0.270,0.130,0.670,0.000,,,0.0,492.0,910.0,755.0,119.0,101.0,633.0,391.0,491.0,138.0,581.0,613.0,303.0,433.0,343.0
"Beans, red kidney, dried and boiled",1816,131,8.4,8.2,16.4,11.9,0.9,0.0,0.0,0.00,0.00,0.00,,0.00,0.73,0.04,0.03,2.26,0.18,0.05,0.04,4.8,21.3,,0.0,0.0,,12,310,74,53,2.40,0.27,0.95,0.5,5.7,0.129,0.129,0.514,0.000,,,0.0,449.0,831.0,719.0,107.0,124.0,578.0,349.0,420.0,125.0,544.0,557.0,295.0,386.0,407.0
"Blueberries, frozen",1817,48,0.0,0.5,9.5,3.1,0.5,0.0,0.0,5.70,34.20,0.00,,1.47,2.21,0.04,0.02,0.20,0.20,0.02,0.08,0.0,6.1,,0.0,3.5,,0,85,10,6,0.29,0.03,0.07,9.0,0,0.200,0.100,0.200,0.000,,,0.0,0.0,47.8,34.4,0.0,0.0,15.9,0.0,25.8,0.0,35.2,73.1,0.0,37.9,28.2
"Raspberries, frozen",1818,48,1.2,0.8,7.7,4.5,0.4,0.0,0.0,0.00,0.00,0.00,,1.18,3.45,0.02,0.02,0.63,0.44,0.17,0.23,6.2,31.4,,0.0,23.5,,0,190,28,23,1.00,0.09,0.34,6.3,0,0.000,0.000,0.300,0.000,,,0.0,39.0,61.4,56.0,0.0,9.5,37.3,30.2,38.8,11.3,48.1,57.8,23.8,47.3,41.5
"Strawberries, frozen",1819,29,0.0,0.3,6.4,1.8,0.0,0.0,0.0,1.01,6.07,0.00,,0.49,0.00,0.00,0.02,0.34,0.34,0.04,0.06,2.5,8.5,,0.0,39.0,,1,135,17,12,0.26,0.03,0.08,5.7,0,0.000,0.000,0.000,0.000,,,0.0,0.0,28.7,24.6,0.0,6.0,0.0,0.0,18.3,0.0,20.6,22.1,0.0,9.8,0.0
"Sweet corn kernels, frozen",1820,81,3.3,2.5,10.2,5.3,1.9,0.0,0.0,2.08,12.45,0.00,,0.11,0.00,0.07,0.05,1.86,1.47,0.10,0.16,5.4,40.2,,0.0,4.4,,1,220,6,23,0.34,0.04,0.46,5.9,5.75,0.200,0.500,0.800,0.000,,,0.0,92.2,329.5,121.5,69.0,57.5,133.5,116.5,114.0,23.5,151.0,129.5,78.7,120.0,241.0
"Peas, green, frozen",1821,69,4.9,4.2,5.8,8.8,0.9,0.0,0.0,54.42,326.50,0.00,,0.00,8.77,0.17,0.09,2.69,1.89,0.09,0.15,6.1,32.1,,0.0,19.3,,6,220,36,33,1.40,0.15,0.89,4.1,1.9,0.225,0.084,0.573,0.000,,,0.0,217.0,383.5,379.5,48.0,49.5,240.5,149.5,234.5,48.1,254.5,522.0,108.0,198.0,190.0
"Green beans (haricots verts), frozen",1822,31,1.9,1.5,3.1,3.8,0.4,0.0,0.0,56.25,337.50,0.00,,0.26,5.32,0.06,0.07,0.81,0.42,0.06,0.05,4.6,48.1,,0.0,11.8,,3,290,71,27,0.92,0.07,0.31,0.7,1.1,0.067,0.012,0.154,0.000,,,0.0,71.1,122.5,116.0,27.0,23.0,75.9,56.9,79.3,23.2,92.7,91.0,42.8,76.0,70.4
"Cauliflower, frozen",1823,12,1.2,0.9,0.6,2.3,0.0,0.0,0.0,0.43,2.55,0.00,,0.17,2.48,0.02,0.02,0.43,0.15,0.07,0.30,4.0,19.6,,0.0,18.0,,13,120,23,7,0.24,0.02,0.13,0.9,0,0.000,0.000,0.000,0.000,,,0.0,42.1,75.8,80.8,0.0,16.0,44.2,33.2,47.1,16.5,65.4,55.6,24.1,49.1,43.7
"Broccoli, frozen",1824,19,2.2,1.7,0.5,2.9,0.3,0.0,0.0,56.67,340.00,0.00,,1.10,9.88,0.04,0.05,0.74,0.28,0.16,0.30,5.6,19.4,,0.0,39.5,,9,185,31,13,0.40,0.04,0.27,0.8,0,0.044,0.020,0.136,0.000,,,0.0,76.3,134.0,142.0,34.5,23.5,85.6,64.8,80.0,27.6,109.5,130.0,47.5,85.7,120.5
"Brussel sprouts, frozen",1825,37,2.8,2.1,3.4,4.2,0.4,0.0,0.0,35.08,210.50,0.00,,0.62,25.35,0.08,0.06,0.83,0.30,0.19,0.24,7.2,52.8,,0.0,74.4,,16,370,34,16,0.58,0.04,0.29,2.8,0,0.084,0.031,0.207,0.000,,,0.0,88.4,130.5,139.0,30.5,28.0,84.5,58.4,90.2,31.7,127.5,143.0,55.9,89.4,418.0
"Soup vegetables, frozen",1826,25,1.0,0.6,3.6,3.2,0.0,0.0,0.1,457.50,2745.00,0.00,,0.53,3.90,0.03,0.03,0.23,0.23,0.09,0.14,2.5,10.1,,0.0,1.1,,31,245,32,11,0.43,0.05,0.26,3.3,0,0.000,0.000,0.000,0.000,,,0.0,0.0,53.3,53.6,0.0,13.5,0.0,24.2,32.0,0.0,41.9,49.0,0.0,33.2,31.4
"Root vegetables, frozen",1827,26,1.1,0.7,2.9,5.1,0.0,0.0,0.1,268.33,1610.00,0.00,,0.80,0.41,0.04,0.02,0.48,0.31,0.07,0.20,2.6,10.4,,0.0,3.2,,33,260,29,11,0.32,0.06,0.27,4.6,0,0.000,0.000,0.000,0.000,,,0.0,0.0,44.2,44.0,0.0,10.5,0.0,0.0,33.5,10.2,40.2,83.3,0.0,29.0,27.3
"Mango, frozen",1828,55,0.0,0.2,13.1,1.5,0.0,0.0,0.0,84.33,506.00,0.00,,1.09,0.00,0.02,0.03,0.36,0.36,0.05,0.08,0.0,5.4,,0.0,15.1,,2,140,7,7,0.11,0.06,0.05,10.7,0,0.000,0.000,0.000,0.000,,,0.0,0.0,26.9,26.7,0.0,0.0,0.0,0.0,15.4,0.0,19.5,35.5,0.0,0.0,0.0
"Pomegranate seeds, frozen",1829,67,1.0,1.4,12.0,5.5,0.4,0.0,0.0,0.00,0.00,0.00,,0.16,0.00,0.09,0.01,0.80,0.18,0.02,0.29,6.2,13.5,,0.0,3.0,,1,225,15,16,0.47,0.20,0.30,11.4,0,0.100,0.100,0.100,0.000,,,0.0,59.9,111.8,43.3,0.0,19.8,66.1,42.3,51.8,36.9,72.4,211.0,45.8,111.6,66.3
"Pineapple, frozen",1830,52,0.0,0.3,12.5,1.1,0.0,0.0,0.0,0.00,0.00,0.00,,0.00,0.00,0.06,0.02,0.00,0.00,0.04,0.09,0.0,16.0,,0.0,48.1,,0,100,12,12,0.16,0.09,0.08,11.6,0,0.000,0.000,0.000,0.000,,,0.0,0.0,20.4,20.1,0.0,18.0,0.0,0.0,13.6,0.0,18.9,16.5,0.0,19.9,0.0
Mixed berries. frozen,1831,53,0.9,0.8,9.0,3.4,0.7,0.0,0.0,7.07,42.40,0.00,,1.10,2.51,0.02,0.01,0.51,0.31,0.02,0.24,2.9,27.7,,0.0,48.8,,0,190,24,14,0.39,0.05,0.14,7.6,0,0.100,0.100,0.400,0.000,,,0.0,42.6,61.1,51.1,0.0,0.0,40.4,25.5,38.7,11.7,43.5,67.9,23.9,54.9,41.0
"Baby carrots, frozen",1832,23,0.8,0.5,3.9,2.3,0.0,0.0,0.1,1434.17,8605.00,0.00,,0.90,4.40,0.03,0.00,0.20,0.20,0.03,0.16,2.1,13.9,,0.0,1.5,,57,190,20,8,0.19,0.04,0.33,3.0,0,0.000,0.000,0.000,0.000,,,0.0,0.0,33.5,30.0,0.0,0.0,0.0,0.0,22.6,0.0,28.2,31.2,0.0,21.6,11.3
"Leek, frozen",1833,26,0.9,0.4,4.5,2.1,0.0,0.0,0.0,32.00,192.00,0.00,,0.18,7.40,0.02,0.04,0.00,0.00,0.08,0.06,1.9,14.5,,0.0,3.4,,6,205,37,8,0.53,0.02,0.17,3.4,0,0.000,0.000,0.000,0.000,,,0.0,0.0,45.4,45.1,0.0,13.5,0.0,0.0,26.6,0.0,34.2,31.9,0.0,30.9,26.6
"Avocado, frozen",1834,138,1.5,1.1,3.0,4.5,12.4,0.0,0.2,0.00,0.00,0.00,,2.27,10.85,0.05,0.10,1.78,1.44,0.10,0.82,5.3,44.6,,0.0,65.2,,85,450,14,21,0.28,0.17,0.59,0.1,0,2.744,6.090,1.706,0.000,0.000,1.706,0.0,56.4,100.8,102.0,0.0,22.5,58.4,46.2,61.1,20.7,74.8,64.6,38.9,68.8,68.8
"Wok mix, organic, frozen",1835,29,1.4,1.0,3.4,2.8,0.4,0.0,0.1,330.00,1980.00,0.00,,0.92,6.59,0.04,0.06,0.52,0.27,0.07,0.17,3.4,52.5,,0.0,23.3,,21,200,28,12,0.33,0.04,0.20,3.1,0,0.000,0.000,0.300,0.000,,,0.0,40.4,68.0,73.7,0.0,15.5,40.2,31.3,45.9,15.3,56.5,77.5,25.8,44.5,47.2
"Wok mix, frozen",1836,26,1.2,0.8,3.9,2.7,0.0,0.0,0.0,389.17,2335.00,0.00,,0.69,5.68,0.04,0.05,0.51,0.29,0.06,0.09,2.1,12.8,,0.0,10.6,,20,185,33,11,0.35,0.05,0.25,2.9,0,0.000,0.000,0.000,0.000,,,0.0,17.8,59.1,62.8,0.0,12.5,39.5,29.8,43.3,13.4,51.3,81.3,22.6,40.2,33.2
Pearl onion. frozen,1837,32,1.2,0.7,2.7,8.1,0.0,0.0,0.0,0.00,0.00,0.00,,0.00,0.00,0.00,0.00,0.17,0.00,0.09,0.11,1.4,10.5,,0.0,4.6,,13,220,49,12,0.57,0.06,0.29,2.5,0,0.000,0.000,0.000,0.000,,,0.0,0.0,34.8,62.1,0.0,7.5,17.0,0.0,21.0,10.2,22.4,215.0,0.0,30.6,0.0
"Bean mix, frozen",1838,78,5.8,4.5,7.8,5.8,1.4,0.0,0.1,19.00,114.00,0.00,,0.11,15.20,0.11,0.08,1.66,0.62,0.06,0.08,5.8,84.6,,0.0,9.9,,25,305,50,35,1.55,0.17,0.74,2.5,2.9,0.314,0.054,0.720,0.000,,,0.0,226.5,409.5,365.0,70.5,58.0,279.5,169.5,227.0,62.6,267.0,402.5,138.5,214.0,222.0
"Root vegetable fritters, frozen",1839,137,2.0,1.4,13.7,5.8,6.9,0.0,0.3,167.83,1007.00,0.00,,3.39,2.70,0.05,0.07,1.14,0.82,0.10,0.30,4.7,38.1,,0.0,4.8,,115,460,54,21,0.63,0.10,0.50,7.2,4.75,0.459,4.666,0.553,0.000,0.000,0.553,0.0,61.2,108.0,85.8,25.0,19.5,69.4,49.7,66.1,19.2,86.6,179.0,35.7,62.9,64.8
"Sweet potato fries, frozen",1840,165,1.7,1.2,24.0,3.2,6.2,0.0,0.4,171.67,1030.00,0.00,,2.98,0.99,0.05,0.04,0.73,0.40,0.08,0.42,5.7,23.8,,0.0,11.7,,150,405,36,21,0.52,0.16,0.26,9.7,10.45,0.557,2.545,2.116,0.000,0.000,2.116,0.0,54.1,95.7,64.3,0.0,16.5,87.8,49.5,69.9,19.7,82.6,57.3,32.2,58.4,62.4
"Potato wedges, frozen",1841,115,1.9,1.5,18.8,2.4,3.1,0.0,0.1,0.00,0.00,0.00,,0.53,2.24,0.05,0.03,3.24,2.82,0.13,0.35,0.0,13.9,,0.0,6.9,,48,465,6,22,0.41,0.08,0.25,0.0,15.05,0.164,1.731,0.696,0.000,0.186,0.510,0.0,63.9,107.0,113.0,30.0,32.0,80.8,70.6,78.0,25.6,96.9,89.6,34.3,60.1,56.2
"Halved potatoes, frozen",1842,95,2.0,1.5,16.3,2.2,2.0,0.0,0.0,0.00,0.00,0.00,,0.27,2.44,0.05,0.05,2.40,1.98,0.14,0.35,0.6,5.6,,0.0,12.3,,2,455,6,20,0.39,0.08,0.24,0.0,11.05,0.000,1.087,0.424,0.000,0.061,0.362,0.0,66.9,112.5,111.5,32.0,26.5,75.9,72.0,70.6,25.2,99.8,88.3,35.0,62.5,58.6
"Curly fries, frozen",1843,175,2.6,2.0,23.5,2.5,7.4,0.0,1.1,0.00,0.00,0.00,,1.59,1.06,0.06,0.03,2.59,2.08,0.09,0.29,0.0,13.5,,0.0,12.5,,440,385,9,22,0.59,0.10,0.38,0.1,20.9,0.630,2.332,2.811,0.000,0.000,2.811,0.0,83.9,157.0,126.0,46.0,39.0,113.0,82.0,85.7,30.4,121.5,125.0,45.8,86.3,129.0
"Potato rösti, frozen",1844,162,2.1,1.6,20.9,3.5,7.1,0.0,1.0,0.00,0.00,0.00,,1.25,0.00,0.05,0.03,2.62,2.22,0.10,0.28,0.0,15.9,,0.0,7.7,,385,335,15,17,0.49,0.08,0.28,0.8,15.65,0.567,3.958,1.524,0.000,0.000,1.524,0.0,69.9,134.0,122.5,27.5,34.5,95.1,75.6,77.5,24.0,105.5,106.5,37.6,73.0,85.2
"Potato croquettes, frozen",1845,162,2.5,1.9,23.8,2.8,5.7,0.0,0.8,0.00,0.00,0.00,,1.51,0.94,0.05,0.05,1.03,0.53,0.13,0.37,0.6,14.1,,0.0,6.0,,315,455,17,21,0.55,0.09,0.34,1.0,19.45,0.562,2.171,1.687,0.000,0.000,1.687,0.0,84.8,150.0,142.0,36.0,33.0,108.0,84.3,93.7,30.2,126.0,122.0,42.4,81.3,102.1
"Steak fries (thick fries with skin), frozen",1846,119,2.0,1.5,19.0,2.5,3.4,0.0,0.0,0.00,0.00,0.00,,0.49,4.46,0.04,0.03,1.16,0.73,0.13,0.36,0.0,14.0,,0.0,12.6,,2,480,5,21,0.41,0.08,0.23,0.0,14.3,0.160,1.819,0.829,0.000,0.210,0.619,0.0,66.5,111.5,107.0,31.0,20.5,86.2,75.9,66.0,25.9,100.8,85.4,34.9,59.7,66.8
"French fries, crinkle-cut, frozen",1847,129,2.3,1.7,21.1,2.6,3.4,0.0,0.1,0.00,0.00,0.00,,0.64,0.00,0.06,0.02,0.97,0.57,0.10,0.34,0.0,18.7,,0.0,10.9,,33,470,8,21,0.46,0.09,0.31,0.4,16.7,0.193,1.398,1.280,0.000,0.000,1.280,0.0,72.5,129.0,123.5,37.5,26.5,95.7,72.9,76.6,24.4,114.0,104.0,38.6,73.7,79.3
"Blueberries, raw",1848,54,0.5,0.4,11.2,2.7,0.2,0.0,0.0,5.43,32.56,0.00,,0.78,0.53,0.02,0.03,0.12,0.10,0.04,0.10,1.4,5.2,,0.0,6.8,,1,86,6,5,0.19,0.03,0.10,10.5,0,0.028,0.047,0.146,0.000,,,0.0,0.0,42.6,36.0,0.0,5.7,8.2,3.2,23.5,1.3,32.3,77.7,0.0,32.7,12.5
"Blackberry, raw",1849,35,1.3,0.9,3.8,5.3,0.5,0.0,0.0,9.25,55.49,0.00,,0.91,2.67,0.00,0.03,0.53,0.50,0.02,0.16,1.1,32.1,,0.0,10.3,,1,213,24,23,0.49,0.05,0.30,5.3,0,0.014,0.047,0.280,0.000,,,0.0,13.5,56.3,48.1,0.0,5.1,35.8,28.4,38.0,1.4,44.8,60.4,23.7,46.6,30.0
"Raspberry, raw",1850,41,1.0,0.8,6.5,4.0,0.3,0.0,0.0,0.00,0.00,0.00,,1.19,1.27,0.01,0.04,0.58,0.38,0.04,0.49,3.7,20.2,,0.0,21.6,,0,180,15,22,0.60,0.03,0.27,4.4,0,0.100,0.100,0.100,0.000,,,0.0,26.4,56.8,55.3,0.0,9.7,37.2,29.4,39.2,12.0,46.1,52.8,21.7,46.4,33.1
"Apricot, raw",1851,37,0.8,0.5,7.5,2.1,0.0,0.0,0.0,339.72,2038.33,0.00,,0.81,0.72,0.00,0.02,0.28,0.28,0.07,0.16,0.0,0.0,,0.0,4.9,,1,268,16,9,0.29,0.11,0.15,6.6,0,0.000,0.000,0.000,0.000,,,0.0,0.0,24.1,23.5,0.0,5.9,0.0,0.0,19.0,0.0,17.7,15.4,0.0,0.0,14.7
"Plum, raw",1852,46,0.3,0.3,10.2,2.0,0.0,0.0,0.0,29.54,177.23,0.00,,0.39,0.14,0.00,0.01,0.17,0.17,0.03,0.17,0.0,0.0,,0.0,3.1,,0,173,7,7,0.11,0.05,0.10,7.8,0,0.000,0.000,0.000,0.000,,,0.0,0.0,10.7,14.6,0.0,3.1,0.0,0.0,12.3,0.0,2.1,4.3,0.0,0.0,5.8
"Peach, raw",1853,42,0.7,0.5,8.5,2.2,0.0,0.0,0.0,3.11,18.64,0.00,,0.76,0.33,0.00,0.03,0.37,0.37,0.03,0.15,0.0,2.7,,0.0,4.9,,0,215,7,9,0.29,0.08,0.13,8.3,0,0.000,0.000,0.000,0.000,,,0.0,0.0,24.0,23.1,0.0,4.2,0.0,0.0,20.3,0.0,20.5,15.8,0.0,10.5,2.6
"Cherry, raw",1854,61,1.0,0.6,13.6,1.2,0.0,0.0,0.0,4.28,25.65,0.00,,0.15,0.00,0.02,0.02,0.02,0.02,0.04,0.12,0.0,6.5,,0.0,6.7,,0,200,9,8,0.20,0.07,0.06,11.5,0,0.000,0.000,0.000,0.000,,,0.0,0.0,31.5,29.3,0.0,7.7,0.0,0.0,24.8,0.0,24.2,17.6,0.0,22.2,38.5
"Pineapple, raw",1855,46,0.1,0.3,10.7,1.3,0.1,0.0,0.0,5.22,31.33,0.00,,0.00,0.00,0.05,0.02,0.14,0.12,0.05,0.09,0.0,12.8,,0.0,56.2,,0,123,15,14,0.15,0.07,0.12,10.1,0,0.009,0.013,0.040,0.000,,,0.0,0.0,21.8,21.2,0.0,17.3,0.0,0.0,15.7,1.3,21.2,15.1,0.0,19.0,0.0
"Grapefruit, raw",1856,40,0.5,0.3,8.7,1.7,0.0,0.0,0.0,110.42,662.50,0.00,,0.19,0.00,0.03,0.02,0.11,0.11,0.35,0.15,0.0,22.4,,0.0,44.6,,1,138,26,9,0.10,0.03,0.05,7.3,0,0.000,0.000,0.000,0.000,,,0.0,0.0,19.9,22.7,0.0,6.9,0.0,0.0,13.6,0.0,10.7,53.2,0.0,2.5,54.9
"Melon, honeydew, raw",1857,34,0.2,0.2,7.9,0.7,0.0,0.0,0.1,1.86,11.18,0.00,,0.03,0.00,0.01,0.01,0.19,0.19,0.04,0.05,0.6,18.8,,0.0,14.4,,24,235,7,10,0.13,0.02,0.09,7.0,0,0.000,0.000,0.000,0.000,,,0.0,0.0,6.2,9.5,0.0,4.8,0.0,0.0,11.7,0.0,6.6,14.8,0.0,0.0,3.0
"Kiwi fruit, raw",1858,52,0.9,0.6,8.8,3.3,0.7,0.0,0.0,4.54,27.25,0.00,,0.98,14.27,0.00,0.02,0.51,0.25,0.04,0.19,1.3,15.6,,0.0,91.0,,1,295,38,15,0.24,0.16,0.11,8.6,0,0.130,0.160,0.250,0.000,,,0.0,20.9,51.2,46.7,0.0,18.9,25.9,26.1,39.3,15.4,43.7,59.0,8.3,45.2,27.3
"Mango, raw",1859,52,0.2,0.3,11.7,2.0,0.0,0.0,0.0,47.56,285.38,0.00,,1.03,0.00,0.02,0.03,0.50,0.50,0.05,0.16,0.8,30.0,,0.0,21.8,,0,149,10,10,0.11,0.07,0.09,10.6,0,0.000,0.000,0.000,0.000,,,0.0,0.0,24.6,25.7,0.0,7.0,0.0,0.0,15.6,0.0,16.7,55.4,0.0,7.8,0.0
"Water, tap water",1860,0,0.0,0.0,0.0,0.0,0.0,0.0,0.0,0.00,0.00,0.00,0.00,0.00,0.00,0.00,0.00,0.00,0.00,0.00,0.00,0.0,0.0,0.0,0.0,0.0,0.0,3,0,9,1,0.03,0.01,0.02,0.0,0,0.000,0.000,0.000,0.000,0.000,0.000,0.0,0.0,0.0,0.0,0.0,0.0,0.0,0.0,0.0,0.0,0.0,0.0,0.0,0.0,0.0
"Lolland raisins (beige-brown pea), dried",1861,353,18.0,16.8,65.1,2.6,1.7,0.0,0.0,41.67,250.00,0.00,,0.10,41.40,0.62,0.07,5.10,2.00,0.30,2.00,,274.0,,0.0,2.0,,0,1200,78,130,6.60,0.72,6.00,2.1,47.6,0.300,0.500,0.900,0.000,,,,825.0,1450.0,1530.0,194.0,328.0,976.0,686.0,791.0,186.0,970.0,1650.0,490.0,910.0,832.0
Pineapple juice,1862,49,0.4,,11.6,0.2,0.1,0.0,0.0,3.25,19.50,0.00,,0.02,0.30,0.06,0.02,0.31,0.23,0.10,0.12,0.7,18.0,,0.0,28.8,28.4,2,141,18,15,0.19,0.06,0.09,10.8,0,0.008,0.014,0.042,0.000,,,0.0,,,,,,,,,4.5,,,,,
Orange juice,1863,43,0.7,,9.8,0.5,0.0,0.0,0.0,1.80,10.80,0.00,,0.20,0.10,0.07,0.00,0.33,0.26,0.05,0.14,0.7,24.0,,0.0,34.0,32.5,1,171,13,10,0.07,0.03,0.01,8.3,0,0.000,0.000,0.000,0.000,,,0.0,,,,,,,,,4.3,,,,,
Grapefruit juice,1864,42,0.5,,9.6,0.1,0.1,0.0,0.0,0.00,0.00,0.00,,0.22,0.00,0.04,0.02,0.23,0.17,0.00,0.09,0.4,10.0,,0.0,32.4,32.2,2,115,12,7,0.05,0.02,0.00,7.5,0,0.014,0.013,0.024,0.000,,,0.0,,,,,,,,,3.4,,,,,
Prune juice,1865,60,0.6,,13.8,1.0,0.0,0.0,0.0,0.33,2.00,0.00,,0.12,3.40,0.02,0.07,0.38,0.34,0.22,0.07,0.5,0.0,,0.0,,0.0,3,211,22,12,0.31,0.05,0.17,9.3,0,0.000,0.000,0.000,0.000,,,0.0,,,,,,,,,2.2,,,,,
Apple juice,1866,44,0.0,,11.0,0.2,0.0,0.0,0.0,0.00,0.00,0.00,,0.01,0.00,0.00,0.00,0.11,0.11,0.00,0.04,0.6,0.0,,0.0,0.0,0.0,2,104,11,5,0.07,0.01,0.01,9.5,0,0.000,0.000,0.000,0.000,,,0.0,,,,,,,,,0.4,,,,,
Mixed fruit juice,1867,46,0.3,,11.1,0.1,0.0,0.0,0.0,3.45,20.68,0.00,,0.04,0.90,0.03,0.00,0.22,0.18,0.04,0.08,0.6,11.0,,0.0,9.7,9.6,2,131,14,8,0.12,0.02,0.02,9.5,0,0.000,0.000,0.000,0.000,,,0.0,,,,,,,,,2.5,,,,,
Carrot juice,1868,31,0.5,,6.4,0.8,0.2,0.0,0.1,221.67,1330.00,0.00,,1.16,15.50,0.09,0.06,1.09,1.01,0.22,0.21,2.8,4.0,,0.0,8.5,,47,205,15,7,0.16,0.06,0.07,6.2,0,0.018,0.005,0.047,0.000,,,0.0,,,,,,,,,4.6,,,,,
Tomato juice,1869,20,0.9,,3.3,0.4,0.3,0.0,0.5,32.67,196.00,0.00,,0.32,2.30,0.10,0.08,0.73,0.59,0.07,0.05,3.3,20.0,,0.0,8.0,,209,209,14,10,0.36,0.08,0.12,2.5,0,0.054,0.036,0.144,0.000,,,0.0,,,,,,,,,8.3,,,,,
Mixed vegetable juice,1870,24,0.6,,5.0,0.4,0.1,0.0,0.6,205.00,1230.00,0.00,,1.02,5.30,0.04,0.03,0.63,0.53,0.14,0.13,2.6,13.0,,0.0,6.8,6.7,258,242,15,10,0.26,0.07,0.11,3.8,0,0.000,0.000,0.100,0.000,,,0.0,,,,,,,,,5.9,,,,,
Mixed fruit and vegetable juice,1871,43,0.6,,9.8,0.2,0.1,0.0,0.0,71.67,430.00,0.00,,0.87,0.10,0.04,0.03,0.28,0.19,0.14,0.09,0.8,3.0,,0.0,6.2,6.1,5,135,14,7,0.08,0.03,0.00,9.0,0,0.000,0.000,0.100,0.000,,,0.0,,,,,,,,,5.8,,,,,
Fruit smoothie,1872,54,0.5,,12.7,0.7,0.0,0.0,0.0,45.04,270.26,0.00,,0.42,0.00,0.02,0.00,0.45,0.39,0.11,0.13,1.1,14.0,,0.0,8.4,6.7,2,160,10,11,0.23,0.04,0.06,10.7,0.6,0.000,0.000,0.000,0.000,,,0.0,,,,,,,,,3.8,,,,,
Fruit and vegetable smoothie,1873,56,0.6,,13.0,0.6,0.0,0.0,0.0,106.25,637.50,0.00,,0.42,0.00,0.03,0.00,0.50,0.42,0.13,0.15,1.0,14.0,,0.0,7.6,6.5,9,192,13,12,0.22,0.04,0.06,11.3,0.6,0.000,0.000,0.000,0.000,,,0.0,,,,,,,,,4.5,,,,,
"Mixed fruit cordial base, sugar added, dilution: 1+4",1874,174,0.5,,43.0,0.1,0.0,0.0,0.0,2.47,14.84,0.00,,0.07,0.00,0.00,0.00,0.45,0.39,0.04,0.13,1.2,1.0,,0.0,21.2,20.9,4,176,17,11,0.27,0.02,0.04,38.7,0,0.000,0.000,0.000,0.000,,,0.0,,,,,,,,,3.7,,,,,
"Mixed fruit cordial base, sugar added, dilution: 1+5",1875,181,0.3,,44.9,0.1,0.0,0.0,0.0,0.00,0.00,0.00,,0.07,0.00,0.00,0.00,0.24,0.21,0.00,0.05,0.7,1.0,,0.0,3.5,3.5,8,109,13,5,0.17,0.01,0.03,41.0,0,0.000,0.000,0.000,0.000,,,0.0,,,,,,,,,2.3,,,,,
"Cranberry cordial base, artificial sweetener added, dilution: 1+4",1876,30,0.3,,7.2,0.1,0.0,0.0,0.0,0.00,0.00,0.00,,0.07,0.00,0.00,0.00,0.11,0.07,0.00,0.14,1.2,1.0,,0.0,,0.0,5,73,14,4,0.32,0.06,0.04,3.8,0,0.000,0.000,0.000,0.000,,,0.0,,,,,,,,,2.3,,,,,
"Mixed fruit cordial base, artificial sweetener added, dilution: 1+4",1877,48,0.3,,11.6,0.1,0.0,0.0,0.0,0.00,0.00,0.00,,0.07,0.00,0.00,0.00,0.28,0.24,0.00,0.06,0.6,1.0,,0.0,,0.0,3,121,17,7,0.28,0.03,0.05,9.1,0,0.000,0.000,0.000,0.000,,,0.0,,,,,,,,,2.3,,,,,
"Mixed fruit cordial base, sugar and artificial sweetener added, dilution: 1+4",1878,56,0.2,,13.6,0.1,0.0,0.0,0.0,0.00,0.00,0.00,,0.07,0.00,0.00,0.00,0.21,0.18,0.00,0.05,0.7,1.0,,0.0,0.0,0.0,2,118,14,6,0.15,0.01,0.00,11.8,0,0.000,0.000,0.000,0.000,,,0.0,,,,,,,,,1.6,,,,,
"Fruit juice, sugar added",1879,52,0.0,,13.0,0.1,0.0,0.0,0.0,0.72,4.32,0.00,,0.41,1.20,0.03,0.00,0.22,0.22,0.02,0.07,0.7,1.0,,0.0,6.5,4.8,0,81,10,5,0.15,0.03,0.06,11.0,0,0.000,0.000,0.000,0.000,,,0.0,,,,,,,,,0.0,,,,,
"Fruit juice, artificial sweetener added",1880,24,0.2,,5.8,0.1,0.0,0.0,0.0,0.71,4.27,0.00,,0.41,1.20,0.03,0.00,0.13,0.11,0.01,0.05,0.4,1.0,,0.0,6.7,6.4,3,78,7,5,0.05,0.01,0.01,4.8,0,0.000,0.000,0.000,0.000,,,0.0,,,,,,,,,1.6,,,,,
"Pear cider, sugar added, alcohol<0.7%",1881,43,0.0,,9.8,0.0,0.0,0.6,0.0,0.00,0.00,0.00,,0.01,1.10,0.00,0.00,0.03,0.03,0.00,0.00,0.1,2.0,,0.0,9.7,9.4,4,29,10,5,0.04,0.00,0.00,9.3,0,0.000,0.000,0.000,0.000,,,0.0,,,,,,,,,0.0,,,,,
"Apple cider, sugar added, alcohol<0.7%",1882,41,0.0,,9.1,0.0,0.0,0.6,0.0,0.00,0.00,0.00,,0.01,1.10,0.00,0.00,0.03,0.03,0.00,0.00,0.1,2.0,,0.0,1.8,1.7,4,28,10,2,0.07,0.01,0.00,8.8,0,0.000,0.000,0.000,0.000,,,0.0,,,,,,,,,0.0,,,,,
"Pear cider, artificial sweetener added, alcohol<0.7%",1883,10,0.0,,1.5,0.0,0.0,0.6,0.0,0.00,0.00,0.00,,0.01,1.10,0.00,0.00,0.03,0.03,0.00,0.00,0.1,2.0,,0.0,,0.0,8,18,10,2,0.01,0.01,0.00,1.2,0,0.000,0.000,0.000,0.000,,,0.0,,,,,,,,,0.0,,,,,
"Peach Icetea, sugar added",1884,31,0.0,,7.8,0.0,0.0,0.0,0.1,0.00,0.00,0.00,,0.00,0.00,0.00,0.00,0.00,0.00,0.00,0.00,0.0,0.0,,0.0,5.7,5.6,22,8,3,1,0.03,0.00,0.00,7.3,0,0.000,0.000,0.000,0.000,,,0.0,,,,,,,,,0.0,,,,,
"Lemon Icetea, sugar added",1885,31,0.0,,7.7,0.0,0.0,0.0,0.0,0.00,0.00,0.00,,0.00,0.00,0.00,0.00,0.00,0.00,0.00,0.00,0.0,0.0,,0.0,2.8,2.5,11,16,2,1,0.00,0.00,0.00,7.4,0,0.000,0.000,0.000,0.000,,,0.0,,,,,,,,,0.0,,,,,
"Peach Icetea, artificial sweetener added",1886,4,0.0,,1.0,0.0,0.0,0.0,0.0,0.00,0.00,0.00,,0.00,0.00,0.00,0.00,0.00,0.00,0.00,0.00,0.0,0.0,,0.0,3.0,3.0,19,8,3,0,0.00,0.00,0.00,0.0,0,0.000,0.000,0.000,0.000,,,0.0,,,,,,,,,0.0,,,,,
"Peach Icetea, sugar and artificial sweetener added",1887,19,0.0,,4.8,0.0,0.0,0.0,0.1,0.00,0.00,0.00,,0.00,0.00,0.00,0.00,0.00,0.00,0.00,0.00,0.0,0.0,,0.0,3.0,3.0,26,5,3,0,0.00,0.00,0.00,4.4,0,0.000,0.000,0.000,0.000,,,0.0,,,,,,,,,0.0,,,,,
"Lemon Icetea, sugar added, powder",1888,390,0.1,,97.3,0.0,0.0,0.0,0.2,0.00,0.00,0.00,,0.00,0.00,0.01,0.04,0.31,0.30,0.02,0.13,1.0,4.0,,0.0,232.7,231.0,65,40,2,2,0.00,0.02,0.00,93.3,0,0.000,0.000,0.000,0.000,,,0.0,,,,,,,,,0.6,,,,,
"Soft drink, sugar added",1889,41,0.0,,10.3,0.0,0.0,0.0,0.0,3.98,23.90,0.00,,0.00,0.00,0.00,0.00,0.07,0.07,0.00,0.01,0.4,0.0,,0.0,3.8,3.7,5,9,4,1,0.01,0.01,0.00,9.7,0,0.000,0.000,0.000,0.000,,,0.0,,,,,,,,,0.0,,,,,
"Soft drink, artificial sweetener added",1890,1,0.0,,0.4,0.0,0.0,0.0,0.0,14.44,86.67,0.00,,0.00,0.00,0.00,0.00,0.01,0.01,0.00,0.00,0.0,0.0,,0.0,4.0,3.9,10,5,5,1,0.00,0.01,0.00,0.2,0,0.000,0.000,0.000,0.000,,,0.0,,,,,,,,,0.0,,,,,
"Soft drink, sugar and artificial sweetener added",1891,5,0.0,,1.1,0.0,0.0,0.0,0.1,3.98,23.90,0.00,,0.00,0.00,0.00,0.00,0.01,0.01,0.00,0.00,0.0,0.0,,0.0,8.1,7.7,21,4,9,2,0.00,0.00,0.00,0.8,0,0.000,0.000,0.000,0.000,,,0.0,,,,,,,,,0.0,,,,,
"Soft drink, not carbonated, sugar added, ready to drink",1893,44,0.1,,10.8,0.0,0.0,0.0,0.0,45.67,274.00,0.00,,0.00,0.00,0.00,0.00,0.05,0.04,0.00,0.01,0.4,0.1,,0.0,8.6,8.3,5,17,10,2,0.02,0.01,0.00,10.1,0,0.000,0.000,0.000,0.000,,,0.0,,,,,,,,,0.8,,,,,
"Concentrated soft drink, not carbonated, sugar added, dilution 1+3",1894,173,0.0,,43.3,0.0,0.0,0.0,0.0,0.00,0.00,0.00,,0.00,0.00,0.00,0.00,0.13,0.13,0.00,0.05,1.2,1.0,,0.0,158.2,157.0,8,114,14,4,0.35,0.00,0.03,41.7,0,0.000,0.000,0.000,0.000,,,0.0,,,,,,,,,0.0,,,,,
"Concentrated soft drink, not carbonated, sugar added, dilution 1+4",1895,169,0.0,,42.2,0.0,0.0,0.0,0.0,0.00,0.00,0.00,,0.00,0.00,0.02,0.00,0.11,0.11,0.00,0.01,0.4,1.0,,0.0,9.0,8.9,4,29,7,2,0.10,0.01,0.01,39.4,0,0.000,0.000,0.000,0.000,,,0.0,,,,,,,,,0.0,,,,,
"Concentrated soft drink, not carbonated, sugar added, dilution 1+5",1896,182,0.0,,45.6,0.0,0.0,0.0,0.0,12.67,76.00,0.00,,0.00,0.00,0.00,0.00,0.18,0.18,0.00,0.03,0.6,1.0,,0.0,18.8,18.7,5,77,8,3,0.18,0.00,0.06,40.9,0,0.000,0.000,0.000,0.000,,,0.0,,,,,,,,,0.0,,,,,
"Concentrated soft drink, not carbonated, sugar added, dilution 1+7",1897,245,0.0,,61.2,0.0,0.0,0.0,0.0,0.00,0.00,0.00,,0.00,0.00,0.00,0.00,0.18,0.18,0.00,0.03,0.6,1.0,,0.0,,0.0,4,9,1,1,0.11,0.03,0.00,47.6,0,0.000,0.000,0.000,0.000,,,0.0,,,,,,,,,0.0,,,,,
"Concentrated soft drink, not carbonated, sugar added, dilution 1+9",1898,264,0.0,,66.0,0.0,0.0,0.0,0.1,58.33,350.00,0.00,,0.00,0.00,0.00,0.00,0.23,0.23,0.00,0.07,0.7,1.0,,0.0,215.9,215.0,20,165,24,4,0.24,0.03,0.07,61.1,0,0.000,0.000,0.000,0.000,,,0.0,,,,,,,,,0.0,,,,,
"Concentrated soft drink, not carbonated, artificial sweetener added, dilution 1+4",1899,18,0.0,,4.5,0.0,0.0,0.0,0.1,0.00,0.00,0.00,,0.00,0.00,0.00,0.00,0.09,0.09,0.00,0.07,1.7,1.0,,0.0,13.9,13.5,28,106,16,4,0.32,0.03,0.03,1.9,0,0.000,0.000,0.000,0.000,,,0.0,,,,,,,,,0.0,,,,,
"Concentrated soft drink, not carbonated, artificial sweetener added, dilution 1+5",1900,19,0.0,,4.8,0.0,0.0,0.0,0.0,0.00,0.00,0.00,,0.00,0.00,0.00,0.00,0.24,0.24,0.06,0.05,0.7,1.0,,0.0,5.0,4.8,15,137,13,7,0.24,0.00,0.03,2.7,0,0.000,0.000,0.000,0.000,,,0.0,,,,,,,,,0.0,,,,,
"Concentrated soft drink, not carbonated, artificial sweetener added, dilution 1+9",1901,12,0.3,,2.9,0.0,0.0,0.0,0.2,66.27,397.60,0.00,,0.00,0.00,0.00,0.00,0.06,0.02,0.00,0.00,0.1,1.0,,0.0,32.4,32.1,78,41,6,1,0.02,0.01,0.00,0.7,0,0.000,0.000,0.000,0.000,,,0.0,,,,,,,,,1.9,,,,,
"Concentrated soft drink, not carbonated, artificial sweetener added, dilution 1+11",1902,13,0.2,,3.1,0.0,0.0,0.0,0.2,31.83,191.00,0.00,,0.00,0.00,0.00,0.00,0.04,0.02,0.00,0.00,0.1,1.0,,0.0,50.4,49.9,86,27,6,1,0.03,0.02,0.00,0.5,0,0.000,0.000,0.000,0.000,,,0.0,,,,,,,,,1.7,,,,,
"Concentrated soft drink, not carbonated, sugar and artificial sweetener added, dilution 1+7",1903,103,0.0,,25.8,0.0,0.0,0.0,0.0,0.00,0.00,0.00,,0.00,0.00,0.00,0.00,0.09,0.09,0.00,0.03,0.9,1.0,,0.0,26.9,26.5,12,107,8,4,0.21,0.02,0.03,23.2,0,0.000,0.000,0.000,0.000,,,0.0,,,,,,,,,0.0,,,,,
"Concentrated soft drink, not carbonated, sugar and artificial sweetener added, dilution 1+11",1904,27,0.0,,6.8,0.0,0.0,0.0,0.2,0.00,0.00,0.00,,0.00,0.00,0.00,0.00,0.09,0.09,0.00,0.03,0.9,1.0,,0.0,,0.0,68,19,6,1,0.00,0.00,0.00,4.4,0,0.000,0.000,0.000,0.000,,,0.0,,,,,,,,,0.0,,,,,
"Beer, lager, alc. 4-5 % by vol.",1905,36,0.4,0.3,2.3,0.0,0.0,3.6,0.0,0.00,0.00,0.00,,0.00,0.00,0.00,0.03,0.22,0.14,0.04,0.01,1.1,8.1,,0.0,0.0,,3,47,6,6,0.00,0.00,0.00,0.0,0,0.000,0.000,0.000,0.000,,,0.0,15.8,28.5,13.3,6.1,11.0,20.6,10.3,10.1,4.4,16.5,13.2,9.1,13.9,61.0
"Beer, amber lager, alc. 4-5 % by vol.",1906,37,0.3,0.3,2.5,0.0,0.0,3.6,0.0,0.00,0.00,0.00,,0.00,0.00,0.00,0.03,0.22,0.16,0.04,0.00,0.5,7.4,,0.0,0.0,,4,45,7,6,0.00,0.00,0.00,0.0,0,0.000,0.000,0.000,0.000,,,0.0,14.7,26.5,12.4,5.6,9.0,19.2,9.6,9.0,4.1,20.3,15.8,8.5,13.0,52.7
"Beer, strong lager, alc. 5-6 % by vol.",1907,44,0.4,0.3,2.8,0.0,0.0,4.5,0.0,0.00,0.00,0.00,,0.00,0.00,0.00,0.04,0.27,0.18,0.05,0.01,1.1,8.9,,0.0,0.0,,3,57,7,7,0.00,0.00,0.00,0.0,0,0.000,0.000,0.000,0.000,,,0.0,18.3,17.7,15.5,7.0,9.5,23.9,11.9,12.6,5.2,20.2,14.5,10.6,23.3,68.7
"Beer, strong lager, alc. 7-8 % by vol.",1908,55,0.4,0.4,3.3,0.0,0.0,5.7,0.0,0.00,0.00,0.00,,0.00,0.00,0.00,0.04,0.24,0.15,0.05,0.00,1.1,9.1,,0.0,0.0,,4,55,7,7,0.00,0.00,0.00,0.0,0,0.000,0.000,0.000,0.000,,,0.0,19.6,17.8,15.2,7.5,12.0,25.7,12.8,14.0,5.5,22.2,16.8,11.3,25.3,76.5
"Beer, lager, alc. 2-3 % by vol.",1909,25,0.2,0.2,2.2,0.0,0.0,2.3,0.0,0.00,0.00,0.00,,0.00,0.00,0.00,0.03,0.19,0.14,0.04,0.02,0.0,6.1,,0.0,0.0,,3,30,5,4,0.00,0.00,0.00,0.0,0,0.000,0.000,0.000,0.000,,,0.0,9.9,17.9,8.4,3.8,4.6,13.0,6.5,8.0,2.8,13.7,10.7,5.7,8.7,36.6
"Beer, lager, alcohol free",1910,17,0.3,0.3,3.6,0.0,0.0,0.1,0.0,0.00,0.00,0.00,,0.00,0.00,0.00,0.02,0.22,0.16,0.03,0.01,1.0,7.0,,0.0,0.0,,4,37,8,6,0.00,0.00,0.00,0.7,0,0.000,0.000,0.000,0.000,,,0.0,13.2,23.8,11.1,5.0,6.0,17.2,8.6,8.1,3.7,18.2,11.5,7.6,11.6,48.3
"Dark malt beer (Oud bruin type dark sweet beer), alc. 1-2 % by vol.",1911,47,0.3,0.3,9.2,0.0,0.0,1.3,0.0,0.00,0.00,0.00,,0.00,0.00,0.00,0.02,0.33,0.27,0.03,0.02,1.1,6.5,,0.0,0.0,,4,37,6,5,0.00,0.00,0.00,7.0,0,0.000,0.000,0.000,0.000,,,0.0,12.9,15.2,10.9,4.9,6.0,16.9,8.4,8.6,3.6,16.0,12.1,7.4,11.4,50.4
"Beer, brown ale, alc. 5-7 % by vol.",1912,53,0.5,0.4,4.8,0.0,0.0,4.6,0.0,0.00,0.00,0.00,,0.00,0.00,0.00,0.04,0.40,0.31,0.05,0.00,1.5,10.2,,0.0,0.0,,5,61,11,11,0.03,0.00,0.00,0.0,0,0.000,0.000,0.000,0.000,,,0.0,20.1,20.2,15.6,7.7,14.5,26.4,13.2,13.5,5.7,20.6,17.6,11.6,24.4,74.0
"Beer, blonde ale, alc. 6-7 % by vol.",1913,52,0.4,0.3,3.4,0.0,0.0,5.2,0.0,0.00,0.00,0.00,,0.00,0.00,0.00,0.03,0.29,0.20,0.04,0.01,1.2,11.6,,0.0,0.0,,3,50,9,8,0.00,0.00,0.00,0.0,0,0.000,0.000,0.000,0.000,,,0.0,15.0,28.7,12.9,6.5,11.9,20.3,10.8,10.1,5.1,20.1,10.6,9.5,16.0,63.0
"Beer, wheat, German weissbier style, alc. 4-6 % by vol.",1914,43,0.5,0.4,3.4,0.0,0.0,3.9,0.0,0.00,0.00,0.00,,0.00,0.00,0.00,0.03,0.23,0.13,0.03,0.05,1.2,10.9,,0.0,0.0,,1,52,4,9,0.07,0.01,0.05,0.0,0,0.000,0.000,0.000,0.000,,,0.0,18.7,22.9,16.0,8.0,14.5,25.2,13.4,13.4,6.3,19.1,16.3,11.9,24.3,77.9
"Beer, wheat, Belgian witbier style, alc. 5-6 % by vol.",1915,44,0.4,0.4,3.3,0.0,0.0,4.2,0.0,0.00,0.00,0.00,,0.00,0.00,0.00,0.03,0.25,0.16,0.04,0.02,1.3,9.2,,0.0,0.0,,3,49,5,8,0.08,0.00,0.00,0.0,0,0.000,0.000,0.000,0.000,,,0.0,16.3,16.7,14.0,7.0,12.5,22.1,11.7,11.3,5.5,21.9,16.3,10.4,20.8,61.2
"Imperial stout, alc. 8% vol.",1916,68,0.5,0.4,5.6,0.0,0.0,6.3,0.0,0.00,0.00,0.00,,0.00,0.00,0.00,0.04,0.54,0.44,0.03,0.01,1.8,12.5,,0.0,0.0,,4,77,9,11,0.00,0.00,0.00,0.0,0,0.000,0.000,0.000,0.000,,,0.0,22.3,20.6,15.0,8.6,15.0,29.2,14.6,15.2,6.3,22.0,13.5,12.9,25.9,94.9
"Beer, Danish Christmas, alc. 5-6 % vol.",1917,45,0.4,0.3,3.1,0.0,0.0,4.4,0.0,0.00,0.00,0.00,,0.00,0.00,0.00,0.03,0.24,0.16,0.03,0.00,1.0,10.6,,0.0,0.0,,4,47,6,7,0.04,0.00,0.00,0.3,0,0.000,0.000,0.000,0.000,,,0.0,16.3,29.4,13.7,6.2,12.0,21.3,10.6,9.8,4.6,22.5,10.5,9.4,14.4,63.8
"Dried ham, Serrano",1918,265,31.1,23.9,1.4,0.0,15.1,0.0,4.6,8.00,0.00,0.55,0.28,0.44,2.69,0.52,0.29,14.12,8.03,0.46,1.01,5.2,0.0,,0.6,0.0,,1850,580,16,33,0.96,0.08,2.30,0.3,0,4.283,5.744,1.545,0.000,0.000,1.545,97.0,1315.0,2295.0,2595.0,522.0,282.0,1245.0,934.5,1365.0,365.5,1460.0,1795.0,1095.0,1410.0,1230.0
"Dried ham, Black forest",1919,238,25.5,20.2,1.1,0.0,14.6,0.0,3.6,0.00,0.00,0.55,0.16,0.68,2.64,0.76,0.22,12.06,6.86,0.41,0.76,5.4,0.0,,0.5,0.0,,1450,490,5,29,0.79,0.07,2.15,0.8,0,4.071,5.154,0.901,0.000,0.000,0.901,77.6,1100.0,1925.0,2225.0,440.0,248.0,1080.0,836.5,1145.0,312.0,1220.0,1505.0,937.5,1195.0,988.5
"Pork, loin without rind, dry aged",1920,244,19.9,16.5,1.6,0.0,17.5,0.0,0.1,0.00,0.00,1.85,1.20,0.56,7.68,0.86,0.12,11.32,7.40,0.35,0.43,5.4,0.0,,0.3,0.9,,53,373,4,22,0.34,0.03,1.14,0.0,0,6.102,6.226,1.401,0.000,0.082,1.319,59.5,880.3,1532.5,1805.0,417.8,181.5,875.5,655.5,919.5,235.5,962.0,1277.5,789.0,1036.3,817.3
Chocolate ice cream,1921,207,4.2,2.7,26.3,1.9,9.0,0.0,0.1,77.26,38.45,0.28,,0.25,0.00,0.02,0.15,0.71,0.16,0.03,0.34,2.8,8.9,,0.2,0.0,,48,310,94,38,2.20,0.23,0.69,21.5,0.5,5.608,1.740,0.189,0.000,0.000,0.189,24.0,139.0,280.0,224.0,72.0,34.0,150.5,103.0,137.5,33.2,184.0,117.5,75.4,87.8,255.0
"Chocolate ice cream, sugar free",1922,92,3.7,2.6,12.2,1.4,4.2,0.0,0.1,0.00,0.00,0.16,,0.20,0.00,0.02,0.17,0.90,0.12,0.04,0.39,3.9,8.5,,0.1,0.0,,58,370,95,35,2.60,0.23,0.54,4.3,0.5,2.980,0.428,0.000,0.000,0.000,0.000,2.1,135.5,268.5,204.5,66.5,33.0,140.5,114.5,141.0,46.6,172.5,115.5,68.0,81.9,243.0
"Chocolate ice cream, vegan",1923,183,1.6,1.2,27.2,1.8,7.2,0.0,0.2,0.00,0.00,0.18,0.00,0.35,0.00,0.00,0.01,0.38,0.13,0.05,0.04,2.3,6.3,,0.0,0.0,,79,240,19,32,2.65,0.22,0.40,19.3,0.5,4.736,1.114,0.414,0.000,0.000,0.414,0.0,56.6,103.0,62.5,0.0,20.0,77.5,45.7,60.3,14.6,76.5,103.0,31.1,72.7,77.1
Strawberry ice cream,1924,186,2.8,2.3,25.0,1.4,8.1,0.0,0.1,51.12,36.10,0.12,,0.30,0.00,0.02,0.18,0.43,0.00,0.03,0.34,1.9,13.4,,0.3,4.9,,55,160,104,12,0.13,0.01,0.30,22.9,0,5.451,1.078,0.140,0.000,0.000,0.140,19.8,133.0,259.5,215.0,65.5,24.5,122.5,88.6,119.0,26.0,161.0,89.3,70.2,53.4,247.5
Caramel ice cream,1925,194,2.9,2.2,27.5,1.4,7.8,0.0,0.3,43.58,39.45,0.12,,0.30,0.00,0.03,0.20,0.40,0.00,0.03,0.38,2.1,9.8,,0.3,0.7,,120,150,110,12,0.11,0.02,0.29,23.9,0,5.421,0.992,0.143,0.000,0.000,0.143,17.7,127.5,252.0,205.5,56.0,26.0,116.0,82.8,119.5,24.1,152.5,83.2,65.3,50.8,239.0
Nougat ice cream,1926,203,3.2,2.6,24.7,1.4,9.9,0.0,0.1,66.53,31.05,0.12,,0.39,0.00,0.03,0.21,0.59,0.12,0.04,0.46,2.9,7.7,,0.2,0.0,,59,170,110,12,0.03,0.02,0.33,23.0,0,5.846,2.014,0.213,0.112,0.000,0.213,22.7,143.0,277.0,243.0,64.0,28.5,132.5,97.3,136.0,28.5,171.0,103.5,74.4,61.4,280.0
"Sorbet, raspberry",1927,116,0.0,0.2,29.0,0.0,0.0,0.0,0.0,0.00,0.00,0.00,,0.30,1.13,0.00,0.01,0.21,0.21,0.02,0.13,2.3,12.3,,0.0,5.9,,9,83,12,8,0.30,0.03,0.11,23.4,0,0.000,0.000,0.000,0.000,,,0.0,0.0,21.6,21.4,0.0,0.0,0.0,0.0,15.2,0.0,8.0,16.7,0.0,20.8,0.0
Stracciatella ice cream,1928,206,3.4,2.8,23.6,1.4,10.6,0.0,0.1,46.49,37.15,0.29,,0.22,0.00,0.03,0.18,0.64,0.10,0.04,0.44,3.1,7.0,,0.2,0.5,,47,205,100,25,1.05,0.09,0.47,24.5,0.4,7.198,1.558,0.217,0.000,0.000,0.217,19.7,153.0,298.5,248.5,73.0,27.0,146.0,109.0,146.5,32.1,186.0,113.5,80.4,68.0,282.5
"Vanilla ice cream, <50% cream",1929,190,2.9,2.4,21.9,0.5,10.0,0.0,0.1,121.48,242.00,0.00,0.00,0.38,0.00,0.02,0.22,0.44,0.00,0.04,0.40,2.6,10.4,,0.3,0.0,,39,150,110,11,0.06,0.01,0.29,19.3,0,5.819,1.685,0.186,0.106,0.000,0.186,32.9,135.5,262.0,228.0,66.5,27.1,124.5,94.9,127.5,26.4,166.0,86.5,71.8,54.1,254.0
"Vanilla ice cream, >50% cream",1930,209,4.1,3.4,21.3,1.4,11.7,0.0,0.2,99.63,68.55,0.17,,0.39,0.91,0.03,0.23,0.65,0.00,0.04,0.47,2.3,10.8,,0.3,0.5,,63,170,135,13,0.03,0.01,0.43,18.3,0,6.823,2.012,0.222,0.158,0.000,0.222,42.9,195.0,374.5,315.5,95.5,31.0,185.5,141.0,168.5,38.8,242.0,105.5,106.5,76.6,344.0
"Vanilla ice cream, without cream",1931,180,2.2,1.8,23.9,1.4,8.1,0.0,0.1,35.75,214.50,0.00,,0.31,0.00,0.01,0.16,0.36,0.00,0.03,0.36,2.1,6.7,,0.3,0.0,,59,140,88,10,0.04,0.01,0.17,20.6,0,6.695,0.479,0.051,0.000,0.000,0.051,5.1,101.5,201.5,173.0,47.5,24.0,83.9,62.6,98.2,21.6,120.0,64.2,47.5,39.4,185.5
"Vanilla ice cream, vegan",1932,149,0.7,0.6,24.8,1.4,4.9,0.0,0.2,4.67,28.00,0.00,,0.18,0.00,0.00,0.00,0.00,0.00,0.00,0.02,0.0,0.0,,0.0,0.0,,88,37,10,6,0.13,0.03,0.08,20.5,0,3.595,0.431,0.289,0.000,0.000,0.289,0.0,0.0,55.2,43.3,0.0,13.0,37.3,0.0,29.5,0.0,34.8,54.1,10.2,33.3,38.0
Lemonade popsickle,1933,81,0.0,0.0,20.3,0.0,0.0,0.0,0.0,30.08,180.50,0.00,,0.39,0.00,0.00,0.02,0.00,0.00,0.00,0.01,0.0,0.0,,0.0,1.5,,10,21,4,2,0.02,0.01,0.01,18.6,0,0.000,0.000,0.000,0.000,,,0.0,0.0,0.0,0.0,0.0,0.0,0.0,0.0,0.0,0.0,0.0,0.0,0.0,0.0,0.0
Lemonade popsickle with coating,1934,99,0.0,0.1,23.1,0.0,0.7,0.0,0.0,0.00,0.00,0.16,,0.00,0.00,0.00,0.02,0.00,0.00,0.00,0.04,0.0,0.0,,0.0,0.0,,10,38,10,4,0.24,0.07,0.05,18.2,0.1,0.407,0.235,0.026,0.000,,,0.0,0.0,19.7,15.1,0.0,0.0,0.0,0.0,12.4,0.0,0.0,0.0,0.0,0.0,0.0
"Stick ice cream, vanilla with chocolate coating",1935,286,3.6,2.8,30.4,1.4,16.4,0.0,0.1,57.20,126.00,0.36,,0.39,1.35,0.03,0.21,0.72,0.14,0.06,0.41,3.9,7.8,,0.3,0.0,,50,220,99,30,1.90,0.15,0.52,25.5,1.3,11.053,2.776,0.384,0.000,0.000,0.384,13.6,151.5,299.5,250.5,70.5,30.0,144.5,100.7,153.0,35.0,185.0,110.5,76.3,71.8,267.0
"Stick ice cream, vanilla with chocolate and almond coating",1936,327,4.4,3.6,33.6,1.1,19.2,0.0,0.1,44.79,102.55,0.32,0.00,1.19,1.58,0.03,0.30,0.85,0.25,0.06,0.44,5.4,10.3,,0.4,0.0,,48,235,120,31,0.88,0.12,0.49,26.0,0.7,12.406,3.869,0.708,0.000,0.000,0.708,12.6,199.5,374.5,285.5,87.5,46.0,202.0,128.0,169.5,36.1,232.0,191.5,107.0,125.5,330.5
"Stick ice cream, vanilla with lemonade coating",1937,126,1.5,1.3,19.6,1.4,4.3,0.0,0.1,47.18,52.35,0.07,,0.15,0.00,0.02,0.36,0.41,0.16,0.02,0.25,1.4,5.6,,0.2,0.8,,36,130,70,9,0.02,0.01,0.15,18.6,0,2.629,0.740,0.000,0.000,0.000,0.000,13.5,79.2,146.5,125.5,36.0,20.0,63.9,49.5,66.9,15.0,87.9,39.0,36.8,29.6,121.5
"Stick ice cream, vanilla with blackcurrant and chocolate coating",1938,285,3.5,2.7,32.9,1.4,15.2,0.0,0.1,60.15,52.80,0.34,,0.42,2.02,0.03,0.18,0.52,0.00,0.02,0.37,2.6,9.0,,0.3,2.2,,39,240,95,32,2.15,0.17,0.53,27.2,0.8,9.123,3.064,0.413,0.000,0.000,0.413,18.5,149.5,285.5,246.5,66.0,39.0,144.5,91.3,143.0,31.1,185.5,114.5,74.6,79.2,264.0
"Ice cream bar, waffle vanilla ice cream with strawberry sauce and chocolate coating",1939,251,2.9,2.3,29.7,1.2,13.1,0.0,0.1,47.87,21.40,0.00,0.00,0.26,0.43,0.03,0.14,0.45,0.00,0.10,0.39,2.6,7.9,,0.3,6.5,,54,180,90,21,0.73,0.07,0.44,19.9,5.1,9.442,1.341,0.282,0.000,0.000,0.282,16.1,122.0,237.0,172.0,50.8,26.5,122.5,78.3,117.5,27.0,147.5,91.5,63.9,69.3,251.0
"Waffle ice cream cone, vanilla with chocolate coating and nuts",1940,287,3.4,2.5,35.4,1.2,14.4,0.0,0.2,2.44,14.65,0.15,0.00,0.88,0.00,0.03,0.12,0.59,0.13,0.04,0.29,2.6,9.2,,0.1,0.0,,62,170,60,22,0.69,0.10,0.35,21.3,7.3,9.507,2.515,0.757,0.000,0.000,0.757,7.6,124.5,247.5,152.0,31.5,22.0,139.5,71.9,119.0,27.5,154.5,114.0,68.5,90.6,270.5
"Chicken mayonnaise salad, light",1941,155,5.8,4.5,3.6,0.6,13.0,0.0,1.8,,0.00,0.32,0.12,2.84,12.80,0.03,0.06,3.37,2.16,0.04,0.34,5.0,5.5,,0.2,0.7,,705,140,12,8,0.00,0.04,0.39,0.0,2,0.920,7.102,3.206,0.000,0.920,2.286,29.3,241.5,424.0,487.5,111.0,57.5,243.5,179.5,257.5,72.3,265.0,346.0,201.5,237.5,207.5
Chicken mayonnaise salad,1942,224,6.5,5.1,2.8,0.6,20.6,0.0,1.7,,0.00,0.06,0.06,4.51,24.15,0.02,0.07,3.22,1.88,0.03,0.37,5.1,2.6,,0.2,0.5,,660,140,11,8,0.00,0.05,0.56,0.5,1.1,1.274,10.984,5.041,0.000,1.489,3.552,29.4,275.0,484.5,531.0,142.5,60.5,265.0,201.5,295.5,81.0,296.0,385.5,194.0,322.5,246.5
"Ham mayonnaise salad, light",1943,215,7.6,6.2,4.4,0.6,18.5,0.0,1.8,1.98,11.90,0.39,0.17,3.04,15.90,0.17,0.10,3.28,1.83,0.08,0.33,3.7,8.0,,0.3,5.5,,720,170,21,11,0.80,0.05,0.91,1.3,1.35,2.722,9.320,3.697,0.000,0.981,2.716,46.3,314.5,584.0,619.5,141.0,66.5,316.5,236.5,326.0,87.0,377.5,501.0,246.0,511.5,367.0
Ham mayonnaise salad,1944,286,7.4,6.0,3.5,0.6,26.8,0.0,1.7,,0.00,0.33,0.14,5.53,28.05,0.18,0.08,3.53,2.19,0.08,0.27,3.2,7.4,,0.2,1.8,,680,160,16,10,0.59,0.04,0.78,1.0,1.35,2.669,14.515,6.116,0.000,1.795,4.321,39.3,310.5,564.0,712.5,150.0,79.0,303.5,234.0,302.5,80.1,364.0,462.5,254.5,410.5,303.5
Tuna mayonnaise salad,1945,221,8.5,6.9,4.3,0.6,18.8,0.0,1.1,11.33,68.00,0.55,0.55,4.76,25.40,0.02,0.05,6.60,4.95,0.12,0.12,3.5,12.3,,1.4,0.0,,440,155,21,18,0.29,0.04,0.46,1.6,1.3,1.199,10.604,4.849,0.000,1.493,3.356,34.0,389.5,654.5,711.0,193.0,74.0,349.5,276.0,388.5,99.6,440.5,483.5,576.5,367.0,271.0
Italian mayonnaise salad,1946,206,1.8,1.3,4.4,2.7,19.5,0.0,1.1,167.22,1003.33,,0.00,4.73,27.15,0.04,0.02,0.70,0.44,0.03,0.10,2.4,5.1,,0.1,0.0,,425,89,27,9,0.59,0.06,0.42,2.2,0.9,1.157,10.844,4.951,0.000,1.495,3.456,12.0,63.4,112.0,111.5,0.0,19.0,68.1,47.5,79.4,15.9,82.8,140.5,34.9,62.6,58.7
Egg mayonnaise salad,1947,242,6.5,5.7,3.4,0.0,22.5,0.0,1.3,30.27,6.10,0.26,0.26,5.39,25.80,0.02,0.20,1.56,0.00,0.03,0.54,13.8,13.6,,0.4,0.0,,520,105,29,8,0.78,0.03,0.48,0.8,0.95,1.925,12.367,5.526,0.000,1.623,3.902,148.5,334.0,578.0,478.5,187.5,140.0,355.0,261.0,318.5,93.4,444.5,393.0,155.5,239.5,246.5
Chicken and bacon mayonnaise salad,1948,284,6.3,5.0,4.0,0.6,26.9,0.0,1.8,,0.00,0.29,0.10,4.98,27.85,0.05,0.06,4.04,2.75,0.05,0.46,4.1,2.5,,0.2,0.7,,715,170,10,9,0.00,0.05,0.46,0.6,0,2.269,14.571,6.427,0.000,1.904,4.524,36.4,273.5,480.5,596.5,117.5,60.5,259.0,199.0,279.5,77.5,293.5,383.0,191.0,299.0,255.5
Horseradish cream salad,1949,273,2.7,2.0,15.1,3.3,21.7,0.0,0.3,1.50,8.97,,0.00,3.42,14.25,0.02,0.07,0.48,0.00,0.06,0.26,2.6,18.2,,0.1,2.7,,125,200,79,15,0.00,0.03,0.40,12.8,2.05,8.376,7.099,3.155,0.000,0.957,2.198,14.0,96.3,189.5,169.5,43.5,22.0,100.3,92.2,87.3,28.9,127.0,203.0,61.3,55.9,200.0
Curry mayonnaise salad,1950,225,1.0,0.8,9.6,0.9,20.2,0.0,0.8,1.75,10.50,0.10,0.00,4.26,26.95,0.00,0.01,0.09,0.00,0.01,0.09,1.4,2.6,,0.1,0.0,,305,76,18,6,0.00,0.03,0.17,5.6,2.25,1.185,11.182,5.014,0.000,1.567,3.447,16.7,42.3,76.9,44.5,0.0,14.0,48.4,34.6,35.1,5.2,52.0,58.1,22.7,38.6,70.6
Shellfish mayonnaise salad,1951,383,4.5,3.7,4.4,0.6,38.4,0.0,1.1,49.10,0.00,0.20,,9.33,42.60,0.00,0.03,0.85,0.00,0.01,0.13,3.3,2.6,,0.6,0.0,,425,56,25,6,0.00,0.06,0.26,1.6,1.25,2.570,21.403,9.495,0.000,2.885,6.611,46.8,206.0,366.0,413.5,112.5,52.0,177.0,164.5,200.5,51.0,218.5,307.5,98.2,185.0,150.5
"Salad dressing, thousand island",1952,269,1.0,0.6,13.4,0.8,23.3,0.0,1.5,18.67,88.00,0.05,0.03,6.15,33.05,0.02,0.03,0.29,0.29,0.02,0.07,2.9,5.6,,,0.0,,590,145,24,9,0.45,0.04,0.14,11.0,0.85,1.510,13.549,5.747,0.000,1.608,4.140,,0.0,46.1,42.2,0.0,12.0,0.0,0.0,31.9,0.0,31.6,38.2,0.0,26.2,27.6
"Salad dressing, sour creme",1953,266,1.3,1.0,8.1,0.5,25.2,0.0,1.6,29.78,22.70,0.14,0.08,4.62,31.40,0.00,0.05,0.26,0.00,0.01,0.12,1.5,5.8,,,0.0,,645,74,51,5,0.22,0.01,0.16,5.2,1.3,2.768,13.662,5.812,0.000,1.658,4.155,,58.4,112.0,101.3,0.0,16.4,55.0,48.8,56.1,15.4,73.9,60.0,31.6,31.9,84.5
"Salad dressing, garlic",1954,252,1.4,1.0,10.3,0.3,22.8,0.0,1.5,5.60,0.00,0.07,0.04,5.39,27.75,0.02,0.04,0.25,0.00,0.02,0.10,1.6,5.7,,,0.0,,585,80,38,5,0.21,0.01,0.16,7.4,1.4,1.575,13.090,5.593,0.000,1.575,4.019,,54.1,102.0,104.5,0.0,19.1,56.7,49.1,52.7,15.1,70.1,94.0,29.8,31.1,70.1
"Fastfood dressing, burger",1955,309,1.1,0.7,15.5,0.2,26.9,0.0,1.4,12.80,52.80,0.05,0.03,7.88,31.05,0.02,1.06,0.22,0.22,0.02,0.07,3.3,6.0,,,0.0,,575,125,23,8,0.47,0.03,0.17,11.3,1.3,1.875,14.126,7.751,0.000,1.641,6.110,,0.0,57.0,48.6,0.0,13.4,35.2,25.3,35.7,0.0,40.2,51.8,21.6,31.7,30.8
"Pesto, peper",1956,320,3.9,3.0,7.4,2.5,30.1,0.0,2.6,94.10,471.00,0.02,0.01,17.50,13.25,0.04,0.11,1.59,0.84,0.09,0.08,3.9,28.3,,,42.2,,1050,210,86,23,0.83,0.14,0.50,4.2,2.45,3.579,11.811,11.535,0.000,0.123,11.412,,150.5,304.5,244.0,58.5,37.0,155.5,137.0,134.5,45.4,199.0,164.0,89.5,93.9,242.0
Aioli,1957,614,1.4,1.0,5.3,0.3,65.2,0.0,1.3,23.58,45.45,0.20,0.11,16.20,94.75,0.00,0.03,0.27,0.00,0.03,0.14,2.6,0.0,,,0.0,,505,45,16,3,0.28,0.01,0.18,1.3,0,4.969,33.949,19.348,0.172,4.349,14.999,,54.1,98.6,87.6,27.3,24.0,52.1,52.5,61.1,16.0,67.7,106.5,30.1,35.5,60.1
Pesto alla genovese,1958,405,4.0,3.6,6.8,2.5,39.6,0.0,2.5,152.17,817.00,0.03,0.02,17.20,113.00,0.06,0.15,1.76,0.82,0.05,0.18,1.9,36.0,,,47.7,,1000,255,145,47,1.00,0.39,0.84,3.3,1.8,4.706,16.662,11.991,0.000,0.132,11.860,,182.0,354.0,275.0,68.0,39.5,201.0,167.5,172.5,56.1,245.0,273.0,103.5,143.0,279.0
"Pesto, tomato (Pesto rosso)",1959,372,3.8,2.9,4.5,2.7,37.0,0.0,2.5,76.98,390.50,0.02,0.01,20.15,20.35,0.06,0.13,2.04,1.48,0.05,0.08,6.8,12.5,,,2.7,,980,465,86,39,1.50,0.25,0.66,5.3,1.6,4.243,13.371,13.891,0.000,0.000,13.891,,123.0,231.0,190.0,51.0,35.0,146.5,115.0,117.0,33.9,168.0,163.0,80.3,100.2,201.0
"Salad dressing, Cæsar",1961,296,2.8,2.3,8.5,0.5,27.7,0.0,1.9,12.00,0.00,0.07,0.04,4.98,33.25,0.00,0.05,0.75,0.19,0.02,0.13,3.9,6.7,,,0.0,,745,70,77,9,0.39,0.05,0.43,2.4,1.4,2.182,14.346,6.386,0.000,1.904,4.482,,125.5,238.5,202.0,51.0,27.5,128.5,123.5,111.5,33.9,162.5,136.5,74.8,73.6,206.0
"Salad dressing, Italian",1962,103,0.0,0.1,10.3,0.6,6.7,0.0,2.3,12.96,77.75,0.00,0.00,1.81,6.50,0.00,0.00,0.00,0.00,0.00,0.00,0.0,0.0,,,0.0,,935,81,12,4,0.12,0.01,0.00,10.2,6.25,0.289,3.872,1.738,0.000,0.524,1.214,,0.0,0.0,0.0,0.0,0.0,0.0,0.0,6.6,0.0,0.0,19.0,0.0,0.0,0.0
"Salad dressing, Honey/Mustard",1963,423,1.0,0.8,15.4,0.4,39.6,0.0,1.3,0.00,0.00,0.00,0.00,8.92,71.10,0.00,0.02,0.00,0.00,0.00,0.00,3.4,0.0,,,0.0,,525,51,20,10,0.31,0.02,0.17,11.6,1.95,2.488,22.068,10.073,0.101,3.130,6.943,,38.3,69.6,58.6,0.0,19.5,45.1,32.2,43.4,0.0,54.1,69.8,26.9,50.8,52.1
Mayonnaise,1964,715,0.8,0.6,0.0,0.0,79.1,0.0,0.8,6.67,0.00,0.20,0.16,17.05,62.31,0.00,0.02,0.08,0.00,0.00,0.20,2.0,0.0,,0.3,0.0,,310,23,15,1,0.22,0.01,0.15,0.3,0,5.385,47.690,18.010,0.140,5.205,12.805,41.0,38.6,66.0,52.4,0.0,22.0,36.3,32.6,40.0,5.0,46.9,49.4,10.3,25.0,29.0
"Mayonnaise, low fat",1965,307,0.5,0.3,6.5,0.0,31.0,0.0,1.2,6.45,22.90,0.03,0.02,6.72,30.89,0.00,0.01,0.00,0.00,0.00,0.10,1.3,0.0,,0.1,0.0,,485,39,16,2,0.15,0.01,0.10,2.3,1.959,2.185,16.805,8.225,0.000,2.075,6.150,26.6,0.0,42.8,36.4,0.0,9.5,0.0,0.0,24.4,0.0,32.3,31.3,0.0,0.0,10.7
"Mayonnaise, chili",1966,442,0.8,0.6,8.9,0.3,44.7,0.0,1.9,34.97,194.00,0.03,0.02,10.23,48.29,0.00,0.03,0.00,0.00,0.03,0.13,2.8,0.0,,0.1,0.0,,740,69,12,5,0.31,0.02,0.14,5.9,0.879,3.090,23.955,11.255,0.110,3.090,8.165,26.1,0.0,57.8,50.9,0.0,23.5,33.0,26.8,34.6,0.0,41.5,51.6,0.0,27.1,29.6
"Mayonnaise, vegan",1967,595,0.4,0.2,5.5,0.0,63.5,0.0,1.3,0.00,0.00,0.00,0.00,15.60,66.58,0.00,0.00,0.00,0.00,0.00,0.11,0.0,2.7,,0.2,0.0,,510,31,43,3,0.11,0.01,0.07,2.3,1.097,3.955,36.090,15.145,0.110,4.535,10.610,1.9,0.0,26.8,23.3,0.0,7.0,0.0,0.0,16.2,0.0,18.3,26.6,0.0,0.0,0.0
Remoulade,1968,299,0.8,0.5,14.7,1.2,26.1,0.0,0.5,7.26,31.75,0.03,0.01,6.41,42.12,0.02,0.02,0.00,0.00,0.02,0.09,2.1,5.2,,0.1,0.0,,205,92,26,7,0.28,0.02,0.13,12.2,1.4015,1.610,14.465,6.230,0.000,1.870,4.360,12.0,0.0,52.1,44.3,0.0,12.5,0.0,24.3,33.1,0.0,40.8,56.6,0.0,33.2,40.4
"Remoulade, fatreduced",1969,226,0.9,0.6,17.7,1.2,16.6,0.0,0.6,1.33,0.00,0.02,0.01,4.17,31.09,0.02,0.02,0.00,0.00,0.01,0.08,2.1,5.1,,0.1,0.0,,240,95,33,8,0.26,0.02,0.14,14.2,1.7495,0.940,9.015,3.985,0.000,1.195,2.790,9.0,0.0,56.1,45.7,0.0,10.0,17.0,24.4,36.0,0.0,41.4,59.5,10.4,32.9,44.8
"Pizza with ham and pineapple, fast food",1970,257,11.2,9.4,30.8,2.0,9.4,0.0,1.5,47.08,79.65,0.08,0.08,0.91,12.28,0.11,0.08,2.99,0.87,0.04,0.21,3.5,17.1,,0.3,3.0,,600,170,150,21,0.73,0.09,1.20,4.2,18.91,3.603,2.767,1.672,0.000,0.185,1.487,27.2,428.5,841.0,719.0,221.0,140.5,505.5,389.0,373.5,127.0,551.0,462.0,285.5,469.5,1030.0
"Pizza with kebab, salad and dressing, fast food",1971,253,10.9,9.4,22.2,1.7,13.0,0.0,1.3,36.53,84.80,0.00,0.00,1.21,21.14,0.06,0.09,3.02,0.92,0.05,0.23,3.8,15.5,,0.5,0.7,,500,195,130,21,0.94,0.08,1.50,2.6,11.305125,4.413,4.957,1.996,0.000,0.372,1.624,31.1,473.0,873.0,704.5,152.0,90.5,506.5,385.5,393.0,126.0,548.0,527.5,296.5,469.0,966.0
"Spring roll with vegetables, deepfried, fast food",1972,264,4.5,3.7,30.5,2.9,13.1,0.0,1.2,50.50,303.00,0.00,0.00,1.65,53.45,0.03,0.02,1.02,0.26,0.28,0.14,1.7,8.3,,0.0,0.0,,485,130,46,14,0.53,0.06,0.25,2.7,19.44025,1.315,4.050,4.480,0.000,0.660,3.820,0.0,142.5,278.5,95.7,59.5,78.0,195.0,124.0,117.0,45.7,187.5,170.5,89.3,148.5,432.0
"Rice, boiled",1973,171,3.5,2.9,37.9,0.8,0.4,0.0,0.0,0.00,0.00,0.00,0.00,0.00,0.00,0.00,0.00,0.87,0.11,0.02,0.08,0.0,5.8,,0.0,0.0,,2,26,8,5,0.08,0.07,0.71,0.0,28.4845,0.000,0.000,0.000,0.000,0.000,0.000,0.0,141.5,287.0,124.0,68.5,68.0,190.5,156.0,115.5,52.1,207.5,283.0,80.8,149.0,129.5
"Shawarma kebab meat, takeaway",1974,271,24.1,19.8,3.8,2.0,17.3,0.0,2.1,11.18,67.05,0.73,0.09,0.53,20.79,0.05,0.20,9.10,4.96,0.12,0.55,7.2,12.6,,1.5,0.0,,820,470,50,31,2.95,0.08,4.70,1.0,1.800125,5.535,5.625,1.175,0.135,0.110,1.065,76.3,1015.0,1815.0,1910.0,359.5,197.5,973.0,715.0,1010.0,248.5,1105.0,1470.0,738.0,1415.0,1150.0
"Sushi, takeaway",1975,179,6.6,5.0,23.2,1.1,6.4,0.0,1.0,8.63,51.75,0.78,0.78,0.47,27.14,0.04,0.04,2.35,1.06,0.13,0.26,2.1,10.1,,1.1,0.7,,390,155,47,16,0.27,0.09,0.53,3.4,12.238625,0.915,2.630,1.350,0.000,0.215,1.135,15.4,263.0,491.0,435.5,128.5,68.5,279.5,205.5,262.0,77.3,329.0,413.0,148.5,282.5,251.5
"Wakame seaweed salad with sesame seeds, takeaway",1976,82,1.4,1.0,11.8,4.0,2.3,0.0,2.4,5.68,34.05,0.03,0.00,0.27,20.78,0.00,0.00,0.05,0.05,0.02,0.01,1.4,0.0,,0.2,0.0,,940,26,56,17,0.59,0.05,0.20,9.5,0,0.233,0.700,0.996,0.000,0.000,0.996,0.0,0.0,56.5,35.1,0.0,12.3,36.0,13.4,34.9,0.0,43.5,72.2,0.0,42.4,27.8
"Butter chicken, takeaway",1977,191,11.3,9.3,6.2,0.9,13.2,0.0,1.2,60.38,101.00,0.34,0.12,1.89,24.89,0.05,0.14,6.21,3.87,0.09,0.59,6.2,13.2,,0.2,0.5,,470,300,39,27,1.00,0.10,0.61,4.9,0.25825,5.555,2.690,1.520,0.000,0.195,1.325,47.0,528.5,890.0,983.0,212.5,123.0,492.0,365.5,498.0,140.5,569.0,710.5,357.0,464.5,431.5
"Salad with chicken, takeaway",1978,86,10.0,8.2,2.6,1.1,3.7,0.0,0.7,36.17,217.00,0.22,0.07,1.18,36.82,0.06,0.07,5.57,3.62,0.12,0.62,4.3,23.2,,0.2,3.4,,280,300,34,21,0.51,0.06,0.48,0.6,0.325,0.680,0.980,0.740,0.000,0.000,0.740,27.9,465.0,795.5,881.0,185.0,94.8,445.5,338.0,443.5,117.0,512.0,616.0,318.5,420.0,408.5
"Pad Thai with shrimp, takeaway",1979,168,5.7,4.5,23.5,1.0,5.5,0.0,1.1,23.17,139.00,0.07,0.07,1.04,12.84,0.02,0.05,1.65,0.65,0.03,0.19,6.4,11.2,,0.2,0.6,,450,97,33,16,0.54,0.08,0.51,6.3,11.802375,0.650,1.730,1.500,0.000,0.235,1.265,45.8,223.5,408.0,346.5,107.5,87.0,250.5,192.5,198.5,59.9,276.5,397.0,116.5,255.5,218.5
"Red curry chicken, takeaway",1980,136,8.7,7.3,6.5,0.8,8.2,0.0,1.6,46.92,281.50,0.25,0.09,1.12,17.26,0.06,0.05,4.70,3.12,0.14,0.47,4.0,13.4,,0.1,6.4,,655,225,15,21,0.58,0.08,0.38,4.6,0.35,3.930,1.325,1.125,0.000,0.180,0.945,24.7,366.0,627.5,698.0,156.0,94.5,428.5,261.0,355.0,94.9,411.5,563.0,277.0,356.0,289.5
"Stir fried beef, takeaway",1981,124,8.9,7.6,5.7,1.5,7.0,0.0,1.4,37.67,226.00,0.00,0.00,0.86,41.41,0.05,0.09,3.66,1.88,0.17,0.30,3.9,28.7,,0.6,6.4,,550,250,17,19,1.35,0.09,1.65,4.0,0.7375,1.095,2.285,2.040,0.000,0.285,1.755,17.3,389.0,690.5,744.0,145.5,76.0,407.0,279.0,389.5,107.0,437.0,577.0,297.5,443.5,341.0
"Energy drink, sugar added",2384,40,0.2,0.0,9.6,0.0,0.0,0.0,0.1,0.00,0.00,0.00,,0.00,0.00,0.00,0.00,7.56,7.56,1.13,1.82,6.1,0.0,,1.6,0.0,,27,3,4,5,0.00,0.00,0.00,9.9,0,0.000,0.000,0.000,0.000,,,0.0,0.0,0.0,0.0,0.0,0.0,0.0,0.0,0.0,0.0,0.0,0.0,0.0,0.0,0.0
"Energy drink, sugar free",2385,3,0.2,0.0,0.1,0.0,0.0,0.0,0.1,0.00,0.00,0.00,,0.00,0.00,0.00,0.00,7.35,7.35,0.86,1.68,3.4,0.0,,1.8,20.7,,43,5,7,4,0.01,0.00,0.00,0.0,0,0.000,0.000,0.000,0.000,,,0.0,0.0,0.0,0.0,0.0,0.0,0.0,0.0,0.0,0.0,0.0,0.0,0.0,0.0,0.0
"Energy drink, with sugar and artificial sweetener",2386,24,0.3,0.0,5.1,0.0,0.0,0.0,0.2,0.00,0.00,0.00,,0.00,0.00,0.00,0.75,7.94,7.94,0.42,,,0.0,,3.4,0.0,,76,3,0,0,0.00,0.00,0.00,5.8,0,0.000,0.000,0.000,0.000,,,0.0,0.0,0.0,0.0,0.0,0.0,0.0,0.0,0.0,0.0,0.0,0.0,0.0,0.0,0.0
